0.040648160745124784, 0.040648160745124784, 0.040648160745124784, 9.369213712322114, 12.642411176571153, 12.642411176571153, 12.642411176571153, 12.642411176571153, 12.642411176571153, 12.642411176571153, 11.790469233222646, 11.669893025743056, 11.669893025743056, 11.669893025743056, 11.669893025743056, 0.058971571455483485, 0.028610215302748543, 0.028610215302748543, 0.028610215302748543, 0.028610215302748543, 0.028610215302748543, 0.028610215302748543, 0.028610215302748543, 0.028610215302748543, 9.174382770525112, 10.516891202593218, 10.516891202593218, 10.516891202593218, 10.465940602822915, 10.465940602822915, 12.179130550653902, 12.090325129288617, 12.642411176571153, 12.642411176571153, 12.642411176571153, 12.642411176571153, 12.642411176571153, 12.642411176571153, 12.642411176571153, 12.642411176571153, 12.642411176571153, 12.642411176571153, 12.642411176571153, 12.642411176571153, 12.642411176571153, 12.642411176571153, 12.642411176571153, 12.642411176571153, 12.642411176571153, 12.642411176571153, 12.642411176571153, 12.642411176571153, 12.642411176571153, 12.642411176571153, 12.642411176571153, 12.642411176571153, 12.642411176571153, 12.642411176571153, 12.642411176571153, 12.642411176571153, 12.642411176571153, 12.642411176571153, 12.642411176571153, 12.642411176571153, 12.642411176571153, 12.642411176571153, 12.642411176571153, 12.642411176571153, 12.642411176571153, 12.642411176571153, 12.642411176571153, 12.642411176571153, 12.642411176571153, 12.642411176571153, 12.642411176571153, 12.642411176571153, 12.642411176571153, 12.642411176571153, 12.642411176571153, 12.642411176571153, 12.642411176571153, 12.642411176571153, 12.642411176571153, 12.642411176571153, 12.642411176571153, 12.642411176571153, 12.642411176571153, 12.642411176571153, 12.642411176571153, 12.642411176571153, 12.642411176571153, 12.642411176571153, 12.642411176571153, 12.642411176571153, 12.642411176571153, 12.642411176571153, 12.642411176571153, 12.642411176571153, 12.642411176571153, 
0.04211052950082106, 0.037888604843779206, 0.037888604843779206, 9.462792015882975, 12.642411176571153, 12.642411176571153, 12.642411176571153, 12.642411176571153, 12.642411176571153, 12.642411176571153, 11.730493178747988, 11.704103725043252, 11.704103725043252, 11.704103725043252, 11.704103725043252, 0.07403777109915666, 0.04571405591872946, 0.03116701169619418, 0.03116701169619418, 0.03116701169619418, 0.03116701169619418, 0.03116701169619418, 0.03116701169619418, 0.023333714132458994, 8.765338428595536, 10.543021272248009, 10.543021272248009, 10.51605796228808, 10.51605796228808, 10.51605796228808, 12.109980113997109, 12.067025090106451, 12.642411176571153, 12.642411176571153, 12.642411176571153, 12.642411176571153, 12.642411176571153, 12.642411176571153, 12.642411176571153, 12.642411176571153, 12.642411176571153, 12.642411176571153, 12.642411176571153, 12.642411176571153, 12.642411176571153, 12.642411176571153, 12.642411176571153, 12.642411176571153, 12.642411176571153, 12.642411176571153, 12.642411176571153, 12.642411176571153, 12.642411176571153, 12.642411176571153, 12.642411176571153, 12.642411176571153, 12.642411176571153, 12.642411176571153, 12.642411176571153, 12.642411176571153, 12.642411176571153, 12.642411176571153, 12.642411176571153, 12.642411176571153, 12.642411176571153, 12.642411176571153, 12.642411176571153, 12.642411176571153, 12.642411176571153, 12.642411176571153, 12.642411176571153, 12.642411176571153, 12.642411176571153, 12.642411176571153, 12.642411176571153, 12.642411176571153, 12.642411176571153, 12.642411176571153, 12.642411176571153, 12.642411176571153, 12.642411176571153, 12.642411176571153, 12.642411176571153, 12.642411176571153, 12.642411176571153, 12.642411176571153, 12.642411176571153, 12.642411176571153, 12.642411176571153, 12.642411176571153, 12.642411176571153, 12.642411176571153, 12.642411176571153, 12.642411176571153, 12.642411176571153, 12.642411176571153, 12.642411176571153, 12.642411176571153, 12.642411176571153, 
0.07736441160636076, 0.035519620777630934, 0.035519620777630934, 9.515991273111545, 12.642411176571153, 12.642411176571153, 12.642411176571153, 12.642411176571153, 12.642411176571153, 12.642411176571153, 11.72504051462042, 11.673411391644485, 11.673411391644485, 11.673411391644485, 11.673411391644485, 0.046145405682999296, 0.046145405682999296, 0.02229912711968396, 0.02229912711968396, 0.02229912711968396, 0.02229912711968396, 0.02229912711968396, 0.02229912711968396, 0.02229912711968396, 8.930405091847678, 10.839693674568563, 10.71315494631872, 10.641380595671535, 10.517649443153974, 10.517649443153974, 12.07040546054829, 12.07040546054829, 12.642411176571153, 12.642411176571153, 12.642411176571153, 12.642411176571153, 12.642411176571153, 12.642411176571153, 12.642411176571153, 12.642411176571153, 12.642411176571153, 12.642411176571153, 12.642411176571153, 12.642411176571153, 12.642411176571153, 12.642411176571153, 12.642411176571153, 12.642411176571153, 12.642411176571153, 12.642411176571153, 12.642411176571153, 12.642411176571153, 12.642411176571153, 12.642411176571153, 12.642411176571153, 12.642411176571153, 12.642411176571153, 12.642411176571153, 12.642411176571153, 12.642411176571153, 12.642411176571153, 12.642411176571153, 12.642411176571153, 12.642411176571153, 12.642411176571153, 12.642411176571153, 12.642411176571153, 12.642411176571153, 12.642411176571153, 12.642411176571153, 12.642411176571153, 12.642411176571153, 12.642411176571153, 12.642411176571153, 12.642411176571153, 12.642411176571153, 12.642411176571153, 12.642411176571153, 12.642411176571153, 12.642411176571153, 12.642411176571153, 12.642411176571153, 12.642411176571153, 12.642411176571153, 12.642411176571153, 12.642411176571153, 12.642411176571153, 12.642411176571153, 12.642411176571153, 12.642411176571153, 12.642411176571153, 12.642411176571153, 12.642411176571153, 12.642411176571153, 12.642411176571153, 12.642411176571153, 12.642411176571153, 12.642411176571153, 12.642411176571153, 
0.031035215101820057, 0.031035215101820057, 0.031035215101820057, 9.435895155306099, 12.642411176571153, 12.642411176571153, 12.642411176571153, 12.642411176571153, 12.642411176571153, 12.642411176571153, 11.742836618923954, 11.714528854655686, 11.714528854655686, 11.694123197219977, 11.694123197219977, 0.08504480822578486, 0.029653458398019694, 0.029653458398019694, 0.029653458398019694, 0.029653458398019694, 0.029653458398019694, 0.029653458398019694, 0.029653458398019694, 0.029653458398019694, 9.10381805806245, 10.861700517604689, 10.76772609093467, 10.76772609093467, 10.72555601544767, 10.546220137499157, 12.123335854370637, 12.123335854370637, 12.642411176571153, 12.642411176571153, 12.642411176571153, 12.642411176571153, 12.642411176571153, 12.642411176571153, 12.642411176571153, 12.642411176571153, 12.642411176571153, 12.642411176571153, 12.642411176571153, 12.642411176571153, 12.642411176571153, 12.642411176571153, 12.642411176571153, 12.642411176571153, 12.642411176571153, 12.642411176571153, 12.642411176571153, 12.642411176571153, 12.642411176571153, 12.642411176571153, 12.642411176571153, 12.642411176571153, 12.642411176571153, 12.642411176571153, 12.642411176571153, 12.642411176571153, 12.642411176571153, 12.642411176571153, 12.642411176571153, 12.642411176571153, 12.642411176571153, 12.642411176571153, 12.642411176571153, 12.642411176571153, 12.642411176571153, 12.642411176571153, 12.642411176571153, 12.642411176571153, 12.642411176571153, 12.642411176571153, 12.642411176571153, 12.642411176571153, 12.642411176571153, 12.642411176571153, 12.642411176571153, 12.642411176571153, 12.642411176571153, 12.642411176571153, 12.642411176571153, 12.642411176571153, 12.642411176571153, 12.642411176571153, 12.642411176571153, 12.642411176571153, 12.642411176571153, 12.642411176571153, 12.642411176571153, 12.642411176571153, 12.642411176571153, 12.642411176571153, 12.642411176571153, 12.642411176571153, 12.642411176571153, 12.642411176571153, 12.642411176571153, 
0.037216806078387066, 0.037216806078387066, 0.037216806078387066, 9.441763619265233, 12.642411176571153, 12.642411176571153, 12.642411176571153, 12.642411176571153, 12.642411176571153, 12.642411176571153, 11.704495467466867, 11.704495467466867, 11.704495467466867, 11.704495467466867, 11.671672201572353, 0.076687785547076, 0.056895934489528344, 0.03754668963292218, 0.03754668963292218, 0.03754668963292218, 0.03754668963292218, 0.03754668963292218, 0.03754668963292218, 0.03754668963292218, 9.086765670213737, 10.564732483462315, 10.48356580810588, 10.48356580810588, 10.48356580810588, 10.48356580810588, 12.104962575388333, 12.104962575388333, 12.642411176571153, 12.642411176571153, 12.642411176571153, 12.642411176571153, 12.642411176571153, 12.642411176571153, 12.642411176571153, 12.642411176571153, 12.642411176571153, 12.642411176571153, 12.642411176571153, 12.642411176571153, 12.642411176571153, 12.642411176571153, 12.642411176571153, 12.642411176571153, 12.642411176571153, 12.642411176571153, 12.642411176571153, 12.642411176571153, 12.642411176571153, 12.642411176571153, 12.642411176571153, 12.642411176571153, 12.642411176571153, 12.642411176571153, 12.642411176571153, 12.642411176571153, 12.642411176571153, 12.642411176571153, 12.642411176571153, 12.642411176571153, 12.642411176571153, 12.642411176571153, 12.642411176571153, 12.642411176571153, 12.642411176571153, 12.642411176571153, 12.642411176571153, 12.642411176571153, 12.642411176571153, 12.642411176571153, 12.642411176571153, 12.642411176571153, 12.642411176571153, 12.642411176571153, 12.642411176571153, 12.642411176571153, 12.642411176571153, 12.642411176571153, 12.642411176571153, 12.642411176571153, 12.642411176571153, 12.642411176571153, 12.642411176571153, 12.642411176571153, 12.642411176571153, 12.642411176571153, 12.642411176571153, 12.642411176571153, 12.642411176571153, 12.642411176571153, 12.642411176571153, 12.642411176571153, 12.642411176571153, 12.642411176571153, 12.642411176571153, 
0.043834290309462176, 0.038166936150677344, 0.03514755649891654, 9.491016061842512, 12.642411176571153, 12.642411176571153, 12.642411176571153, 12.642411176571153, 12.642411176571153, 12.642411176571153, 11.669267010842562, 11.669267010842562, 11.669267010842562, 11.669267010842562, 11.669267010842562, 0.03961956890820417, 0.0380528998259706, 0.0380528998259706, 0.0380528998259706, 0.03668288892934868, 0.03558157288980013, 0.03558157288980013, 0.03558157288980013, 0.03558157288980013, 8.820416347514476, 10.858266646952313, 10.716975630374845, 10.702350446369712, 10.702350446369712, 10.536453466537298, 12.080024314452436, 12.080024314452436, 12.642411176571153, 12.642411176571153, 12.642411176571153, 12.642411176571153, 12.642411176571153, 12.642411176571153, 12.642411176571153, 12.642411176571153, 12.642411176571153, 12.642411176571153, 12.642411176571153, 12.642411176571153, 12.642411176571153, 12.642411176571153, 12.642411176571153, 12.642411176571153, 12.642411176571153, 12.642411176571153, 12.642411176571153, 12.642411176571153, 12.642411176571153, 12.642411176571153, 12.642411176571153, 12.642411176571153, 12.642411176571153, 12.642411176571153, 12.642411176571153, 12.642411176571153, 12.642411176571153, 12.642411176571153, 12.642411176571153, 12.642411176571153, 12.642411176571153, 12.642411176571153, 12.642411176571153, 12.642411176571153, 12.642411176571153, 12.642411176571153, 12.642411176571153, 12.642411176571153, 12.642411176571153, 12.642411176571153, 12.642411176571153, 12.642411176571153, 12.642411176571153, 12.642411176571153, 12.642411176571153, 12.642411176571153, 12.642411176571153, 12.642411176571153, 12.642411176571153, 12.642411176571153, 12.642411176571153, 12.642411176571153, 12.642411176571153, 12.642411176571153, 12.642411176571153, 12.642411176571153, 12.642411176571153, 12.642411176571153, 12.642411176571153, 12.642411176571153, 12.642411176571153, 12.642411176571153, 12.642411176571153, 12.642411176571153, 12.642411176571153, 
0.0638528817738262, 0.04693539461674945, 0.04693539461674945, 9.678398493641819, 12.642411176571153, 12.642411176571153, 12.642411176571153, 12.642411176571153, 12.642411176571153, 12.642411176571153, 11.714092702097043, 11.714092702097043, 11.701747636597311, 11.701747636597311, 11.660499121319889, 0.05017993091998463, 0.047369373599181586, 0.04666457468571039, 0.019263271352652822, 0.019263271352652822, 0.019263271352652822, 0.019263271352652822, 0.019263271352652822, 0.019263271352652822, 8.971219051411744, 10.629785507070338, 10.629785507070338, 10.629785507070338, 10.629785507070338, 10.629785507070338, 12.112330351028318, 12.101658399811727, 12.642411176571153, 12.642411176571153, 12.642411176571153, 12.642411176571153, 12.642411176571153, 12.642411176571153, 12.642411176571153, 12.642411176571153, 12.642411176571153, 12.642411176571153, 12.642411176571153, 12.642411176571153, 12.642411176571153, 12.642411176571153, 12.642411176571153, 12.642411176571153, 12.642411176571153, 12.642411176571153, 12.642411176571153, 12.642411176571153, 12.642411176571153, 12.642411176571153, 12.642411176571153, 12.642411176571153, 12.642411176571153, 12.642411176571153, 12.642411176571153, 12.642411176571153, 12.642411176571153, 12.642411176571153, 12.642411176571153, 12.642411176571153, 12.642411176571153, 12.642411176571153, 12.642411176571153, 12.642411176571153, 12.642411176571153, 12.642411176571153, 12.642411176571153, 12.642411176571153, 12.642411176571153, 12.642411176571153, 12.642411176571153, 12.642411176571153, 12.642411176571153, 12.642411176571153, 12.642411176571153, 12.642411176571153, 12.642411176571153, 12.642411176571153, 12.642411176571153, 12.642411176571153, 12.642411176571153, 12.642411176571153, 12.642411176571153, 12.642411176571153, 12.642411176571153, 12.642411176571153, 12.642411176571153, 12.642411176571153, 12.642411176571153, 12.642411176571153, 12.642411176571153, 12.642411176571153, 12.642411176571153, 12.642411176571153, 12.642411176571153, 
0.0492018211518257, 0.0492018211518257, 0.045632577265966034, 9.577592088289308, 12.642411176571153, 12.642411176571153, 12.642411176571153, 12.642411176571153, 12.642411176571153, 12.642411176571153, 11.759705904255814, 11.633493570422063, 11.633493570422063, 11.633493570422063, 11.633493570422063, 0.07468683285464905, 0.05569759411624631, 0.03407485482361139, 0.03407485482361139, 0.03407485482361139, 0.03407485482361139, 0.03407485482361139, 0.03407485482361139, 0.03407485482361139, 8.980408571125, 10.765788747424809, 10.765788747424809, 10.590803546496772, 10.590803546496772, 10.531635475534133, 12.122590188554222, 12.082340824721523, 12.642411176571153, 12.642411176571153, 12.642411176571153, 12.642411176571153, 12.642411176571153, 12.642411176571153, 12.642411176571153, 12.642411176571153, 12.642411176571153, 12.642411176571153, 12.642411176571153, 12.642411176571153, 12.642411176571153, 12.642411176571153, 12.642411176571153, 12.642411176571153, 12.642411176571153, 12.642411176571153, 12.642411176571153, 12.642411176571153, 12.642411176571153, 12.642411176571153, 12.642411176571153, 12.642411176571153, 12.642411176571153, 12.642411176571153, 12.642411176571153, 12.642411176571153, 12.642411176571153, 12.642411176571153, 12.642411176571153, 12.642411176571153, 12.642411176571153, 12.642411176571153, 12.642411176571153, 12.642411176571153, 12.642411176571153, 12.642411176571153, 12.642411176571153, 12.642411176571153, 12.642411176571153, 12.642411176571153, 12.642411176571153, 12.642411176571153, 12.642411176571153, 12.642411176571153, 12.642411176571153, 12.642411176571153, 12.642411176571153, 12.642411176571153, 12.642411176571153, 12.642411176571153, 12.642411176571153, 12.642411176571153, 12.642411176571153, 12.642411176571153, 12.642411176571153, 12.642411176571153, 12.642411176571153, 12.642411176571153, 12.642411176571153, 12.642411176571153, 12.642411176571153, 12.642411176571153, 12.642411176571153, 12.642411176571153, 12.642411176571153, 
0.06319077190154943, 0.06319077190154943, 0.06319077190154943, 9.554259374275896, 12.642411176571153, 12.642411176571153, 12.642411176571153, 12.642411176571153, 12.642411176571153, 12.642411176571153, 11.711011471391108, 11.711011471391108, 11.711011471391108, 11.706838216595191, 11.706838216595191, 0.025401899054187993, 0.025401899054187993, 0.025401899054187993, 0.025401899054187993, 0.025401899054187993, 0.025401899054187993, 0.025401899054187993, 0.025401899054187993, 0.025401899054187993, 9.094820432048573, 10.805983887640313, 10.717981307858642, 10.397616578803076, 10.397616578803076, 10.397616578803076, 12.165890511356105, 12.068410016276625, 12.642411176571153, 12.642411176571153, 12.642411176571153, 12.642411176571153, 12.642411176571153, 12.642411176571153, 12.642411176571153, 12.642411176571153, 12.642411176571153, 12.642411176571153, 12.642411176571153, 12.642411176571153, 12.642411176571153, 12.642411176571153, 12.642411176571153, 12.642411176571153, 12.642411176571153, 12.642411176571153, 12.642411176571153, 12.642411176571153, 12.642411176571153, 12.642411176571153, 12.642411176571153, 12.642411176571153, 12.642411176571153, 12.642411176571153, 12.642411176571153, 12.642411176571153, 12.642411176571153, 12.642411176571153, 12.642411176571153, 12.642411176571153, 12.642411176571153, 12.642411176571153, 12.642411176571153, 12.642411176571153, 12.642411176571153, 12.642411176571153, 12.642411176571153, 12.642411176571153, 12.642411176571153, 12.642411176571153, 12.642411176571153, 12.642411176571153, 12.642411176571153, 12.642411176571153, 12.642411176571153, 12.642411176571153, 12.642411176571153, 12.642411176571153, 12.642411176571153, 12.642411176571153, 12.642411176571153, 12.642411176571153, 12.642411176571153, 12.642411176571153, 12.642411176571153, 12.642411176571153, 12.642411176571153, 12.642411176571153, 12.642411176571153, 12.642411176571153, 12.642411176571153, 12.642411176571153, 12.642411176571153, 12.642411176571153, 12.642411176571153, 
0.033891811864044996, 0.033891811864044996, 0.033891811864044996, 9.235261713486434, 12.642411176571153, 12.642411176571153, 12.642411176571153, 12.642411176571153, 12.642411176571153, 12.642411176571153, 11.676598390468122, 11.676598390468122, 11.676598390468122, 11.674668126806667, 11.674668126806667, 0.05501218959702214, 0.054140895264520594, 0.054140895264520594, 0.04208837025163348, 0.04208837025163348, 0.021995314957607093, 0.021995314957607093, 0.021995314957607093, 0.021995314957607093, 9.13201279327154, 10.746510853140098, 10.746510853140098, 10.72371090663082, 10.718424235849328, 10.50527610429708, 12.104210110406628, 12.099824665670656, 12.642411176571153, 12.642411176571153, 12.642411176571153, 12.642411176571153, 12.642411176571153, 12.642411176571153, 12.642411176571153, 12.642411176571153, 12.642411176571153, 12.642411176571153, 12.642411176571153, 12.642411176571153, 12.642411176571153, 12.642411176571153, 12.642411176571153, 12.642411176571153, 12.642411176571153, 12.642411176571153, 12.642411176571153, 12.642411176571153, 12.642411176571153, 12.642411176571153, 12.642411176571153, 12.642411176571153, 12.642411176571153, 12.642411176571153, 12.642411176571153, 12.642411176571153, 12.642411176571153, 12.642411176571153, 12.642411176571153, 12.642411176571153, 12.642411176571153, 12.642411176571153, 12.642411176571153, 12.642411176571153, 12.642411176571153, 12.642411176571153, 12.642411176571153, 12.642411176571153, 12.642411176571153, 12.642411176571153, 12.642411176571153, 12.642411176571153, 12.642411176571153, 12.642411176571153, 12.642411176571153, 12.642411176571153, 12.642411176571153, 12.642411176571153, 12.642411176571153, 12.642411176571153, 12.642411176571153, 12.642411176571153, 12.642411176571153, 12.642411176571153, 12.642411176571153, 12.642411176571153, 12.642411176571153, 12.642411176571153, 12.642411176571153, 12.642411176571153, 12.642411176571153, 12.642411176571153, 12.642411176571153, 12.642411176571153, 12.642411176571153, 
0.056313486926960366, 0.038055716682986684, 0.038055716682986684, 9.557388454920549, 12.642411176571153, 12.642411176571153, 12.642411176571153, 12.642411176571153, 12.642411176571153, 12.642411176571153, 11.717074170479727, 11.717074170479727, 11.717074170479727, 11.717074170479727, 11.717074170479727, 0.056092972380248796, 0.048959827953201085, 0.048959827953201085, 0.048959827953201085, 0.04349318091843202, 0.03887890892027457, 0.03712498249091212, 0.03712498249091212, 0.03712498249091212, 8.849405742472609, 10.620991627627687, 10.476338613062914, 10.476338613062914, 10.476338613062914, 10.476338613062914, 12.125947871743733, 12.086626481038298, 12.642411176571153, 12.642411176571153, 12.642411176571153, 12.642411176571153, 12.642411176571153, 12.642411176571153, 12.642411176571153, 12.642411176571153, 12.642411176571153, 12.642411176571153, 12.642411176571153, 12.642411176571153, 12.642411176571153, 12.642411176571153, 12.642411176571153, 12.642411176571153, 12.642411176571153, 12.642411176571153, 12.642411176571153, 12.642411176571153, 12.642411176571153, 12.642411176571153, 12.642411176571153, 12.642411176571153, 12.642411176571153, 12.642411176571153, 12.642411176571153, 12.642411176571153, 12.642411176571153, 12.642411176571153, 12.642411176571153, 12.642411176571153, 12.642411176571153, 12.642411176571153, 12.642411176571153, 12.642411176571153, 12.642411176571153, 12.642411176571153, 12.642411176571153, 12.642411176571153, 12.642411176571153, 12.642411176571153, 12.642411176571153, 12.642411176571153, 12.642411176571153, 12.642411176571153, 12.642411176571153, 12.642411176571153, 12.642411176571153, 12.642411176571153, 12.642411176571153, 12.642411176571153, 12.642411176571153, 12.642411176571153, 12.642411176571153, 12.642411176571153, 12.642411176571153, 12.642411176571153, 12.642411176571153, 12.642411176571153, 12.642411176571153, 12.642411176571153, 12.642411176571153, 12.642411176571153, 12.642411176571153, 12.642411176571153, 12.642411176571153, 
0.05529843759802233, 0.03531847863362003, 0.03315379674729968, 9.703971305879897, 12.642411176571153, 12.642411176571153, 12.642411176571153, 12.642411176571153, 12.642411176571153, 12.642411176571153, 11.684840529339027, 11.684840529339027, 11.659920436191138, 11.659920436191138, 11.659920436191138, 0.028257579748117934, 0.028257579748117934, 0.028257579748117934, 0.028257579748117934, 0.024091687753006852, 0.024091687753006852, 0.024091687753006852, 0.024091687753006852, 0.024091687753006852, 8.89877928624105, 10.703328273787285, 10.674330820424471, 10.674330820424471, 10.638839289921469, 10.638839289921469, 12.067284850239776, 12.067284850239776, 12.642411176571153, 12.642411176571153, 12.642411176571153, 12.642411176571153, 12.642411176571153, 12.642411176571153, 12.642411176571153, 12.642411176571153, 12.642411176571153, 12.642411176571153, 12.642411176571153, 12.642411176571153, 12.642411176571153, 12.642411176571153, 12.642411176571153, 12.642411176571153, 12.642411176571153, 12.642411176571153, 12.642411176571153, 12.642411176571153, 12.642411176571153, 12.642411176571153, 12.642411176571153, 12.642411176571153, 12.642411176571153, 12.642411176571153, 12.642411176571153, 12.642411176571153, 12.642411176571153, 12.642411176571153, 12.642411176571153, 12.642411176571153, 12.642411176571153, 12.642411176571153, 12.642411176571153, 12.642411176571153, 12.642411176571153, 12.642411176571153, 12.642411176571153, 12.642411176571153, 12.642411176571153, 12.642411176571153, 12.642411176571153, 12.642411176571153, 12.642411176571153, 12.642411176571153, 12.642411176571153, 12.642411176571153, 12.642411176571153, 12.642411176571153, 12.642411176571153, 12.642411176571153, 12.642411176571153, 12.642411176571153, 12.642411176571153, 12.642411176571153, 12.642411176571153, 12.642411176571153, 12.642411176571153, 12.642411176571153, 12.642411176571153, 12.642411176571153, 12.642411176571153, 12.642411176571153, 12.642411176571153, 12.642411176571153, 12.642411176571153, 
0.06929332337153582, 0.06929332337153582, 0.06606437154950129, 9.556477626348347, 12.642411176571153, 12.642411176571153, 12.642411176571153, 12.642411176571153, 12.642411176571153, 12.642411176571153, 11.72143041255151, 11.631490167446135, 11.631490167446135, 11.631490167446135, 11.631490167446135, 0.09843616374648789, 0.05511493814938362, 0.03995893625386415, 0.03995893625386415, 0.03995893625386415, 0.03995893625386415, 0.03921877865988321, 0.03921877865988321, 0.03485833286653417, 8.768907733295027, 10.737205782164084, 10.441917669613158, 10.441917669613158, 10.441917669613158, 10.441917669613158, 12.099735021397102, 12.069943041960638, 12.642411176571153, 12.642411176571153, 12.642411176571153, 12.642411176571153, 12.642411176571153, 12.642411176571153, 12.642411176571153, 12.642411176571153, 12.642411176571153, 12.642411176571153, 12.642411176571153, 12.642411176571153, 12.642411176571153, 12.642411176571153, 12.642411176571153, 12.642411176571153, 12.642411176571153, 12.642411176571153, 12.642411176571153, 12.642411176571153, 12.642411176571153, 12.642411176571153, 12.642411176571153, 12.642411176571153, 12.642411176571153, 12.642411176571153, 12.642411176571153, 12.642411176571153, 12.642411176571153, 12.642411176571153, 12.642411176571153, 12.642411176571153, 12.642411176571153, 12.642411176571153, 12.642411176571153, 12.642411176571153, 12.642411176571153, 12.642411176571153, 12.642411176571153, 12.642411176571153, 12.642411176571153, 12.642411176571153, 12.642411176571153, 12.642411176571153, 12.642411176571153, 12.642411176571153, 12.642411176571153, 12.642411176571153, 12.642411176571153, 12.642411176571153, 12.642411176571153, 12.642411176571153, 12.642411176571153, 12.642411176571153, 12.642411176571153, 12.642411176571153, 12.642411176571153, 12.642411176571153, 12.642411176571153, 12.642411176571153, 12.642411176571153, 12.642411176571153, 12.642411176571153, 12.642411176571153, 12.642411176571153, 12.642411176571153, 12.642411176571153, 
0.05671381759965399, 0.03151626427137799, 0.03151626427137799, 9.612161430104418, 12.642411176571153, 12.642411176571153, 12.642411176571153, 12.642411176571153, 12.642411176571153, 12.642411176571153, 11.722028640711695, 11.722028640711695, 11.722028640711695, 11.722028640711695, 11.710727259640603, 0.042999440600631544, 0.0302970849909876, 0.0302970849909876, 0.0302970849909876, 0.0302970849909876, 0.0302970849909876, 0.0302970849909876, 0.0302970849909876, 0.0302970849909876, 9.126581137448444, 10.8786962862514, 10.757975276846288, 10.757975276846288, 10.757975276846288, 10.627529217693226, 12.101835801317483, 12.101835801317483, 12.642411176571153, 12.642411176571153, 12.642411176571153, 12.642411176571153, 12.642411176571153, 12.642411176571153, 12.642411176571153, 12.642411176571153, 12.642411176571153, 12.642411176571153, 12.642411176571153, 12.642411176571153, 12.642411176571153, 12.642411176571153, 12.642411176571153, 12.642411176571153, 12.642411176571153, 12.642411176571153, 12.642411176571153, 12.642411176571153, 12.642411176571153, 12.642411176571153, 12.642411176571153, 12.642411176571153, 12.642411176571153, 12.642411176571153, 12.642411176571153, 12.642411176571153, 12.642411176571153, 12.642411176571153, 12.642411176571153, 12.642411176571153, 12.642411176571153, 12.642411176571153, 12.642411176571153, 12.642411176571153, 12.642411176571153, 12.642411176571153, 12.642411176571153, 12.642411176571153, 12.642411176571153, 12.642411176571153, 12.642411176571153, 12.642411176571153, 12.642411176571153, 12.642411176571153, 12.642411176571153, 12.642411176571153, 12.642411176571153, 12.642411176571153, 12.642411176571153, 12.642411176571153, 12.642411176571153, 12.642411176571153, 12.642411176571153, 12.642411176571153, 12.642411176571153, 12.642411176571153, 12.642411176571153, 12.642411176571153, 12.642411176571153, 12.642411176571153, 12.642411176571153, 12.642411176571153, 12.642411176571153, 12.642411176571153, 12.642411176571153, 
0.048303001517080446, 0.048303001517080446, 0.048303001517080446, 9.66319349387235, 12.642411176571153, 12.642411176571153, 12.642411176571153, 12.642411176571153, 12.642411176571153, 12.642411176571153, 11.70587777668129, 11.70587777668129, 11.70587777668129, 11.70587777668129, 11.691660777831128, 0.026487072077461704, 0.026487072077461704, 0.026487072077461704, 0.026487072077461704, 0.026487072077461704, 0.026487072077461704, 0.026487072077461704, 0.026487072077461704, 0.026487072077461704, 9.14699817169549, 10.570136372058172, 10.570136372058172, 10.570136372058172, 10.570136372058172, 10.570136372058172, 12.13173456279419, 12.104563684415874, 12.642411176571153, 12.642411176571153, 12.642411176571153, 12.642411176571153, 12.642411176571153, 12.642411176571153, 12.642411176571153, 12.642411176571153, 12.642411176571153, 12.642411176571153, 12.642411176571153, 12.642411176571153, 12.642411176571153, 12.642411176571153, 12.642411176571153, 12.642411176571153, 12.642411176571153, 12.642411176571153, 12.642411176571153, 12.642411176571153, 12.642411176571153, 12.642411176571153, 12.642411176571153, 12.642411176571153, 12.642411176571153, 12.642411176571153, 12.642411176571153, 12.642411176571153, 12.642411176571153, 12.642411176571153, 12.642411176571153, 12.642411176571153, 12.642411176571153, 12.642411176571153, 12.642411176571153, 12.642411176571153, 12.642411176571153, 12.642411176571153, 12.642411176571153, 12.642411176571153, 12.642411176571153, 12.642411176571153, 12.642411176571153, 12.642411176571153, 12.642411176571153, 12.642411176571153, 12.642411176571153, 12.642411176571153, 12.642411176571153, 12.642411176571153, 12.642411176571153, 12.642411176571153, 12.642411176571153, 12.642411176571153, 12.642411176571153, 12.642411176571153, 12.642411176571153, 12.642411176571153, 12.642411176571153, 12.642411176571153, 12.642411176571153, 12.642411176571153, 12.642411176571153, 12.642411176571153, 12.642411176571153, 12.642411176571153, 12.642411176571153, 
0.049227796779838684, 0.049227796779838684, 0.0333472073586627, 9.355091726724668, 12.642411176571153, 12.642411176571153, 12.642411176571153, 12.642411176571153, 12.642411176571153, 12.642411176571153, 11.770420946001336, 11.731491442918655, 11.677130559631008, 11.677130559631008, 11.677130559631008, 0.052387214744186394, 0.03480162389466912, 0.03480162389466912, 0.03480162389466912, 0.03480162389466912, 0.03480162389466912, 0.03480162389466912, 0.03480162389466912, 0.03480162389466912, 9.003032053847669, 10.428217291378772, 10.428217291378772, 10.428217291378772, 10.428217291378772, 10.428217291378772, 12.065884228453164, 12.065884228453164, 12.642411176571153, 12.642411176571153, 12.642411176571153, 12.642411176571153, 12.642411176571153, 12.642411176571153, 12.642411176571153, 12.642411176571153, 12.642411176571153, 12.642411176571153, 12.642411176571153, 12.642411176571153, 12.642411176571153, 12.642411176571153, 12.642411176571153, 12.642411176571153, 12.642411176571153, 12.642411176571153, 12.642411176571153, 12.642411176571153, 12.642411176571153, 12.642411176571153, 12.642411176571153, 12.642411176571153, 12.642411176571153, 12.642411176571153, 12.642411176571153, 12.642411176571153, 12.642411176571153, 12.642411176571153, 12.642411176571153, 12.642411176571153, 12.642411176571153, 12.642411176571153, 12.642411176571153, 12.642411176571153, 12.642411176571153, 12.642411176571153, 12.642411176571153, 12.642411176571153, 12.642411176571153, 12.642411176571153, 12.642411176571153, 12.642411176571153, 12.642411176571153, 12.642411176571153, 12.642411176571153, 12.642411176571153, 12.642411176571153, 12.642411176571153, 12.642411176571153, 12.642411176571153, 12.642411176571153, 12.642411176571153, 12.642411176571153, 12.642411176571153, 12.642411176571153, 12.642411176571153, 12.642411176571153, 12.642411176571153, 12.642411176571153, 12.642411176571153, 12.642411176571153, 12.642411176571153, 12.642411176571153, 12.642411176571153, 12.642411176571153, 
0.0423125472822683, 0.0423125472822683, 0.0423125472822683, 9.416844381122742, 12.642411176571153, 12.642411176571153, 12.642411176571153, 12.642411176571153, 12.642411176571153, 12.642411176571153, 11.752274710805478, 11.752274710805478, 11.752274710805478, 11.752274710805478, 11.726805851036303, 0.031294639853904016, 0.031294639853904016, 0.031294639853904016, 0.031294639853904016, 0.031294639853904016, 0.031294639853904016, 0.031294639853904016, 0.031294639853904016, 0.031294639853904016, 8.926361981042112, 10.766366918979555, 10.766366918979555, 10.683432975210032, 10.492220518554554, 10.492220518554554, 12.095045411230263, 12.08332728405372, 12.642411176571153, 12.642411176571153, 12.642411176571153, 12.642411176571153, 12.642411176571153, 12.642411176571153, 12.642411176571153, 12.642411176571153, 12.642411176571153, 12.642411176571153, 12.642411176571153, 12.642411176571153, 12.642411176571153, 12.642411176571153, 12.642411176571153, 12.642411176571153, 12.642411176571153, 12.642411176571153, 12.642411176571153, 12.642411176571153, 12.642411176571153, 12.642411176571153, 12.642411176571153, 12.642411176571153, 12.642411176571153, 12.642411176571153, 12.642411176571153, 12.642411176571153, 12.642411176571153, 12.642411176571153, 12.642411176571153, 12.642411176571153, 12.642411176571153, 12.642411176571153, 12.642411176571153, 12.642411176571153, 12.642411176571153, 12.642411176571153, 12.642411176571153, 12.642411176571153, 12.642411176571153, 12.642411176571153, 12.642411176571153, 12.642411176571153, 12.642411176571153, 12.642411176571153, 12.642411176571153, 12.642411176571153, 12.642411176571153, 12.642411176571153, 12.642411176571153, 12.642411176571153, 12.642411176571153, 12.642411176571153, 12.642411176571153, 12.642411176571153, 12.642411176571153, 12.642411176571153, 12.642411176571153, 12.642411176571153, 12.642411176571153, 12.642411176571153, 12.642411176571153, 12.642411176571153, 12.642411176571153, 12.642411176571153, 12.642411176571153, 
0.035917944715222916, 0.035917944715222916, 0.027814539600601762, 9.341759299845867, 12.642411176571153, 12.642411176571153, 12.642411176571153, 12.642411176571153, 12.642411176571153, 12.642411176571153, 11.76025939379209, 11.751808019972579, 11.701489545163465, 11.701489545163465, 11.701489545163465, 0.04818301092350552, 0.03742978014178178, 0.02894879463083555, 0.026661169429477383, 0.026661169429477383, 0.026661169429477383, 0.026661169429477383, 0.026661169429477383, 0.026661169429477383, 8.758502085305723, 10.92260983966542, 10.64839722479306, 10.64839722479306, 10.64839722479306, 10.64839722479306, 12.10098656933658, 12.10098656933658, 12.642411176571153, 12.642411176571153, 12.642411176571153, 12.642411176571153, 12.642411176571153, 12.642411176571153, 12.642411176571153, 12.642411176571153, 12.642411176571153, 12.642411176571153, 12.642411176571153, 12.642411176571153, 12.642411176571153, 12.642411176571153, 12.642411176571153, 12.642411176571153, 12.642411176571153, 12.642411176571153, 12.642411176571153, 12.642411176571153, 12.642411176571153, 12.642411176571153, 12.642411176571153, 12.642411176571153, 12.642411176571153, 12.642411176571153, 12.642411176571153, 12.642411176571153, 12.642411176571153, 12.642411176571153, 12.642411176571153, 12.642411176571153, 12.642411176571153, 12.642411176571153, 12.642411176571153, 12.642411176571153, 12.642411176571153, 12.642411176571153, 12.642411176571153, 12.642411176571153, 12.642411176571153, 12.642411176571153, 12.642411176571153, 12.642411176571153, 12.642411176571153, 12.642411176571153, 12.642411176571153, 12.642411176571153, 12.642411176571153, 12.642411176571153, 12.642411176571153, 12.642411176571153, 12.642411176571153, 12.642411176571153, 12.642411176571153, 12.642411176571153, 12.642411176571153, 12.642411176571153, 12.642411176571153, 12.642411176571153, 12.642411176571153, 12.642411176571153, 12.642411176571153, 12.642411176571153, 12.642411176571153, 12.642411176571153, 12.642411176571153, 
0.08906370201151503, 0.05865707885542193, 0.053472011799897246, 9.447698765340203, 12.642411176571153, 12.642411176571153, 12.642411176571153, 12.642411176571153, 12.642411176571153, 12.642411176571153, 11.675753447908477, 11.667039174641618, 11.667039174641618, 11.642606821686698, 11.642606821686698, 0.06438134415967411, 0.06438134415967411, 0.06438134415967411, 0.03998009128368096, 0.03998009128368096, 0.03998009128368096, 0.03998009128368096, 0.03998009128368096, 0.03726319971979564, 8.644974458421439, 10.641640138490654, 10.641640138490654, 10.641640138490654, 10.641640138490654, 10.641640138490654, 12.155340939530827, 12.105444207001412, 12.642411176571153, 12.642411176571153, 12.642411176571153, 12.642411176571153, 12.642411176571153, 12.642411176571153, 12.642411176571153, 12.642411176571153, 12.642411176571153, 12.642411176571153, 12.642411176571153, 12.642411176571153, 12.642411176571153, 12.642411176571153, 12.642411176571153, 12.642411176571153, 12.642411176571153, 12.642411176571153, 12.642411176571153, 12.642411176571153, 12.642411176571153, 12.642411176571153, 12.642411176571153, 12.642411176571153, 12.642411176571153, 12.642411176571153, 12.642411176571153, 12.642411176571153, 12.642411176571153, 12.642411176571153, 12.642411176571153, 12.642411176571153, 12.642411176571153, 12.642411176571153, 12.642411176571153, 12.642411176571153, 12.642411176571153, 12.642411176571153, 12.642411176571153, 12.642411176571153, 12.642411176571153, 12.642411176571153, 12.642411176571153, 12.642411176571153, 12.642411176571153, 12.642411176571153, 12.642411176571153, 12.642411176571153, 12.642411176571153, 12.642411176571153, 12.642411176571153, 12.642411176571153, 12.642411176571153, 12.642411176571153, 12.642411176571153, 12.642411176571153, 12.642411176571153, 12.642411176571153, 12.642411176571153, 12.642411176571153, 12.642411176571153, 12.642411176571153, 12.642411176571153, 12.642411176571153, 12.642411176571153, 12.642411176571153, 12.642411176571153, 
0.09354804421294105, 0.04829224066897808, 0.045380402088593286, 9.15305959592607, 12.642411176571153, 12.642411176571153, 12.642411176571153, 12.642411176571153, 12.642411176571153, 12.642411176571153, 11.734371317326136, 11.723868098904976, 11.68336689657508, 11.68336689657508, 11.68336689657508, 0.04587223733582135, 0.04378279478342506, 0.04163344810273628, 0.029574971969601904, 0.029574971969601904, 0.029574971969601904, 0.027310192924058896, 0.027310192924058896, 0.027310192924058896, 9.006713950395262, 10.549764935337642, 10.549764935337642, 10.549764935337642, 10.51209239494272, 10.51209239494272, 12.09757660876744, 12.09757660876744, 12.642411176571153, 12.642411176571153, 12.642411176571153, 12.642411176571153, 12.642411176571153, 12.642411176571153, 12.642411176571153, 12.642411176571153, 12.642411176571153, 12.642411176571153, 12.642411176571153, 12.642411176571153, 12.642411176571153, 12.642411176571153, 12.642411176571153, 12.642411176571153, 12.642411176571153, 12.642411176571153, 12.642411176571153, 12.642411176571153, 12.642411176571153, 12.642411176571153, 12.642411176571153, 12.642411176571153, 12.642411176571153, 12.642411176571153, 12.642411176571153, 12.642411176571153, 12.642411176571153, 12.642411176571153, 12.642411176571153, 12.642411176571153, 12.642411176571153, 12.642411176571153, 12.642411176571153, 12.642411176571153, 12.642411176571153, 12.642411176571153, 12.642411176571153, 12.642411176571153, 12.642411176571153, 12.642411176571153, 12.642411176571153, 12.642411176571153, 12.642411176571153, 12.642411176571153, 12.642411176571153, 12.642411176571153, 12.642411176571153, 12.642411176571153, 12.642411176571153, 12.642411176571153, 12.642411176571153, 12.642411176571153, 12.642411176571153, 12.642411176571153, 12.642411176571153, 12.642411176571153, 12.642411176571153, 12.642411176571153, 12.642411176571153, 12.642411176571153, 12.642411176571153, 12.642411176571153, 12.642411176571153, 12.642411176571153, 12.642411176571153, 
0.05049466666622848, 0.033824882366669584, 0.033824882366669584, 9.649676433210317, 12.642411176571153, 12.642411176571153, 12.642411176571153, 12.642411176571153, 12.642411176571153, 12.642411176571153, 11.739006289493108, 11.739006289493108, 11.739006289493108, 11.739006289493108, 11.69074648147054, 0.04525298577830128, 0.04525298577830128, 0.04525298577830128, 0.04525298577830128, 0.04525298577830128, 0.027435896787981306, 0.027435896787981306, 0.027435896787981306, 0.027435896787981306, 8.9846869182754, 10.62251753305592, 10.611706572656924, 10.598634814702761, 10.598634814702761, 10.515291288730147, 12.08713951814211, 12.08713951814211, 12.642411176571153, 12.642411176571153, 12.642411176571153, 12.642411176571153, 12.642411176571153, 12.642411176571153, 12.642411176571153, 12.642411176571153, 12.642411176571153, 12.642411176571153, 12.642411176571153, 12.642411176571153, 12.642411176571153, 12.642411176571153, 12.642411176571153, 12.642411176571153, 12.642411176571153, 12.642411176571153, 12.642411176571153, 12.642411176571153, 12.642411176571153, 12.642411176571153, 12.642411176571153, 12.642411176571153, 12.642411176571153, 12.642411176571153, 12.642411176571153, 12.642411176571153, 12.642411176571153, 12.642411176571153, 12.642411176571153, 12.642411176571153, 12.642411176571153, 12.642411176571153, 12.642411176571153, 12.642411176571153, 12.642411176571153, 12.642411176571153, 12.642411176571153, 12.642411176571153, 12.642411176571153, 12.642411176571153, 12.642411176571153, 12.642411176571153, 12.642411176571153, 12.642411176571153, 12.642411176571153, 12.642411176571153, 12.642411176571153, 12.642411176571153, 12.642411176571153, 12.642411176571153, 12.642411176571153, 12.642411176571153, 12.642411176571153, 12.642411176571153, 12.642411176571153, 12.642411176571153, 12.642411176571153, 12.642411176571153, 12.642411176571153, 12.642411176571153, 12.642411176571153, 12.642411176571153, 12.642411176571153, 12.642411176571153, 12.642411176571153, 
0.033225492395104084, 0.033225492395104084, 0.033225492395104084, 9.391336866799723, 12.642411176571153, 12.642411176571153, 12.642411176571153, 12.642411176571153, 12.642411176571153, 12.642411176571153, 11.690942364384941, 11.690942364384941, 11.690942364384941, 11.654342927480101, 11.654342927480101, 0.05593121391307321, 0.02811782625556347, 0.02811782625556347, 0.02811782625556347, 0.02811782625556347, 0.02811782625556347, 0.02811782625556347, 0.02811782625556347, 0.02811782625556347, 9.325978995783156, 10.603955750176683, 10.603955750176683, 10.603955750176683, 10.603955750176683, 10.600302354441462, 12.104932029150055, 12.103857554634844, 12.642411176571153, 12.642411176571153, 12.642411176571153, 12.642411176571153, 12.642411176571153, 12.642411176571153, 12.642411176571153, 12.642411176571153, 12.642411176571153, 12.642411176571153, 12.642411176571153, 12.642411176571153, 12.642411176571153, 12.642411176571153, 12.642411176571153, 12.642411176571153, 12.642411176571153, 12.642411176571153, 12.642411176571153, 12.642411176571153, 12.642411176571153, 12.642411176571153, 12.642411176571153, 12.642411176571153, 12.642411176571153, 12.642411176571153, 12.642411176571153, 12.642411176571153, 12.642411176571153, 12.642411176571153, 12.642411176571153, 12.642411176571153, 12.642411176571153, 12.642411176571153, 12.642411176571153, 12.642411176571153, 12.642411176571153, 12.642411176571153, 12.642411176571153, 12.642411176571153, 12.642411176571153, 12.642411176571153, 12.642411176571153, 12.642411176571153, 12.642411176571153, 12.642411176571153, 12.642411176571153, 12.642411176571153, 12.642411176571153, 12.642411176571153, 12.642411176571153, 12.642411176571153, 12.642411176571153, 12.642411176571153, 12.642411176571153, 12.642411176571153, 12.642411176571153, 12.642411176571153, 12.642411176571153, 12.642411176571153, 12.642411176571153, 12.642411176571153, 12.642411176571153, 12.642411176571153, 12.642411176571153, 12.642411176571153, 12.642411176571153, 
0.038603050804994155, 0.038603050804994155, 0.038603050804994155, 9.203032460528457, 12.642411176571153, 12.642411176571153, 12.642411176571153, 12.642411176571153, 12.642411176571153, 12.642411176571153, 11.740192709753268, 11.682493356721094, 11.682493356721094, 11.682493356721094, 11.674323076835353, 0.04855429220699037, 0.04510156385138586, 0.03345131498190668, 0.03345131498190668, 0.03345131498190668, 0.02876488937725341, 0.02876488937725341, 0.02876488937725341, 0.02876488937725341, 9.2337780942836, 10.557096769094365, 10.557096769094365, 10.557096769094365, 10.557096769094365, 10.557096769094365, 12.098512616856882, 12.07245572971491, 12.642411176571153, 12.642411176571153, 12.642411176571153, 12.642411176571153, 12.642411176571153, 12.642411176571153, 12.642411176571153, 12.642411176571153, 12.642411176571153, 12.642411176571153, 12.642411176571153, 12.642411176571153, 12.642411176571153, 12.642411176571153, 12.642411176571153, 12.642411176571153, 12.642411176571153, 12.642411176571153, 12.642411176571153, 12.642411176571153, 12.642411176571153, 12.642411176571153, 12.642411176571153, 12.642411176571153, 12.642411176571153, 12.642411176571153, 12.642411176571153, 12.642411176571153, 12.642411176571153, 12.642411176571153, 12.642411176571153, 12.642411176571153, 12.642411176571153, 12.642411176571153, 12.642411176571153, 12.642411176571153, 12.642411176571153, 12.642411176571153, 12.642411176571153, 12.642411176571153, 12.642411176571153, 12.642411176571153, 12.642411176571153, 12.642411176571153, 12.642411176571153, 12.642411176571153, 12.642411176571153, 12.642411176571153, 12.642411176571153, 12.642411176571153, 12.642411176571153, 12.642411176571153, 12.642411176571153, 12.642411176571153, 12.642411176571153, 12.642411176571153, 12.642411176571153, 12.642411176571153, 12.642411176571153, 12.642411176571153, 12.642411176571153, 12.642411176571153, 12.642411176571153, 12.642411176571153, 12.642411176571153, 12.642411176571153, 12.642411176571153, 
0.0561505855089699, 0.0561505855089699, 0.05448980080178245, 9.053526877964291, 12.642411176571153, 12.642411176571153, 12.642411176571153, 12.642411176571153, 12.642411176571153, 12.642411176571153, 11.674423362973966, 11.674423362973966, 11.674423362973966, 11.674423362973966, 11.674423362973966, 0.04607073222042146, 0.03483224040327215, 0.031527725433679876, 0.031527725433679876, 0.031527725433679876, 0.02293551623228396, 0.02293551623228396, 0.02293551623228396, 0.02293551623228396, 8.79996024191896, 10.684874390159248, 10.423674338894752, 10.423674338894752, 10.423674338894752, 10.423674338894752, 12.110633179182091, 12.100217762682226, 12.642411176571153, 12.642411176571153, 12.642411176571153, 12.642411176571153, 12.642411176571153, 12.642411176571153, 12.642411176571153, 12.642411176571153, 12.642411176571153, 12.642411176571153, 12.642411176571153, 12.642411176571153, 12.642411176571153, 12.642411176571153, 12.642411176571153, 12.642411176571153, 12.642411176571153, 12.642411176571153, 12.642411176571153, 12.642411176571153, 12.642411176571153, 12.642411176571153, 12.642411176571153, 12.642411176571153, 12.642411176571153, 12.642411176571153, 12.642411176571153, 12.642411176571153, 12.642411176571153, 12.642411176571153, 12.642411176571153, 12.642411176571153, 12.642411176571153, 12.642411176571153, 12.642411176571153, 12.642411176571153, 12.642411176571153, 12.642411176571153, 12.642411176571153, 12.642411176571153, 12.642411176571153, 12.642411176571153, 12.642411176571153, 12.642411176571153, 12.642411176571153, 12.642411176571153, 12.642411176571153, 12.642411176571153, 12.642411176571153, 12.642411176571153, 12.642411176571153, 12.642411176571153, 12.642411176571153, 12.642411176571153, 12.642411176571153, 12.642411176571153, 12.642411176571153, 12.642411176571153, 12.642411176571153, 12.642411176571153, 12.642411176571153, 12.642411176571153, 12.642411176571153, 12.642411176571153, 12.642411176571153, 12.642411176571153, 12.642411176571153, 
0.14666763780140002, 0.04797967767136413, 0.03849076951557251, 9.754384238055346, 12.642411176571153, 12.642411176571153, 12.642411176571153, 12.642411176571153, 12.642411176571153, 12.642411176571153, 11.661227016330104, 11.661227016330104, 11.661227016330104, 11.661227016330104, 11.661227016330104, 0.040988360168096705, 0.040988360168096705, 0.040988360168096705, 0.040988360168096705, 0.040988360168096705, 0.040988360168096705, 0.040988360168096705, 0.040988360168096705, 0.02840581142631393, 9.020571627315798, 10.62796652764096, 10.62796652764096, 10.62796652764096, 10.62796652764096, 10.62796652764096, 12.123215448181991, 12.101950863385149, 12.642411176571153, 12.642411176571153, 12.642411176571153, 12.642411176571153, 12.642411176571153, 12.642411176571153, 12.642411176571153, 12.642411176571153, 12.642411176571153, 12.642411176571153, 12.642411176571153, 12.642411176571153, 12.642411176571153, 12.642411176571153, 12.642411176571153, 12.642411176571153, 12.642411176571153, 12.642411176571153, 12.642411176571153, 12.642411176571153, 12.642411176571153, 12.642411176571153, 12.642411176571153, 12.642411176571153, 12.642411176571153, 12.642411176571153, 12.642411176571153, 12.642411176571153, 12.642411176571153, 12.642411176571153, 12.642411176571153, 12.642411176571153, 12.642411176571153, 12.642411176571153, 12.642411176571153, 12.642411176571153, 12.642411176571153, 12.642411176571153, 12.642411176571153, 12.642411176571153, 12.642411176571153, 12.642411176571153, 12.642411176571153, 12.642411176571153, 12.642411176571153, 12.642411176571153, 12.642411176571153, 12.642411176571153, 12.642411176571153, 12.642411176571153, 12.642411176571153, 12.642411176571153, 12.642411176571153, 12.642411176571153, 12.642411176571153, 12.642411176571153, 12.642411176571153, 12.642411176571153, 12.642411176571153, 12.642411176571153, 12.642411176571153, 12.642411176571153, 12.642411176571153, 12.642411176571153, 12.642411176571153, 12.642411176571153, 12.642411176571153, 
0.0779291871459904, 0.05289466260733988, 0.05289466260733988, 9.468162868053868, 12.642411176571153, 12.642411176571153, 12.642411176571153, 12.642411176571153, 12.642411176571153, 12.642411176571153, 11.707966562395503, 11.707966562395503, 11.707966562395503, 11.707966562395503, 11.707966562395503, 0.09018802006496784, 0.03244420816070104, 0.03244420816070104, 0.03244420816070104, 0.03244420816070104, 0.03244420816070104, 0.03244420816070104, 0.03244420816070104, 0.03244420816070104, 8.676654069673999, 10.63489678338654, 10.63489678338654, 10.63489678338654, 10.63489678338654, 10.526451088143798, 12.086729445738694, 12.086729445738694, 12.642411176571153, 12.642411176571153, 12.642411176571153, 12.642411176571153, 12.642411176571153, 12.642411176571153, 12.642411176571153, 12.642411176571153, 12.642411176571153, 12.642411176571153, 12.642411176571153, 12.642411176571153, 12.642411176571153, 12.642411176571153, 12.642411176571153, 12.642411176571153, 12.642411176571153, 12.642411176571153, 12.642411176571153, 12.642411176571153, 12.642411176571153, 12.642411176571153, 12.642411176571153, 12.642411176571153, 12.642411176571153, 12.642411176571153, 12.642411176571153, 12.642411176571153, 12.642411176571153, 12.642411176571153, 12.642411176571153, 12.642411176571153, 12.642411176571153, 12.642411176571153, 12.642411176571153, 12.642411176571153, 12.642411176571153, 12.642411176571153, 12.642411176571153, 12.642411176571153, 12.642411176571153, 12.642411176571153, 12.642411176571153, 12.642411176571153, 12.642411176571153, 12.642411176571153, 12.642411176571153, 12.642411176571153, 12.642411176571153, 12.642411176571153, 12.642411176571153, 12.642411176571153, 12.642411176571153, 12.642411176571153, 12.642411176571153, 12.642411176571153, 12.642411176571153, 12.642411176571153, 12.642411176571153, 12.642411176571153, 12.642411176571153, 12.642411176571153, 12.642411176571153, 12.642411176571153, 12.642411176571153, 12.642411176571153, 12.642411176571153, 
0.051331864494635226, 0.027305086030814607, 0.021878007737260674, 9.446440427326266, 12.642411176571153, 12.642411176571153, 12.642411176571153, 12.642411176571153, 12.642411176571153, 12.642411176571153, 11.798446932519658, 11.715948428298448, 11.715948428298448, 11.715948428298448, 11.715948428298448, 0.0563482768551502, 0.03147187125314588, 0.03147187125314588, 0.03147187125314588, 0.03147187125314588, 0.03147187125314588, 0.03147187125314588, 0.03147187125314588, 0.03147187125314588, 9.469044501450266, 10.713208336036718, 10.713208336036718, 10.712876552911649, 10.652838797414159, 10.652838797414159, 12.070516499389608, 12.070516499389608, 12.642411176571153, 12.642411176571153, 12.642411176571153, 12.642411176571153, 12.642411176571153, 12.642411176571153, 12.642411176571153, 12.642411176571153, 12.642411176571153, 12.642411176571153, 12.642411176571153, 12.642411176571153, 12.642411176571153, 12.642411176571153, 12.642411176571153, 12.642411176571153, 12.642411176571153, 12.642411176571153, 12.642411176571153, 12.642411176571153, 12.642411176571153, 12.642411176571153, 12.642411176571153, 12.642411176571153, 12.642411176571153, 12.642411176571153, 12.642411176571153, 12.642411176571153, 12.642411176571153, 12.642411176571153, 12.642411176571153, 12.642411176571153, 12.642411176571153, 12.642411176571153, 12.642411176571153, 12.642411176571153, 12.642411176571153, 12.642411176571153, 12.642411176571153, 12.642411176571153, 12.642411176571153, 12.642411176571153, 12.642411176571153, 12.642411176571153, 12.642411176571153, 12.642411176571153, 12.642411176571153, 12.642411176571153, 12.642411176571153, 12.642411176571153, 12.642411176571153, 12.642411176571153, 12.642411176571153, 12.642411176571153, 12.642411176571153, 12.642411176571153, 12.642411176571153, 12.642411176571153, 12.642411176571153, 12.642411176571153, 12.642411176571153, 12.642411176571153, 12.642411176571153, 12.642411176571153, 12.642411176571153, 12.642411176571153, 12.642411176571153, 
0.060154665183546285, 0.060154665183546285, 0.0341711439322232, 9.429151513818185, 12.642411176571153, 12.642411176571153, 12.642411176571153, 12.642411176571153, 12.642411176571153, 12.642411176571153, 11.684318536326884, 11.684318536326884, 11.684318536326884, 11.684318536326884, 11.684318536326884, 0.0814464198636351, 0.0509510403249287, 0.03658898619691442, 0.03658898619691442, 0.03658898619691442, 0.03658898619691442, 0.03658898619691442, 0.03658898619691442, 0.03658898619691442, 9.161678758437741, 10.696183876715704, 10.696183876715704, 10.617304511152389, 10.617304511152389, 10.617304511152389, 12.108769392668574, 12.108769392668574, 12.642411176571153, 12.642411176571153, 12.642411176571153, 12.642411176571153, 12.642411176571153, 12.642411176571153, 12.642411176571153, 12.642411176571153, 12.642411176571153, 12.642411176571153, 12.642411176571153, 12.642411176571153, 12.642411176571153, 12.642411176571153, 12.642411176571153, 12.642411176571153, 12.642411176571153, 12.642411176571153, 12.642411176571153, 12.642411176571153, 12.642411176571153, 12.642411176571153, 12.642411176571153, 12.642411176571153, 12.642411176571153, 12.642411176571153, 12.642411176571153, 12.642411176571153, 12.642411176571153, 12.642411176571153, 12.642411176571153, 12.642411176571153, 12.642411176571153, 12.642411176571153, 12.642411176571153, 12.642411176571153, 12.642411176571153, 12.642411176571153, 12.642411176571153, 12.642411176571153, 12.642411176571153, 12.642411176571153, 12.642411176571153, 12.642411176571153, 12.642411176571153, 12.642411176571153, 12.642411176571153, 12.642411176571153, 12.642411176571153, 12.642411176571153, 12.642411176571153, 12.642411176571153, 12.642411176571153, 12.642411176571153, 12.642411176571153, 12.642411176571153, 12.642411176571153, 12.642411176571153, 12.642411176571153, 12.642411176571153, 12.642411176571153, 12.642411176571153, 12.642411176571153, 12.642411176571153, 12.642411176571153, 12.642411176571153, 12.642411176571153, 
0.019787660645278038, 0.019787660645278038, 0.019787660645278038, 9.09548212607653, 12.642411176571153, 12.642411176571153, 12.642411176571153, 12.642411176571153, 12.642411176571153, 12.642411176571153, 11.719447131708547, 11.66941419102925, 11.66941419102925, 11.66941419102925, 11.66941419102925, 0.04171406890984386, 0.04171406890984386, 0.03134545925345833, 0.024691685133834795, 0.024691685133834795, 0.024691685133834795, 0.024691685133834795, 0.024691685133834795, 0.024691685133834795, 9.010024157921865, 10.596380067859755, 10.596380067859755, 10.596380067859755, 10.596380067859755, 10.596380067859755, 12.101208075330817, 12.100347795338005, 12.642411176571153, 12.642411176571153, 12.642411176571153, 12.642411176571153, 12.642411176571153, 12.642411176571153, 12.642411176571153, 12.642411176571153, 12.642411176571153, 12.642411176571153, 12.642411176571153, 12.642411176571153, 12.642411176571153, 12.642411176571153, 12.642411176571153, 12.642411176571153, 12.642411176571153, 12.642411176571153, 12.642411176571153, 12.642411176571153, 12.642411176571153, 12.642411176571153, 12.642411176571153, 12.642411176571153, 12.642411176571153, 12.642411176571153, 12.642411176571153, 12.642411176571153, 12.642411176571153, 12.642411176571153, 12.642411176571153, 12.642411176571153, 12.642411176571153, 12.642411176571153, 12.642411176571153, 12.642411176571153, 12.642411176571153, 12.642411176571153, 12.642411176571153, 12.642411176571153, 12.642411176571153, 12.642411176571153, 12.642411176571153, 12.642411176571153, 12.642411176571153, 12.642411176571153, 12.642411176571153, 12.642411176571153, 12.642411176571153, 12.642411176571153, 12.642411176571153, 12.642411176571153, 12.642411176571153, 12.642411176571153, 12.642411176571153, 12.642411176571153, 12.642411176571153, 12.642411176571153, 12.642411176571153, 12.642411176571153, 12.642411176571153, 12.642411176571153, 12.642411176571153, 12.642411176571153, 12.642411176571153, 12.642411176571153, 12.642411176571153, 
0.06815125035002367, 0.05079064034083203, 0.05079064034083203, 9.697221261871807, 12.642411176571153, 12.642411176571153, 12.642411176571153, 12.642411176571153, 12.642411176571153, 12.642411176571153, 11.681295035205011, 11.681295035205011, 11.681295035205011, 11.681295035205011, 11.681295035205011, 0.10048735481911919, 0.02040160087227605, 0.02040160087227605, 0.02040160087227605, 0.02040160087227605, 0.02040160087227605, 0.02040160087227605, 0.02040160087227605, 0.02040160087227605, 9.21502350410284, 10.993147666686859, 10.53189507767144, 10.53189507767144, 10.53189507767144, 10.437747975323454, 12.110155019914068, 12.110155019914068, 12.642411176571153, 12.642411176571153, 12.642411176571153, 12.642411176571153, 12.642411176571153, 12.642411176571153, 12.642411176571153, 12.642411176571153, 12.642411176571153, 12.642411176571153, 12.642411176571153, 12.642411176571153, 12.642411176571153, 12.642411176571153, 12.642411176571153, 12.642411176571153, 12.642411176571153, 12.642411176571153, 12.642411176571153, 12.642411176571153, 12.642411176571153, 12.642411176571153, 12.642411176571153, 12.642411176571153, 12.642411176571153, 12.642411176571153, 12.642411176571153, 12.642411176571153, 12.642411176571153, 12.642411176571153, 12.642411176571153, 12.642411176571153, 12.642411176571153, 12.642411176571153, 12.642411176571153, 12.642411176571153, 12.642411176571153, 12.642411176571153, 12.642411176571153, 12.642411176571153, 12.642411176571153, 12.642411176571153, 12.642411176571153, 12.642411176571153, 12.642411176571153, 12.642411176571153, 12.642411176571153, 12.642411176571153, 12.642411176571153, 12.642411176571153, 12.642411176571153, 12.642411176571153, 12.642411176571153, 12.642411176571153, 12.642411176571153, 12.642411176571153, 12.642411176571153, 12.642411176571153, 12.642411176571153, 12.642411176571153, 12.642411176571153, 12.642411176571153, 12.642411176571153, 12.642411176571153, 12.642411176571153, 12.642411176571153, 12.642411176571153, 
