0.0, 0.0, 0.0, 0.0, 39.31195380449074, 39.31195380449074, 86.96090760898149, 103.51286141347224, 103.51286141347224, 126.12386141347224, 126.12386141347224, 78.4749076089815, 75.11730512099906, 75.11730512099906, 48.06708889166568, 47.46783166580309, 47.46783166580309, 54.4638316658031, 54.4638316658031, 83.72083166580309, 83.72083166580309, 83.72083166580309, 63.59891583290154, 63.59891583290154, 101.34391583290154, 101.34391583290154, 101.18157630800344, 126.38615261600688, 125.9751244015807, 149.70812440158068, 149.70812440158068, 149.70812440158068, 125.80773154442164, 125.20345025861326, 132.1973693959128, 154.2897387918256, 154.2897387918256, 154.2897387918256, 154.2897387918256, 168.42373879182563, 146.53374296464264, 146.41606380874995, 146.41606380874995, 146.41606380874995, 86.31906380874996, 103.76485875329811, 103.76485875329811, 103.76485875329811, 103.64074663599443, 134.6137466359944, 135.3297466359944, 135.3297466359944, 135.3297466359944, 135.3297466359944, 153.38074663599443, 174.94874663599444, 174.94874663599444, 174.94874663599444, 174.94874663599444, 151.83842083032584, 134.41847422695798, 134.41847422695798, 134.41847422695798, 134.41847422695798, 110.03964221542115, 88.17314204177482, 88.17314204177482, 88.17314204177482, 88.17314204177482, 138.16014204177483, 185.33528408354965, 185.33528408354965, 185.33528408354965, 202.9074261253245, 147.4323574952875, 158.28973743749944, 158.28973743749944, 157.78372192407346, 205.16772192407348, 168.1259786580504, 160.09335181090285, 159.89472815782798, 159.89472815782798, 155.35109898217786, 119.09418693853605, 132.26918693853605, 132.26918693853605, 132.26918693853605, 159.68718693853606, 148.85550024239808, 157.5353615114497, 157.5353615114497, 157.5353615114497, 145.51349990188766, 143.27348338812257, 106.10655737757438, 105.51032760843492, 105.35259755369188, 34.6730228344198, 
0.0, 0.0, 0.0, 0.0, 39.82349664734326, 39.541248415497236, 86.68859168684388, 103.10438753026583, 101.46163207053044, 124.07263207053046, 124.07263207053046, 77.10742138035363, 73.58242138035364, 73.58242138035364, 47.811152529859044, 46.532216128834456, 46.532216128834456, 53.52821612883446, 53.52821612883446, 82.15848862486831, 82.15848862486831, 82.15848862486831, 62.81774431243416, 62.81774431243416, 100.56274431243416, 100.56274431243416, 100.56274431243416, 125.14848862486832, 125.14848862486832, 148.8814886248683, 148.8814886248683, 148.8814886248683, 125.30565983184063, 125.30565983184063, 132.66965983184065, 155.23431966368128, 154.80905225904743, 154.80905225904743, 154.80905225904743, 168.9258330867511, 147.05217726733787, 147.05217726733787, 146.32944007739624, 146.2898912773783, 86.1928912773783, 103.69578255475658, 103.17667788053431, 103.17667788053431, 103.17667788053431, 134.14967788053428, 134.8656778805343, 134.8656778805343, 134.8656778805343, 134.8656778805343, 151.8332490056455, 173.40124900564552, 173.40124900564552, 173.40124900564552, 173.40124900564552, 152.52931802132258, 134.9249910436227, 133.7174659232121, 133.7174659232121, 133.7174659232121, 108.82620519911966, 87.38946993412111, 87.38946993412111, 87.38946993412111, 87.38946993412111, 137.3764699341211, 183.7679398682422, 183.7679398682422, 183.7679398682422, 200.5564098023633, 147.68536266755467, 157.4503869872943, 157.4503869872943, 157.2268260090346, 204.61082600903458, 165.64696422317797, 158.66648046287213, 158.66648046287213, 158.66648046287213, 151.90989492410128, 121.93768642320444, 134.26896146903374, 134.26896146903374, 133.97687480558494, 160.99577718310132, 146.7037949659677, 155.91379496596772, 155.91379496596772, 155.91379496596772, 142.76557662940456, 142.76557662940456, 104.25476462840697, 104.25476462840697, 104.25476462840697, 35.53900894687601, 
0.0, 0.0, 0.0, 0.0, 38.88790205017729, 38.88790205017729, 86.11280410035458, 102.24070615053188, 102.24070615053188, 124.85170615053188, 124.85170615053188, 77.62680410035459, 74.10180410035458, 74.10180410035458, 46.65306241152683, 46.65306241152683, 46.65306241152683, 53.64906241152684, 53.64906241152684, 82.3286182709372, 82.3286182709372, 82.3286182709372, 62.9028091354686, 62.9028091354686, 100.6478091354686, 100.6478091354686, 100.6478091354686, 125.31861827093721, 125.31861827093721, 148.98062958148023, 148.98062958148023, 148.98062958148023, 124.50240305830765, 124.50240305830765, 131.86640305830767, 153.62780611661532, 153.62780611661532, 153.62780611661532, 153.62780611661532, 167.76180611661533, 146.58166020340101, 146.58166020340101, 146.58166020340101, 145.8797006795125, 85.78270067951249, 102.87540135902496, 102.87540135902496, 102.87540135902496, 102.87540135902496, 133.84840135902496, 134.56440135902494, 134.56440135902494, 134.56440135902494, 134.56440135902494, 152.61540135902496, 174.18340135902497, 174.18340135902497, 174.18340135902497, 174.18340135902497, 153.02578368461482, 134.27511692420543, 133.66641184143668, 133.66641184143668, 133.66641184143668, 108.32078528990436, 87.85861437862505, 87.85861437862505, 87.85861437862505, 87.85861437862505, 137.84561437862507, 184.70622875725013, 184.70622875725013, 184.70622875725013, 201.96384313587518, 148.43984442575766, 156.8702503029241, 156.8702503029241, 156.8702503029241, 204.25425030292408, 169.28654938183615, 155.80709578246422, 155.80709578246422, 155.80709578246422, 147.43909578246422, 121.09290351360312, 133.5655890767813, 133.5655890767813, 133.37834799628985, 160.79634799628985, 148.01185292622773, 157.22185292622777, 156.53653920791783, 156.53653920791783, 142.55647423382555, 142.54250113249205, 107.0769697536308, 104.75188873983558, 104.67007648726567, 33.89868707537562, 
0.0, 0.0, 0.0, 0.0, 39.26922188816306, 39.26922188816306, 86.87544377632612, 103.38466566448919, 103.38466566448919, 125.9956656644892, 124.46273817200662, 77.36749211467108, 76.2322528911436, 75.92585974747827, 47.90514375199857, 46.09555082752413, 46.09555082752413, 53.09155082752413, 53.09155082752413, 82.34855082752412, 82.34855082752412, 82.12433158457304, 62.80066579228652, 62.80066579228652, 100.54566579228653, 100.54566579228653, 100.54566579228653, 125.11433158457305, 125.11433158457305, 148.72027632859152, 148.72027632859152, 148.72027632859152, 124.58310096623109, 124.58310096623109, 131.9471009662311, 153.7892019324622, 153.11675441626323, 153.11675441626323, 153.11675441626323, 167.25075441626325, 147.41911498169108, 146.43088668606006, 146.43088668606006, 146.43088668606006, 86.33388668606004, 103.97777337212008, 103.97777337212008, 103.97777337212008, 103.97777337212008, 134.95077337212007, 135.66677337212008, 135.66677337212008, 135.66677337212008, 135.617569393981, 153.66856939398102, 175.23656939398103, 175.23656939398103, 175.23656939398103, 175.23656939398103, 152.31959535620354, 136.24264894213863, 133.81757123827538, 133.81757123827538, 133.81757123827538, 109.71197901171946, 88.19779323052234, 88.19779323052234, 88.19779323052234, 88.19779323052234, 138.18479323052233, 185.38458646104465, 185.38458646104465, 184.63903566042012, 201.86305349063016, 147.39508032167984, 158.59308032167985, 157.50179027978572, 157.50179027978572, 204.88579027978574, 165.58029117344702, 158.03746878956608, 158.03746878956608, 158.03746878956608, 149.66946878956605, 120.17739586631475, 133.35239586631477, 133.35239586631477, 131.9880403352264, 159.4060403352264, 149.97908404169834, 157.8790523200374, 156.19705825825037, 156.19705825825037, 144.54251878781383, 141.46152297462015, 105.10296714307194, 104.39565925732228, 104.29419554753386, 34.462132541772306, 
0.0, 0.0, 0.0, 0.0, 39.40270688828428, 39.40270688828428, 87.14241377656856, 103.78512066485285, 103.78512066485285, 126.39612066485284, 126.12907235648466, 78.27387830179549, 74.7488783017955, 74.19150917117814, 47.581428429959104, 47.581428429959104, 47.581428429959104, 54.5774284299591, 52.981965449649095, 82.2389654496491, 82.2389654496491, 82.2389654496491, 62.85798272482455, 62.85798272482455, 100.60298272482456, 100.60298272482456, 100.60298272482456, 125.22896544964911, 125.22896544964911, 148.96196544964909, 148.96196544964909, 148.96196544964909, 124.99026751856442, 124.99026751856442, 132.2280825519166, 154.3511651038332, 153.15379133010268, 152.9628381191577, 152.9628381191577, 167.09683811915772, 147.63652789800057, 146.62828119800304, 146.5158583421396, 146.5158583421396, 86.4188583421396, 102.72463117803858, 102.72463117803858, 102.72463117803858, 102.72463117803858, 133.69763117803856, 134.41363117803857, 134.41363117803857, 134.41363117803857, 134.41363117803857, 152.4646311780386, 174.03263117803857, 174.03263117803857, 174.03263117803857, 174.03263117803857, 151.2577413955409, 138.14308131470065, 135.32941368107163, 135.32941368107163, 134.59630104546903, 112.19652890863367, 89.46880888799944, 89.46880888799944, 88.26905246404664, 88.26905246404664, 137.76259195125613, 184.54018390251224, 184.54018390251224, 184.54018390251224, 201.71477585376834, 145.0474012240615, 156.2454012240615, 156.2454012240615, 156.2454012240615, 203.62940122406152, 168.0980594081949, 159.43598385233776, 158.46806295201358, 158.46806295201358, 151.05507249090755, 120.01843278617787, 133.19343278617785, 133.1932129158613, 133.1932129158613, 160.6112129158613, 150.1690823763845, 157.16612844049348, 156.43660123591474, 156.43660123591474, 144.0966231392544, 143.9607830813606, 105.35737243822436, 105.35737243822436, 103.26596562741548, 34.48035746278204, 
0.0, 0.0, 0.0, 0.0, 39.22460966507189, 38.94425313599237, 86.22550627198474, 102.4097594079771, 102.4097594079771, 125.02075940797711, 125.02075940797711, 77.73950627198474, 75.08341493577166, 75.08341493577166, 47.638858989387714, 47.442959681997735, 47.442959681997735, 54.438959681997744, 54.438959681997744, 83.69595968199773, 83.69595968199773, 83.69595968199773, 63.58647984099886, 63.58647984099886, 101.33147984099887, 101.33147984099887, 101.33147984099887, 125.35652321376716, 125.35652321376716, 149.08952321376714, 149.08952321376714, 149.08952321376714, 124.88797473305152, 124.88797473305152, 132.25197473305153, 154.39894946610306, 154.39894946610306, 153.81601226792384, 153.81601226792384, 167.95001226792385, 146.52255977867628, 146.52255977867628, 146.52255977867628, 146.52255977867628, 86.42555977867627, 104.16111955735255, 102.51564690538709, 102.51564690538709, 102.51564690538709, 133.48864690538707, 134.20464690538708, 134.20464690538708, 134.20464690538708, 134.20464690538708, 152.2556469053871, 173.82364690538708, 173.82364690538708, 173.70235193724568, 173.70235193724568, 152.05326859257264, 133.44711959844162, 132.93623911856537, 132.93623911856537, 132.93623911856537, 112.26225822224652, 87.92354583371576, 87.92354583371576, 87.92354583371576, 87.92354583371576, 137.91054583371576, 184.8360916674315, 184.613891774798, 184.613891774798, 201.825337662197, 145.1444266729158, 156.34242667291582, 156.34242667291582, 156.34242667291582, 203.72642667291584, 168.3384216091601, 161.82000883086542, 160.79618766274834, 158.3941847011565, 149.37744085539856, 121.77802169820895, 134.95302169820894, 133.9400974237877, 133.80780418099295, 159.26806477150228, 146.0169958283218, 155.22699582832178, 155.22699582832178, 155.22699582832178, 143.43435213767532, 143.43435213767532, 104.17581733305857, 104.17581733305857, 104.17581733305857, 34.486752235037166, 
0.0, 0.0, 0.0, 0.0, 40.357906784079425, 40.10317132109577, 86.23816307805488, 102.42874461708233, 101.86423975137546, 124.47523975137547, 124.47523975137547, 77.37582650091699, 73.1238783248352, 73.1238783248352, 46.15753301573694, 46.15753301573694, 46.15753301573694, 53.15353301573694, 53.15353301573694, 82.41053301573695, 82.41053301573695, 82.41053301573695, 62.94376650786847, 62.94376650786847, 100.68876650786848, 100.61720525949643, 100.61720525949643, 125.25741051899286, 125.25741051899286, 148.99041051899283, 148.99041051899283, 148.99041051899283, 125.05083297318333, 124.57864765836413, 131.94264765836414, 153.78029531672829, 153.78029531672829, 153.78029531672829, 153.78029531672829, 167.9142953167283, 146.6850930697346, 146.06220651048937, 146.06220651048937, 146.06220651048937, 85.96520651048935, 103.2404130209787, 103.2404130209787, 103.2404130209787, 103.2404130209787, 134.2134130209787, 134.9294130209787, 134.9294130209787, 134.9294130209787, 134.9294130209787, 152.98041302097872, 174.54841302097873, 174.54841302097873, 174.54841302097873, 174.54841302097873, 153.39356007455604, 134.04793396389158, 134.04793396389158, 134.04793396389158, 134.04793396389158, 109.82412174245471, 88.65929549374377, 88.65929549374377, 88.65929549374377, 88.65929549374377, 138.64629549374376, 186.30759098748752, 186.30759098748752, 185.3651906428796, 202.95228596431946, 145.98263468600587, 157.18063468600587, 157.18063468600587, 157.18063468600587, 204.5159771456324, 166.97047833208086, 159.9979421637479, 159.34719967335536, 158.67447209123202, 153.28742069877038, 123.19255209132184, 134.9476947982853, 133.34629048374524, 133.34629048374524, 160.76429048374524, 147.5843963681964, 156.79439636819637, 156.79439636819637, 156.79439636819637, 142.77994009605038, 142.77994009605038, 104.91820814919669, 104.91820814919669, 104.91820814919669, 33.62252044190046, 
0.0, 0.0, 0.0, 0.0, 40.56781785520773, 39.39304373134626, 87.12308746269252, 103.7561311940388, 103.7561311940388, 126.36713119403879, 126.36713119403879, 78.6354707732849, 75.89365791598046, 75.89365791598046, 47.37826610709706, 47.37826610709706, 47.37826610709706, 54.37426610709707, 54.37426610709707, 83.52968348307277, 83.52968348307277, 83.52968348307277, 63.50334174153639, 63.50334174153639, 101.2483417415364, 101.2483417415364, 101.2483417415364, 126.51968348307278, 125.93647787547101, 149.66947787547102, 149.66947787547102, 149.52072765616293, 125.05319001707696, 125.05319001707696, 132.41719001707696, 154.72938003415393, 154.72938003415393, 154.39625647602054, 154.39625647602054, 168.53025647602055, 146.46947771358884, 146.46947771358884, 146.46947771358884, 146.46947771358884, 86.28156740198149, 103.87313480396298, 103.87313480396298, 103.87313480396298, 103.87313480396298, 134.67414730472035, 135.39014730472033, 135.39014730472033, 135.39014730472033, 135.39014730472033, 153.44114730472035, 174.51867703220398, 174.51867703220398, 174.51867703220398, 174.51867703220398, 155.69858316798508, 135.21231423943917, 134.93811142933885, 134.51325466078654, 134.24515638236608, 111.55779915218415, 88.94627897042677, 88.94627897042677, 88.26416277184288, 88.02757066958604, 137.9377140994596, 184.8904281989192, 184.8904281989192, 184.8904281989192, 202.24014229837883, 149.6248311865935, 159.4870193305556, 158.33105001519937, 158.30025992423626, 204.3932498881398, 165.93425090300437, 159.3956263371547, 158.94920294390732, 158.48280928444746, 149.02144198552386, 120.87461390198882, 134.04961390198883, 134.04961390198883, 134.04961390198883, 160.04773662445592, 145.35075721567586, 154.5607572156759, 154.5607572156759, 154.5607572156759, 143.35825438863452, 143.10149036922962, 104.89204431049217, 104.89204431049217, 104.4180816657578, 35.081885099725824, 
0.0, 0.0, 0.0, 0.0, 39.07774115607373, 39.07774115607373, 86.49248231214746, 102.81022346822118, 102.81022346822118, 125.27621187553154, 125.27621187553154, 77.90980791702103, 74.38480791702104, 74.38480791702104, 47.17494829665294, 47.17494829665294, 47.17494829665294, 54.17094829665294, 54.17094829665294, 83.42794829665294, 83.42794829665294, 83.42794829665294, 63.374836587079315, 63.374836587079315, 101.11983658707932, 101.11983658707932, 101.11983658707932, 126.26267317415864, 126.26267317415864, 148.66929037194885, 148.66929037194885, 148.66929037194885, 125.15035330484008, 125.15035330484008, 132.47250827932945, 154.73608826495882, 154.73608826495882, 154.73608826495882, 154.73608826495882, 168.1008519189094, 146.10136697119398, 146.10136697119398, 146.10136697119398, 146.10136697119398, 86.00436697119397, 103.31873394238795, 103.31873394238795, 103.31873394238795, 103.31873394238795, 134.29173394238794, 135.00773394238794, 135.00773394238794, 134.29194541220204, 134.29194541220204, 152.34294541220206, 173.91094541220207, 173.91094541220207, 173.91094541220207, 173.91094541220207, 151.0046612169541, 134.2572984751898, 134.2572984751898, 134.2572984751898, 134.2572984751898, 111.17884323014005, 88.4541593845656, 88.4541593845656, 88.4541593845656, 88.4541593845656, 138.44115938456562, 185.11135411198433, 184.9829023061949, 184.21772876990673, 201.2310931548601, 147.5880338515785, 157.78227976637066, 157.78227976637066, 157.78227976637066, 203.92874616089836, 168.79677573615913, 158.0616463195729, 158.0616463195729, 158.0616463195729, 151.31022330664555, 118.15851788670079, 131.33351788670078, 131.33351788670078, 130.9747044617704, 158.3927044617704, 146.93695815052035, 156.14695815052033, 156.14695815052033, 156.14695815052033, 142.59535845945152, 142.59535845945152, 104.08330203006531, 104.08330203006531, 104.08330203006531, 34.42538732720152, 
0.0, 0.0, 0.0, 0.0, 40.446900214849194, 40.088474315942996, 88.33675679256662, 104.20634624996389, 104.20634624996389, 125.86360770872139, 125.86360770872139, 78.30140513914759, 74.7764051391476, 74.7764051391476, 47.489142130971686, 47.489142130971686, 47.489142130971686, 54.485142130971695, 54.485142130971695, 83.74214213097169, 83.74214213097169, 83.74214213097169, 63.590979039745406, 63.590979039745406, 101.33597903974541, 101.33597903974541, 101.0361892164766, 125.91402410336659, 125.91402410336659, 149.6470241033666, 149.6470241033666, 149.6470241033666, 125.04095524389534, 125.04095524389534, 132.40495524389536, 154.55423117308433, 154.55423117308433, 153.43405655213562, 153.43405655213562, 167.56805655213563, 147.208732346229, 146.22901675878188, 146.22901675878188, 145.89324897137766, 85.79624897137764, 102.90249794275528, 102.90249794275528, 102.90249794275528, 102.90249794275528, 133.87549794275526, 134.59149794275527, 134.59149794275527, 134.59149794275527, 134.59149794275527, 152.64249794275528, 174.2104979427553, 174.2104979427553, 173.9120858382314, 173.9120858382314, 153.63790825481686, 136.38673996225842, 134.7691515034039, 134.7691515034039, 134.7691515034039, 111.34110236633329, 89.06855508505492, 88.90532834996597, 88.28021876055493, 88.28021876055493, 138.26721876055493, 185.54943752110984, 185.54943752110984, 184.50184802627592, 201.6572720394139, 145.6530612338981, 156.8510612338981, 156.8510612338981, 156.8510612338981, 204.23506123389808, 167.08294786083871, 160.5558281027654, 160.5558281027654, 158.54360392877803, 152.22233536879975, 120.5060605387458, 132.5453273074134, 132.5453273074134, 132.5453273074134, 159.9633273074134, 147.10516710817996, 156.31516710817993, 156.31516710817993, 156.31516710817993, 144.0090133586674, 142.073857056774, 104.68808285253203, 104.68808285253203, 104.68808285253203, 34.998854972317545, 
0.0, 0.0, 0.0, 0.0, 39.560998227746154, 39.560998227746154, 87.45899645549231, 104.25999468323846, 101.63592108135555, 124.24692108135557, 124.24692108135557, 77.22361405423703, 73.69861405423704, 73.69861405423704, 47.12655212296909, 47.12655212296909, 46.955830141671285, 53.95183014167128, 53.355810690775996, 82.612810690776, 82.612810690776, 82.612810690776, 63.044905345388, 63.044905345388, 100.78990534538801, 100.78990534538801, 100.78990534538801, 125.60281069077601, 125.60281069077601, 149.335810690776, 149.335810690776, 149.335810690776, 125.49455455054121, 125.49455455054121, 132.38967677906817, 153.79707103865266, 153.79707103865266, 153.79707103865266, 153.79707103865266, 167.93107103865268, 147.1726845833521, 146.7111310895336, 146.7111310895336, 146.7111310895336, 86.30512691950925, 103.9202538390185, 103.9202538390185, 103.9202538390185, 103.9202538390185, 133.86547707193984, 134.58147707193984, 134.58147707193984, 134.58147707193984, 134.58147707193984, 152.63247707193983, 174.20047707193982, 174.20047707193982, 173.41718649613085, 173.41718649613085, 153.30924757150552, 135.75026258429966, 134.30703068464985, 133.10724967426876, 133.10724967426876, 110.1970301428672, 88.61721449093731, 88.4446428324906, 88.33468318497253, 88.33468318497253, 138.05351795165487, 185.12203590330972, 185.12203590330972, 185.12203590330972, 202.5875538549646, 147.01666183169868, 158.21466183169866, 158.21466183169866, 157.74777588098348, 205.13177588098347, 168.05162568066746, 159.38059444602806, 159.38059444602806, 159.38059444602806, 152.50012221706353, 117.97736019008515, 131.15236019008515, 131.15236019008515, 131.15236019008515, 158.57036019008515, 148.25097860983465, 156.36049834389166, 156.36049834389166, 156.36049834389166, 141.97318002873436, 141.97318002873436, 104.59926212846628, 104.59926212846628, 104.59926212846628, 35.296345018503104, 
0.0, 0.0, 0.0, 0.0, 40.94242047117703, 39.50259987893391, 87.34219975786782, 101.99181920353897, 101.99181920353897, 124.60281920353896, 124.60281920353896, 77.46087946902597, 73.93587946902598, 73.93587946902598, 47.980021591846786, 47.980021591846786, 47.980021591846786, 54.97602159184679, 54.97602159184679, 83.68762615031912, 83.68762615031912, 82.3229094251437, 62.89995471257185, 62.89995471257185, 100.64495471257186, 100.64495471257186, 100.64495471257186, 125.31290942514372, 125.31290942514372, 149.0459094251437, 149.0459094251437, 149.0459094251437, 125.31117329228721, 124.36324931907177, 131.72724931907177, 153.34949863814356, 153.34949863814356, 153.34949863814356, 153.34949863814356, 167.48349863814357, 146.93486694091936, 146.72772673822988, 146.57944726446743, 146.57944726446743, 86.48244726446742, 104.27489452893484, 103.35912989027943, 103.35912989027943, 103.35912989027943, 134.33212989027942, 135.04812989027943, 135.04812989027943, 135.04812989027943, 135.04812989027943, 153.09912989027944, 174.66712989027945, 174.66712989027945, 174.66712989027945, 174.66712989027945, 151.4570147566079, 135.41789658588232, 134.44563343409908, 134.44563343409908, 134.44563343409908, 111.9299405112141, 88.40278676622597, 88.40278676622597, 88.40278676622597, 87.80168465948483, 137.78868465948486, 184.5923693189697, 184.5923693189697, 184.5923693189697, 201.7930539784545, 148.9252486846303, 158.02320312001865, 158.02320312001865, 157.57079768747712, 204.95479768747714, 169.94998355981048, 159.31979810218377, 158.4387564378049, 158.4387564378049, 153.64348760056413, 119.81371134505515, 132.34695433905267, 132.34695433905267, 132.34695433905267, 159.76495433905268, 147.57953791448583, 156.78953791448583, 156.78953791448583, 156.78953791448583, 142.57666457461477, 142.57666457461477, 103.96852334025888, 103.96852334025888, 103.96852334025888, 34.029351420418536, 
0.0, 0.0, 0.0, 0.0, 39.19875916596264, 38.80259680571415, 85.94219361142831, 101.98479041714246, 101.98479041714246, 124.59579041714247, 124.59579041714247, 77.45619361142832, 76.07171928909553, 74.58945729622123, 47.046149812232024, 46.68152470859345, 46.68152470859345, 53.67752470859345, 53.67752470859345, 82.93452470859344, 82.93452470859344, 82.93452470859344, 63.20576235429672, 63.20576235429672, 100.95076235429673, 100.95076235429673, 100.95076235429673, 125.92452470859345, 125.92452470859345, 149.65752470859343, 149.65752470859343, 149.65752470859343, 124.90100532678485, 124.90100532678485, 131.57362714731966, 153.0422542946393, 153.0422542946393, 153.0422542946393, 153.0422542946393, 167.1762542946393, 146.3150921064192, 145.9517498413162, 145.9517498413162, 145.9517498413162, 85.85474984131619, 103.01949968263239, 103.01949968263239, 103.01949968263239, 103.01949968263239, 133.78157855325048, 134.4975785532505, 134.4975785532505, 134.4975785532505, 134.4975785532505, 152.5485785532505, 174.11657855325052, 174.11657855325052, 174.11657855325052, 174.11657855325052, 151.96973934565153, 136.4112789203223, 134.53675305466479, 134.53675305466479, 134.53675305466479, 110.40063152259486, 88.49508241637736, 88.49508241637736, 88.49508241637736, 88.49508241637736, 138.2218628467832, 185.4587256935664, 185.4587256935664, 185.4587256935664, 203.0925885403496, 146.2116421251011, 157.40964212510113, 157.28175774171103, 157.28175774171103, 204.66575774171105, 168.61666654616153, 156.8558566746858, 156.8558566746858, 156.8558566746858, 148.48785667468582, 119.50867135472342, 132.68367135472343, 132.68367135472343, 132.68367135472343, 158.99460841413347, 147.71673772958684, 156.21020276045613, 156.0880083036211, 156.0880083036211, 144.0620724369315, 144.0620724369315, 104.97503618658487, 104.93461315367091, 104.93461315367091, 34.057081488462956, 
0.0, 0.0, 0.0, 0.0, 40.86198526170624, 39.45884367104293, 87.25468734208586, 100.40924109296938, 100.40924109296938, 123.02024109296939, 123.02024109296939, 76.40582739531293, 72.88082739531292, 72.88082739531292, 46.3516412338201, 46.3516412338201, 46.08218467989427, 53.078184679894264, 53.078184679894264, 82.33518467989427, 82.33518467989427, 82.33518467989427, 62.906092339947136, 62.906092339947136, 100.65109233994714, 100.65109233994714, 100.65109233994714, 125.32518467989428, 125.32518467989428, 149.05818467989425, 149.05818467989425, 149.05818467989425, 125.69509102308666, 125.69509102308666, 133.05909102308667, 155.23856854783372, 154.12068785986273, 154.12068785986273, 154.12068785986273, 168.25468785986274, 147.51425753796622, 147.51425753796622, 146.55678447178968, 146.55678447178968, 86.45978447178969, 104.22956894357938, 104.22956894357938, 104.22956894357938, 104.22956894357938, 135.20256894357937, 135.91856894357937, 135.91856894357937, 135.91856894357937, 135.91856894357937, 153.9695689435794, 175.5375689435794, 175.5375689435794, 175.2862204758701, 175.2862204758701, 154.69248049829363, 137.08966494693686, 136.53874442525688, 133.07400349187844, 133.07400349187844, 111.51168351049381, 88.10834148433003, 88.10834148433003, 88.10834148433003, 88.10834148433003, 138.09534148433002, 184.330779464216, 183.71830338710862, 183.71830338710862, 200.48195508066294, 146.71538149176922, 157.91338149176923, 156.94761598700006, 156.94761598700006, 204.33161598700008, 165.64954761077198, 158.22755069301127, 158.22755069301127, 157.81781665819358, 152.1616136077285, 120.41906732192658, 133.5940673219266, 132.11111992570451, 131.8454191011209, 159.26341910112092, 147.42534518271322, 156.12322962191007, 156.12322962191007, 156.12322962191007, 143.88853770914318, 142.5509464495006, 104.51975774245565, 104.51975774245565, 103.92180811795481, 33.600466931529155, 
0.0, 0.0, 0.0, 0.0, 40.53105437438671, 39.87519483375124, 87.75890818585314, 103.53322237619915, 102.78281447386969, 125.3938144738697, 125.3938144738697, 77.98820964924647, 74.99971515348277, 73.43980717462725, 48.07397759226101, 47.51864050731238, 47.51864050731238, 54.51464050731238, 53.983233657415326, 83.24023365741533, 83.24023365741533, 83.24023365741533, 63.35861682870767, 63.35861682870767, 101.10361682870767, 101.10361682870767, 101.10361682870767, 124.47222115995177, 124.47222115995177, 148.20522115995175, 148.20522115995175, 148.20522115995175, 125.83403732315979, 125.41828298910734, 132.78228298910736, 155.33009296140372, 154.39500368750947, 154.39500368750947, 154.38570723825566, 168.51970723825568, 147.16738465134029, 146.57190266016121, 146.57190266016121, 146.57190266016121, 86.47490266016119, 103.62861519102518, 103.62861519102518, 103.62861519102518, 103.62861519102518, 134.60161519102516, 135.31761519102517, 135.31761519102517, 135.31761519102517, 135.31761519102517, 153.36861519102519, 174.93661519102517, 174.93661519102517, 174.93661519102517, 174.93661519102517, 150.81805214338328, 133.720657180267, 133.720657180267, 133.720657180267, 133.720657180267, 109.49175954092591, 87.80097740744458, 87.80097740744458, 87.80097740744458, 87.80097740744458, 137.78797740744457, 184.59095481488913, 183.84265513775637, 183.84265513775637, 200.66848270663456, 148.72976290660802, 157.86016553297785, 157.86016553297785, 157.86016553297785, 205.12851443382672, 168.7296951509014, 158.24554773690704, 158.24554773690704, 157.78342733327457, 146.51877561171838, 118.91589640422694, 132.09089640422695, 132.09089640422695, 132.09089640422695, 159.50889640422696, 147.19131616273927, 155.58963338727636, 155.58963338727636, 155.58963338727636, 143.55175690420293, 143.11563025515045, 105.87496682321523, 104.76791037575859, 104.76791037575859, 34.5247136072832, 
0.0, 0.0, 0.0, 0.0, 39.85834649921243, 39.409130140286265, 87.15526028057253, 103.80439042085881, 102.79925650668032, 125.41025650668033, 125.41025650668033, 77.99917100445356, 76.14640024653052, 76.14640024653052, 48.61826372924206, 48.61826372924206, 45.33190460043385, 52.327904600433854, 52.327904600433854, 81.58490460043384, 81.58490460043384, 81.58490460043384, 62.530952300216924, 62.530952300216924, 100.27595230021693, 100.27595230021693, 100.27595230021693, 124.57490460043385, 124.57490460043385, 148.30790460043386, 148.30790460043386, 148.30790460043386, 126.0606626837068, 125.77406417524588, 133.1380641752459, 155.7773824545075, 155.7773824545075, 153.23382090283314, 153.23382090283314, 167.36782090283316, 146.66621415545168, 146.66621415545168, 146.66621415545168, 146.66621415545168, 86.56921415545169, 104.44842831090337, 104.44842831090337, 103.21983708187426, 103.21983708187426, 134.19283708187425, 134.90883708187425, 134.90883708187425, 134.90883708187425, 134.57051071906926, 152.62151071906925, 174.18951071906923, 174.18951071906923, 174.18951071906923, 174.18951071906923, 151.85759886014398, 133.038273671393, 133.038273671393, 131.7957674816838, 131.7957674816838, 110.85832145828446, 88.48736121789645, 88.48736121789645, 88.48736121789645, 88.48736121789645, 138.2681059987982, 185.5512119975964, 185.5512119975964, 184.19338694730425, 201.19458042095636, 149.59717049461193, 160.79517049461194, 155.82163713031932, 155.82163713031932, 203.20563713031933, 168.30451365196038, 159.22579684092813, 159.22579684092813, 159.18599975872093, 152.35089939245069, 120.39840346227754, 133.57340346227753, 133.57340346227753, 133.57340346227753, 160.99140346227753, 147.07490548731835, 156.28490548731835, 156.28490548731835, 155.83412911720245, 144.86140407891958, 144.3802260745353, 103.43373672175878, 103.43373672175878, 103.43373672175878, 33.85852910340387, 
0.0, 0.0, 0.0, 0.0, 39.17334905343728, 38.9644269424831, 86.2658538849662, 102.47028082744932, 102.47028082744932, 125.08128082744932, 125.08128082744932, 77.77985388496622, 74.25485388496621, 74.25485388496621, 48.31856736148021, 48.31856736148021, 45.45302002342691, 52.44902002342691, 52.44902002342691, 81.7060200234269, 81.7060200234269, 81.7060200234269, 62.59151001171345, 62.59151001171345, 100.33651001171346, 100.33651001171346, 100.33651001171346, 124.69602002342691, 124.69602002342691, 148.42902002342692, 148.42902002342692, 148.42902002342692, 125.33980542627134, 125.33980542627134, 132.32300249655307, 154.54100499310616, 154.31028585035952, 152.39104782698243, 152.39104782698243, 166.52504782698244, 146.4210580932246, 146.4210580932246, 146.4210580932246, 146.4210580932246, 86.32405809322458, 103.95811618644915, 103.95811618644915, 103.95811618644915, 103.95811618644915, 134.93111618644912, 135.64711618644913, 135.64711618644913, 135.00478922155574, 135.00478922155574, 153.05578922155576, 174.62378922155574, 174.62378922155574, 174.62378922155574, 174.62378922155574, 150.6179534102873, 134.72367018842021, 134.72367018842021, 134.72367018842021, 134.4208441337716, 110.40967960683768, 89.08522883784502, 88.40500067615005, 88.40500067615005, 88.01551811781114, 138.00251811781115, 185.02003623562229, 185.02003623562229, 185.02003623562229, 202.43455435343344, 147.4255655194019, 156.10916740322662, 156.10916740322662, 156.10916740322662, 203.4931674032266, 168.6559828989271, 159.3910774385261, 159.3910774385261, 158.81077437575115, 148.9676034338629, 123.66788312805743, 135.0095759383007, 134.4707481281037, 134.4707481281037, 159.98075193438643, 149.43289457102765, 156.6086122084052, 156.6086122084052, 156.6086122084052, 144.76255951978953, 144.76255951978953, 104.8840605535793, 103.54676814305148, 103.54676814305148, 34.631936705885934, 
0.0, 0.0, 0.0, 0.0, 39.808342583916684, 39.808342583916684, 87.95368516783337, 103.09784439038197, 103.09784439038197, 125.70884439038196, 125.70884439038196, 78.19822959358797, 76.92470693806887, 75.26016577338457, 47.097516519863134, 47.097516519863134, 47.097516519863134, 54.09351651986313, 54.09351651986313, 83.0241296238645, 83.0241296238645, 83.0241296238645, 63.25056481193224, 63.25056481193224, 100.99556481193224, 100.99556481193224, 100.99556481193224, 126.01412962386448, 126.01412962386448, 149.74712962386448, 149.74712962386448, 149.74712962386448, 125.47328810715064, 124.28361569739604, 131.64761569739605, 153.1902313947921, 153.1902313947921, 153.1902313947921, 153.1902313947921, 167.32423139479212, 146.62969569033118, 146.62969569033118, 146.62969569033118, 146.62969569033118, 86.53269569033115, 104.37539138066231, 104.37539138066231, 104.37539138066231, 104.37539138066231, 135.3483913806623, 135.9377297982515, 135.9377297982515, 135.9377297982515, 135.9377297982515, 153.9887297982515, 175.55672979825152, 174.34784143847293, 174.34784143847293, 174.34784143847293, 152.25776818497022, 136.2688840749717, 132.6543737887918, 132.6543737887918, 132.6543737887918, 109.84827784554162, 87.94443672018352, 87.64090375050347, 87.64090375050347, 87.64090375050347, 137.6279037505035, 184.27080750100697, 184.27080750100697, 184.27080750100697, 201.31071125151044, 143.09713877399147, 154.29513877399148, 154.29513877399148, 154.29513877399148, 201.6791387739915, 165.8789179841454, 159.8667205248608, 156.8813315887052, 156.8813315887052, 154.97450655255898, 120.31760132983669, 133.4926013298367, 133.4926013298367, 133.4926013298367, 160.9106013298367, 145.6746922586638, 154.8846922586638, 154.8846922586638, 154.8846922586638, 143.64961852153667, 143.64961852153667, 103.30376112291447, 103.30376112291447, 103.30376112291447, 34.27493356160137, 
0.0, 0.0, 0.0, 0.0, 39.00936776692821, 38.12669634852698, 84.59039269705396, 99.95708904558094, 99.95708904558094, 122.56808904558095, 122.56808904558095, 76.10439269705397, 75.33265128865061, 75.33265128865061, 46.6979800181212, 46.6979800181212, 46.6979800181212, 53.69398001812121, 53.69398001812121, 82.9509800181212, 82.9509800181212, 82.9509800181212, 62.797415250711296, 62.797415250711296, 100.5424152507113, 100.5424152507113, 100.5424152507113, 125.1078305014226, 125.1078305014226, 148.8408305014226, 148.8408305014226, 148.8408305014226, 123.6023792574005, 123.6023792574005, 130.9663792574005, 151.827758514801, 151.827758514801, 151.827758514801, 151.827758514801, 165.961758514801, 147.0194440392244, 146.40675322990876, 146.40675322990876, 146.40675322990876, 86.30975322990875, 103.9295064598175, 103.9295064598175, 102.98235966430366, 102.98235966430366, 133.95535966430364, 134.67135966430365, 134.67135966430365, 134.67135966430365, 133.5286844045885, 151.57968440458848, 173.14768440458846, 173.14768440458846, 173.14768440458846, 173.14768440458846, 151.49799306928935, 134.30891403144608, 133.77017000802385, 133.77017000802385, 133.77017000802385, 111.75810636543824, 88.68462741290251, 88.68462741290251, 88.33840950382138, 88.28550616175005, 138.27250616175007, 185.56001232350013, 185.56001232350013, 185.56001232350013, 203.24451848525018, 147.31628103907545, 158.51428103907546, 158.51428103907546, 158.51428103907546, 205.89828103907547, 168.65780090392957, 158.5393108239059, 158.5393108239059, 157.18247532352387, 150.77064238853092, 119.5120728455714, 132.68707284557138, 132.68707284557138, 132.68707284557138, 160.10507284557139, 150.93445562614681, 156.7702674398936, 156.52784738690485, 156.40682887445985, 142.96418545022576, 142.96418545022576, 104.9816892029832, 104.6182361526198, 104.6182361526198, 34.85488413131421, 
0.0, 0.0, 0.0, 0.0, 40.131914548092695, 39.340897190887546, 87.0187943817751, 103.59969157266265, 103.59969157266265, 126.21069157266265, 125.07147640697322, 77.77331760464881, 74.24831760464882, 74.24831760464882, 46.45593381912349, 46.45593381912349, 46.45593381912349, 53.4519338191235, 53.4519338191235, 82.70893381912349, 82.42635622160935, 82.42635622160935, 62.95167811080468, 62.95167811080468, 100.69667811080468, 100.69667811080468, 100.69667811080468, 125.41635622160936, 125.41635622160936, 149.14935622160937, 149.14935622160937, 149.14935622160937, 124.67630282412956, 124.67630282412956, 131.66141155348635, 153.2178231069727, 153.2178231069727, 153.2178231069727, 153.2178231069727, 167.10460379957706, 145.45688883050022, 145.45688883050022, 145.45688883050022, 145.45688883050022, 85.35988883050021, 102.02977766100042, 102.02977766100042, 102.02977766100042, 102.02977766100042, 133.0027776610004, 133.7187776610004, 133.7187776610004, 133.7187776610004, 133.7187776610004, 151.76977766100043, 173.33777766100042, 173.33777766100042, 173.33777766100042, 173.33777766100042, 153.35934853923783, 134.36660023516396, 134.36660023516396, 134.36660023516396, 134.36660023516396, 110.10213285699619, 88.2015768470574, 88.2015768470574, 87.77514113909136, 87.77514113909136, 137.76214113909137, 184.53928227818272, 184.53928227818272, 184.53928227818272, 201.7134234172741, 148.26739611439945, 159.46539611439948, 157.35512313079147, 157.35512313079147, 203.56877493645945, 164.22205535001603, 157.40068682399044, 157.40068682399044, 157.40068682399044, 148.62105151344667, 120.18821124191749, 133.27669358987183, 133.27669358987183, 133.27669358987183, 159.974001807949, 146.87401326666406, 156.0840132666641, 156.0840132666641, 156.0840132666641, 145.00546343742388, 143.49153172481016, 105.9891623614453, 105.61136275765642, 105.61136275765642, 34.30210249883176, 
0.0, 0.0, 0.0, 0.0, 40.08464311314266, 40.08464311314266, 87.79377802107246, 104.01993822553686, 104.01993822553686, 126.63093822553687, 126.63093822553687, 78.81295881702458, 74.14276223482813, 74.14276223482813, 48.55337765108583, 47.41835096273584, 47.41835096273584, 53.872885469443105, 53.872885469443105, 83.12988546944311, 83.12988546944311, 83.12988546944311, 63.30344273472156, 63.30344273472156, 101.04844273472156, 101.04844273472156, 101.04844273472156, 126.11988546944312, 125.01739839375634, 148.7503983937563, 148.7503983937563, 148.7503983937563, 124.69026892634956, 124.69026892634956, 132.05426892634958, 154.00353785269914, 154.00353785269914, 154.00353785269914, 154.00353785269914, 168.13753785269915, 147.51174494117643, 146.5477270454415, 146.5477270454415, 146.5477270454415, 86.01605469708042, 103.34210939416083, 103.34210939416083, 103.18869954801032, 103.18869954801032, 134.16169954801032, 134.8776995480103, 134.8776995480103, 134.8776995480103, 134.8776995480103, 152.92869954801031, 174.49669954801033, 174.49669954801033, 174.49669954801033, 174.49669954801033, 152.71669860537284, 133.7019484965488, 133.7019484965488, 133.7019484965488, 133.2673407591156, 109.1235675350055, 88.78108760812324, 88.78108760812324, 88.78108760812324, 88.78108760812324, 137.69971088531827, 184.41442177063652, 184.41442177063652, 184.41442177063652, 201.52613265595477, 147.98263403979755, 158.8267262256906, 158.6408144653306, 157.09404951118412, 204.4780495111841, 167.0317983263987, 161.9211731784064, 161.9211731784064, 159.00968409336048, 150.64168409336045, 123.01333859722834, 135.86162441368495, 135.5554142319424, 129.7602889852615, 157.1782889852615, 147.89584040801122, 157.1058404080112, 156.71364154410043, 156.41655833807232, 143.52905320770043, 143.52905320770043, 103.18749296864917, 103.18749296864917, 103.18749296864917, 35.36325868192273, 
0.0, 0.0, 0.0, 0.0, 39.57500471223561, 38.981474719054916, 86.29994943810983, 102.52142415716474, 102.52142415716474, 125.13242415716475, 125.13242415716475, 77.81394943810983, 73.87730594695013, 73.87730594695013, 47.428917721666416, 47.428917721666416, 47.428917721666416, 54.42491772166642, 54.42491772166642, 83.68191772166642, 83.68191772166642, 81.7872921539961, 62.632146076998055, 62.632146076998055, 100.37714607699806, 100.37714607699806, 100.37714607699806, 124.77729215399611, 124.77729215399611, 148.5102921539961, 148.5102921539961, 148.5102921539961, 124.64168507365521, 124.44762542910438, 131.81162542910437, 153.51825085820875, 153.51825085820875, 153.51825085820875, 153.51825085820875, 167.65225085820876, 146.61102352338725, 146.3600798272047, 145.82111557776983, 145.82111557776983, 85.72411557776984, 102.6453811399376, 102.6453811399376, 102.6453811399376, 102.6453811399376, 133.61838113993758, 134.3343811399376, 134.3343811399376, 134.3343811399376, 134.3343811399376, 152.38538113993758, 173.95338113993756, 173.95338113993756, 173.95338113993756, 173.95338113993756, 151.7764943577754, 133.39937237828923, 133.39937237828923, 133.39937237828923, 133.39937237828923, 112.57519253703309, 88.81292653878947, 88.81292653878947, 88.25118884280714, 88.25118884280714, 137.14635576654425, 183.30771153308848, 183.30771153308848, 183.30771153308848, 199.86606729963273, 145.67203471084693, 156.1116436670572, 156.1116436670572, 156.1116436670572, 203.4956436670572, 167.20099813111483, 158.09295194388426, 158.09295194388426, 157.00860982992447, 154.32364266630822, 121.06953126277115, 133.52737255321318, 132.77666079484126, 132.77666079484126, 160.19466079484127, 147.76964160804033, 155.09573922701472, 155.09573922701472, 155.09573922701472, 143.66678761106476, 142.16747797721146, 106.32218844131506, 103.92557497606089, 103.92557497606089, 34.68124379536387, 
0.0, 0.0, 0.0, 0.0, 39.95197066795649, 39.540616648187964, 87.41823329637593, 104.1988499445639, 104.1988499445639, 126.80984994456391, 126.5543696465583, 78.76191309770553, 75.23691309770554, 75.23691309770554, 48.206985725596844, 48.206985725596844, 46.58949106499155, 53.585491064991544, 53.585491064991544, 82.84249106499155, 82.84249106499155, 82.84249106499155, 63.159745532495776, 63.159745532495776, 100.90474553249578, 100.90474553249578, 100.90474553249578, 125.83249106499156, 125.83249106499156, 149.56549106499153, 149.56549106499153, 149.56549106499153, 125.9180076184023, 124.9056073651374, 132.2696073651374, 154.43421473027482, 154.43421473027482, 154.43421473027482, 154.43421473027482, 168.56821473027483, 147.97526541652795, 147.20814497938255, 146.7281896340263, 146.7281896340263, 86.6311896340263, 103.50290881768547, 103.11319180442142, 103.11319180442142, 103.11319180442142, 134.0861918044214, 134.8021918044214, 134.8021918044214, 134.8021918044214, 134.8021918044214, 152.8531918044214, 174.42119180442143, 174.42119180442143, 174.42119180442143, 174.42119180442143, 151.32922021915917, 133.10557893905417, 133.10557893905417, 133.10557893905417, 133.10557893905417, 110.89329994626883, 88.53416235574994, 88.53416235574994, 88.05506259180815, 88.05506259180815, 138.04206259180816, 185.0991251836163, 185.0991251836163, 185.0991251836163, 200.18179020917145, 145.11199507608939, 156.30999507608936, 156.30999507608936, 156.30999507608936, 203.69399507608938, 168.07470516017693, 160.47582747432654, 160.47582747432654, 158.15384877315617, 149.78584877315615, 121.43627353334963, 132.20035057199317, 132.20035057199317, 132.20035057199317, 159.61835057199318, 150.27887005289352, 158.01570424495407, 158.01570424495407, 158.01570424495407, 143.75610913173807, 141.65385876596298, 104.47358299461814, 103.6819036508978, 103.6819036508978, 34.32666952154412, 
0.0, 0.0, 0.0, 0.0, 40.02792990633462, 38.98489382932348, 86.30678765864697, 102.53168148797045, 102.53168148797045, 125.14268148797045, 125.14268148797045, 77.82078765864696, 74.29578765864697, 74.29578765864697, 49.79633893433221, 47.23287756604667, 47.23287756604667, 54.22887756604666, 54.22887756604666, 83.48587756604667, 83.25335862997969, 82.79418290478208, 63.13559145239104, 63.13559145239104, 100.88059145239104, 100.88059145239104, 100.88059145239104, 125.78418290478209, 125.78418290478209, 149.51718290478206, 149.21202903279243, 149.21202903279243, 125.58734697355194, 125.54512664544902, 132.90912664544902, 155.71325329089802, 155.71325329089802, 153.95306191802482, 153.95306191802482, 168.0540804634724, 146.9728046022643, 146.0329375824845, 146.0329375824845, 146.0329375824845, 85.93593758248448, 103.18187516496896, 103.18187516496896, 103.18187516496896, 103.18187516496896, 134.15487516496896, 134.87087516496894, 134.87087516496894, 134.87087516496894, 134.87087516496894, 152.92187516496895, 174.48987516496896, 174.48987516496896, 174.48987516496896, 174.48987516496896, 152.65016427171267, 134.45867829343538, 134.45867829343538, 134.14759074243804, 134.14759074243804, 109.88430090875644, 88.12864938617025, 88.12864938617025, 88.12864938617025, 88.12864938617025, 138.11564938617025, 185.24629877234048, 185.24629877234048, 185.24629877234048, 202.77394815851073, 148.4834853462267, 155.17629045531334, 155.17629045531334, 155.17629045531334, 202.56029045531335, 169.71338390630103, 160.30858427221727, 158.76631000606375, 157.28069775559345, 150.9890997500042, 121.35123591525956, 134.52623591525958, 134.52623591525958, 134.52623591525958, 161.94423591525958, 147.7811578179203, 156.99115781792028, 156.99115781792028, 156.99115781792028, 143.9684781106381, 143.9684781106381, 105.21677445261278, 105.21677445261278, 104.32996239976609, 33.844556181986285, 
0.0, 0.0, 0.0, 0.0, 40.00913728862537, 39.27752730141141, 86.15272349306066, 102.30058523959099, 102.30058523959099, 124.911585239591, 124.911585239591, 77.66672349306066, 74.14172349306067, 74.14172349306067, 49.27851091774737, 48.573986326841045, 48.271809894584415, 53.505103609887385, 53.32751097150748, 82.58451097150747, 82.58451097150747, 82.58451097150747, 63.03075548575373, 63.03075548575373, 100.77575548575373, 100.55869150175397, 100.55869150175397, 125.14038300350794, 125.14038300350794, 148.8733830035079, 148.8733830035079, 148.8733830035079, 124.8848194905694, 124.8848194905694, 132.24881949056942, 154.39263898113882, 154.39263898113882, 154.39263898113882, 154.25821219153767, 168.39221219153768, 146.1989345693086, 146.1989345693086, 146.1989345693086, 146.1989345693086, 86.10193456930858, 103.51386913861715, 103.51386913861715, 103.51386913861715, 103.51386913861715, 134.48686913861712, 135.20286913861713, 134.67302043174112, 134.67302043174112, 134.67302043174112, 152.72402043174114, 174.29202043174115, 174.29202043174115, 174.29202043174115, 174.29202043174115, 151.86813336953674, 135.10175431620686, 133.32557853989147, 133.32557853989147, 132.8414408154911, 109.8982012019788, 89.19691272761136, 87.41738781361434, 87.41738781361434, 87.41738781361434, 137.40438781361436, 183.8237756272287, 183.8237756272287, 183.8237756272287, 200.64016344084303, 149.31982037335902, 156.5367994540272, 156.5367994540272, 156.5367994540272, 203.9207994540272, 168.4061630379402, 157.67339532623308, 157.67339532623308, 157.67339532623308, 149.30539532623305, 121.72546416900182, 132.16553193402612, 132.16553193402612, 130.49665959740884, 157.91465959740884, 149.7086395467299, 158.32633608545035, 157.7804704523543, 156.36477648166414, 143.3122500819823, 143.3122500819823, 104.76097781516248, 104.76097781516248, 104.76097781516248, 34.80524808435074, 
0.0, 0.0, 0.0, 0.0, 39.20913801482162, 38.71581082773082, 85.76862165546164, 101.72443248319246, 101.72443248319246, 124.33543248319248, 124.33543248319248, 77.28262165546164, 73.75762165546165, 73.75762165546165, 47.46343534555883, 47.46343534555883, 47.46343534555883, 54.45943534555883, 54.45943534555883, 83.71643534555884, 83.71643534555884, 83.71643534555884, 63.59671767277941, 63.59671767277941, 101.10246638107449, 101.10246638107449, 101.10246638107449, 126.22793276214898, 126.22793276214898, 149.5905062737896, 149.5905062737896, 149.5905062737896, 124.92310636322348, 124.92310636322348, 132.28710636322347, 154.46921272644695, 154.46921272644695, 154.46921272644695, 154.46921272644695, 168.60321272644697, 147.36220356084013, 146.2746732891061, 146.2746732891061, 146.2746732891061, 86.17767328910607, 103.50257404323683, 103.50257404323683, 103.50257404323683, 103.50257404323683, 134.4755740432368, 135.1743858179712, 135.1743858179712, 135.1743858179712, 134.96830115788185, 153.01930115788187, 174.58730115788188, 174.58730115788188, 174.51906273668192, 174.13651915973054, 150.98814798195926, 134.25614089630656, 132.4286369765605, 132.4286369765605, 132.4286369765605, 111.31651375198774, 88.36400637560553, 88.36400637560553, 88.36400637560553, 88.36400637560553, 138.35100637560555, 184.7668508213339, 184.11432173628077, 184.11432173628077, 201.07598260442114, 146.45236814761904, 157.65036814761902, 157.65036814761902, 157.65036814761902, 205.03436814761903, 169.64737855884624, 160.56869186003613, 159.88010007906223, 159.88010007906223, 153.4717758730011, 119.01037728263431, 132.1853772826343, 132.1853772826343, 132.1853772826343, 159.6033772826343, 146.53438809408465, 155.74438809408463, 155.74438809408463, 155.74438809408463, 143.7533044648414, 142.77526390671434, 102.81999936935807, 102.81999936935807, 102.81999936935807, 33.59223012044344, 
0.0, 0.0, 0.0, 0.0, 39.65637232389241, 39.55925060398032, 87.45550120796064, 104.25475181194095, 103.53366498880729, 126.14466498880729, 126.14466498880729, 78.48877665920486, 74.96377665920487, 74.96377665920487, 48.22501157967941, 47.01434066598038, 45.57479660696163, 52.570796606961636, 52.570796606961636, 81.82779660696163, 81.82779660696163, 81.82779660696163, 62.65239830348081, 62.65239830348081, 100.39739830348081, 100.39739830348081, 100.39739830348081, 124.81779660696162, 124.81779660696162, 148.55079660696163, 148.55079660696163, 148.55079660696163, 125.39448549973743, 125.37502126728656, 132.73902126728657, 154.5089766909518, 154.5089766909518, 154.5089766909518, 154.5089766909518, 168.387282459293, 146.3200499377725, 146.3200499377725, 146.3200499377725, 146.3200499377725, 85.93953535419264, 103.18907070838529, 103.18907070838529, 103.18907070838529, 103.18907070838529, 134.16207070838527, 134.87807070838528, 134.87807070838528, 134.81351578588357, 134.81351578588357, 152.86451578588358, 174.4325157858836, 174.4325157858836, 174.4325157858836, 174.4325157858836, 151.33105288111116, 132.59194631717708, 132.59194631717708, 132.59194631717708, 132.59194631717708, 110.33635810569578, 88.6762510531146, 88.6762510531146, 88.6762510531146, 88.18691747295377, 138.17391747295378, 185.36283494590754, 185.36283494590754, 185.36283494590754, 202.94875241886132, 148.90839675263908, 160.1063967526391, 159.0642776721366, 158.48907057590216, 205.21840261131865, 171.37287728704402, 157.41248896949077, 156.74268116477563, 156.74268116477563, 148.3746811647756, 118.86029382307092, 132.0352938230709, 132.0352938230709, 132.0352938230709, 159.4532938230709, 148.92316830277463, 157.4894723942479, 157.4894723942479, 157.4894723942479, 142.44908586112774, 142.44908586112774, 104.06622525581392, 104.06622525581392, 102.50928803727876, 33.64135068643408, 
0.0, 0.0, 0.0, 0.0, 39.57244671470763, 39.161040940513566, 86.65908188102713, 103.0601228215407, 103.0601228215407, 125.6711228215407, 125.6711228215407, 78.17308188102714, 73.35538520997089, 73.35538520997089, 46.17523109212203, 46.17523109212203, 46.17523109212203, 53.17123109212204, 53.17123109212204, 82.42823109212203, 82.42823109212203, 82.42823109212203, 62.95261554606101, 62.95261554606101, 100.69761554606102, 100.69761554606102, 100.69761554606102, 125.41823109212203, 125.41823109212203, 149.15123109212203, 149.15123109212203, 149.15123109212203, 125.00664810464887, 125.00664810464887, 132.09736185957962, 154.08972371915925, 154.08972371915925, 154.08972371915925, 154.01081523309094, 168.14481523309095, 146.7307181689606, 146.7307181689606, 146.7307181689606, 146.7211714322393, 86.1985055509017, 103.7070111018034, 103.7070111018034, 103.7070111018034, 103.7070111018034, 134.6800111018034, 135.3960111018034, 135.3960111018034, 135.3960111018034, 135.3960111018034, 153.4470111018034, 174.9541841132003, 174.9541841132003, 174.9541841132003, 174.9541841132003, 151.6583205049742, 132.68946153745824, 132.68946153745824, 132.68946153745824, 132.68946153745824, 110.50128610075971, 87.90658573752361, 87.90658573752361, 87.86764328823783, 87.86764328823783, 137.85464328823784, 184.72428657647566, 184.72428657647566, 184.72428657647566, 201.9909298647135, 146.3016674828881, 157.49966748288813, 157.49966748288813, 157.49966748288813, 204.88366748288811, 168.29727433138117, 159.95554188162987, 158.18333792089936, 157.91837554157428, 149.55037554157425, 119.58734929729644, 131.50466535117422, 130.59620754564924, 130.59620754564924, 158.01420754564924, 147.9372436454022, 157.14724364540223, 157.14724364540223, 157.14724364540223, 144.08686140232578, 144.08686140232578, 107.72902896697579, 104.61204278667333, 104.61204278667333, 34.32850359417684, 
0.0, 0.0, 0.0, 0.0, 40.33689814115295, 39.7106945404077, 87.7583890808154, 104.45399742771336, 104.45399742771336, 125.21705307415715, 125.21705307415715, 77.84049042042389, 75.11651121579972, 73.56363716140378, 47.003989564883625, 47.003989564883625, 47.003989564883625, 53.999989564883634, 53.999989564883634, 83.25698956488363, 83.25698956488363, 83.25698956488363, 63.13755943636629, 62.82358924647343, 100.56858924647344, 100.56858924647344, 100.56858924647344, 125.16017849294687, 125.16017849294687, 148.89317849294684, 148.89317849294684, 148.89317849294684, 125.10546461460142, 125.10546461460142, 132.46946461460143, 153.71084837384325, 153.71084837384325, 153.71084837384325, 153.71084837384325, 167.84484837384326, 146.82124163165625, 146.82124163165625, 146.59027878522065, 146.59027878522065, 86.49327878522064, 104.29655757044128, 104.29655757044128, 104.29655757044128, 104.29655757044128, 135.26955757044126, 135.98555757044127, 135.98555757044127, 135.76026202709357, 135.23333696813788, 153.2843369681379, 174.85233696813788, 174.85233696813788, 174.85233696813788, 174.85233696813788, 154.8387866753727, 134.1193076128381, 132.84070313989497, 132.84070313989497, 132.84070313989497, 111.77698552380649, 87.71422828459818, 87.71422828459818, 87.71422828459818, 87.71422828459818, 137.7012282845982, 184.41745656919636, 184.41745656919636, 184.41745656919636, 201.53068485379453, 145.01706077749782, 156.2150607774978, 156.2150607774978, 156.2150607774978, 203.5990607774978, 166.4403841575456, 158.73132609364978, 158.73132609364978, 157.85839265402993, 152.51849932689277, 120.3439609245252, 133.5189609245252, 133.3691052151763, 133.3691052151763, 160.7871052151763, 149.83276529922983, 155.0766732351464, 155.0766732351464, 155.0766732351464, 142.7776383998552, 142.7776383998552, 105.63268813569695, 105.63268813569695, 105.63268813569695, 34.73818906872628, 
0.0, 0.0, 0.0, 0.0, 39.35297383018674, 39.35297383018674, 87.04294766037349, 103.63592149056022, 103.63592149056022, 126.24692149056023, 126.24692149056023, 78.55694766037348, 76.84560692269986, 75.06856046009553, 47.29931619089575, 47.131367165381185, 47.131367165381185, 54.12736716538119, 54.12736716538119, 83.38436716538118, 83.373960068813, 83.373960068813, 63.425480034406505, 63.425480034406505, 101.1011507387862, 101.1011507387862, 101.1011507387862, 126.2253014775724, 126.20293267803578, 149.93593267803578, 149.93593267803578, 149.93593267803578, 126.04776897206399, 125.4521503188663, 132.12305802441406, 154.14111604882814, 153.4617616540302, 153.4617616540302, 153.4617616540302, 167.5957616540302, 146.9143776721083, 146.9143776721083, 146.75821069492125, 146.30065476574913, 86.20365476574912, 103.65015818777049, 103.65015818777049, 103.65015818777049, 102.7231603690723, 133.6961603690723, 134.4121603690723, 134.4121603690723, 134.4121603690723, 134.4121603690723, 152.4631603690723, 174.03116036907232, 174.03116036907232, 174.03116036907232, 174.03116036907232, 152.79965959177218, 134.17450788119976, 134.17450788119976, 134.17450788119976, 134.17450788119976, 111.22267102003826, 89.2039762831759, 89.2039762831759, 88.2895284814348, 87.672016578528, 137.659016578528, 184.33303315705598, 184.33303315705598, 184.33303315705598, 201.404049735584, 149.2394827776667, 160.4374827776667, 158.4613592666039, 158.4613592666039, 205.20790239936343, 169.46109182589032, 162.27454291670082, 162.27454291670082, 160.94235429758842, 152.5743542975884, 123.76148539419086, 130.00424442562215, 130.00424442562215, 130.00424442562215, 157.42224442562215, 149.00961946184378, 157.67906480309836, 156.23705742871482, 156.23705742871482, 143.7556815020178, 143.7556815020178, 108.07030706240681, 103.69670544452677, 103.69670544452677, 35.053009837137445, 
