0.0, 0.0, 0.0, 0.0, 0.0, 0.0, 0.0, 0.0, 0.0, 0.0, 0.0, 0.0, 0.0, 0.0, 0.0, 0.0, 0.0, 0.0, 0.0, 0.0, 0.0, 0.0, 0.0, 0.0, 0.0, 0.0, 0.0, 0.0, 0.0, 0.0, 0.0, 0.0, 0.0, 0.0, 0.0, 0.0, 0.0, 6.410709756098033, 6.410709756098033, 6.410709756098033, 6.410709756098033, 6.410709756098033, 0.0, 0.0, 0.0, 0.0, 0.0, 33.6109798874391, 33.6109798874391, 33.577090936706696, 44.00153457571345, 44.00153457571345, 64.17153457571345, 64.17153457571345, 64.17153457571345, 80.00255110504763, 80.00255110504763, 72.00017983720042, 72.00017983720042, 72.00017983720042, 72.93317983720041, 72.93317983720041, 91.22417983720041, 91.22417983720041, 91.22417983720041, 82.61757116876656, 82.61757116876656, 75.32844605023155, 75.32844605023155, 75.32844605023155, 56.759723025115775, 56.73879960850014, 32.54860819117363, 32.54860819117363, 32.54860819117363, 32.54860819117363, 32.54860819117363, 0.0, 0.0, 0.0, 0.0, 0.0, 6.475335905683135, 6.475335905683135, 6.475335905683135, 42.298854785694516, 42.298854785694516, 90.40685478569452, 90.40685478569452, 90.3570095401245, 74.00103297959542, 74.00103297959542, 64.55734600523652, 64.55734600523652, 64.55734600523652, 47.73944038745966, 47.73944038745966, 23.384650014014184, 23.024944767391716, 
0.0, 0.0, 0.0, 0.0, 0.0, 0.0, 0.0, 0.0, 0.0, 0.0, 0.0, 0.0, 0.0, 0.0, 0.0, 0.0, 0.0, 0.0, 0.0, 0.0, 0.0, 0.0, 0.0, 0.0, 0.0, 0.0, 0.0, 0.0, 0.0, 0.0, 0.0, 0.0, 0.0, 0.0, 0.0, 0.0, 0.0, 6.454349013158097, 6.451121190996851, 6.451121190996851, 6.451121190996851, 6.451121190996851, 0.0, 0.0, 0.0, 0.0, 0.0, 33.71171598351462, 33.60296730081094, 33.60296730081094, 44.08493460162188, 44.08493460162188, 64.25493460162188, 64.25493460162188, 64.25493460162188, 80.02406205450517, 80.02406205450517, 72.02298954288199, 72.01818380558674, 72.01818380558674, 72.95118380558674, 72.95118380558674, 91.24218380558673, 91.24218380558673, 91.19905120969125, 82.61481455667364, 82.61481455667364, 75.46504581296736, 75.46504581296736, 75.46504581296736, 56.821875058940634, 56.821875058940634, 32.624606766023845, 32.61162333346509, 32.5457470236303, 32.5457470236303, 32.542830354912894, 0.0, 0.0, 0.0, 0.0, 0.0, 6.496621257663946, 6.488530846866482, 6.488530846866482, 42.400061693732965, 42.400061693732965, 90.38935784563263, 90.38935784563263, 90.38935784563263, 74.02980061366, 74.02980061366, 64.58680061366, 64.58680061366, 64.58680061366, 47.68391243037564, 47.68391243037564, 23.04891426354527, 23.04891426354527, 
0.0, 0.0, 0.0, 0.0, 0.0, 0.0, 0.0, 0.0, 0.0, 0.0, 0.0, 0.0, 0.0, 0.0, 0.0, 0.0, 0.0, 0.0, 0.0, 0.0, 0.0, 0.0, 0.0, 0.0, 0.0, 0.0, 0.0, 0.0, 0.0, 0.0, 0.0, 0.0, 0.0, 0.0, 0.0, 0.0, 0.0, 6.4723708736798145, 6.462941267293484, 6.462721555796293, 6.418661238199377, 6.418661238199377, 0.0, 0.0, 0.0, 0.0, 0.0, 33.59951575516752, 33.58380098640876, 33.58380098640876, 44.04660197281753, 44.04660197281753, 64.21660197281753, 64.21660197281753, 64.19977556108502, 80.07177556108502, 80.07177556108502, 72.19549514325264, 72.00076913959106, 72.00076913959106, 72.93376913959105, 72.93376913959105, 91.22476913959105, 91.22476913959105, 91.22476913959105, 82.58904718614981, 82.58904718614981, 75.5717708049325, 75.39691369193677, 75.39691369193677, 56.79159909227651, 56.7609569135833, 32.549727377148116, 32.54264084351812, 32.54264084351812, 32.53712437949174, 32.53685960527527, 0.0, 0.0, 0.0, 0.0, 0.0, 6.527325551110689, 6.456880568181052, 6.42800663519683, 42.27901327039366, 42.27901327039366, 90.38701327039365, 90.38701327039365, 90.38701327039365, 74.30427844798035, 74.20041999603829, 64.57542639579916, 64.57542639579916, 64.57542639579916, 47.553856234158204, 47.553856234158204, 23.12384280667728, 23.058359136315786, 
0.0, 0.0, 0.0, 0.0, 0.0, 0.0, 0.0, 0.0, 0.0, 0.0, 0.0, 0.0, 0.0, 0.0, 0.0, 0.0, 0.0, 0.0, 0.0, 0.0, 0.0, 0.0, 0.0, 0.0, 0.0, 0.0, 0.0, 0.0, 0.0, 0.0, 0.0, 0.0, 0.0, 0.0, 0.0, 0.0, 0.0, 6.548103222105979, 6.445202755175476, 6.363129729852826, 6.363129729852826, 6.363129729852826, 0.0, 0.0, 0.0, 0.0, 0.0, 33.5671993544139, 33.5671993544139, 33.5671993544139, 44.01339870882781, 44.01339870882781, 64.18339870882781, 64.1449802512565, 64.1449802512565, 80.0169802512565, 80.0169802512565, 72.0091552341542, 71.96962318183948, 71.96962318183948, 72.90262318183949, 72.90262318183949, 91.19362318183948, 91.19362318183948, 91.19362318183948, 82.62757871123715, 82.51842832892312, 75.38337322520314, 75.38337322520314, 75.38337322520314, 56.78718661260157, 56.78718661260157, 32.62227638647896, 32.62227638647896, 32.51183021109254, 32.51183021109254, 32.51183021109254, 0.0, 0.0, 0.0, 0.0, 0.0, 6.42392217754076, 6.42392217754076, 6.42392217754076, 42.27084435508152, 42.27084435508152, 90.3330596344108, 90.3330596344108, 90.3330596344108, 74.08111451906113, 74.08111451906113, 64.63811451906113, 64.63811451906113, 64.63811451906113, 47.55829248029586, 47.55829248029586, 23.245404823810517, 23.086766688475187, 
0.0, 0.0, 0.0, 0.0, 0.0, 0.0, 0.0, 0.0, 0.0, 0.0, 0.0, 0.0, 0.0, 0.0, 0.0, 0.0, 0.0, 0.0, 0.0, 0.0, 0.0, 0.0, 0.0, 0.0, 0.0, 0.0, 0.0, 0.0, 0.0, 0.0, 0.0, 0.0, 0.0, 0.0, 0.0, 0.0, 0.0, 6.569289259095477, 6.482071249418372, 6.482071249418372, 6.363896847469267, 6.363896847469267, 0.0, 0.0, 0.0, 0.0, 0.0, 33.592572328392365, 33.592572328392365, 33.592572328392365, 44.064144656784734, 44.064144656784734, 64.20402002697418, 64.20402002697418, 64.20402002697418, 80.07602002697418, 80.07602002697418, 72.04334764716796, 72.04334764716796, 72.04334764716796, 72.97634764716796, 72.97634764716796, 91.26734764716795, 91.1932462304533, 91.1932462304533, 82.52707960910028, 82.52707960910028, 75.4255657774928, 75.4255657774928, 75.4255657774928, 56.793719570281894, 56.793719570281894, 32.52861664779314, 32.52861664779314, 32.52861664779314, 32.50410091044735, 32.50410091044735, 0.0, 0.0, 0.0, 0.0, 0.0, 6.514880599224824, 6.514880599224824, 6.487506080194407, 42.35222474993732, 42.35222474993732, 90.46022474993731, 90.46022474993731, 90.46022474993731, 74.17937007051137, 74.0996878601661, 64.6168702169008, 64.6168702169008, 64.6168702169008, 47.59486689576352, 47.583572111197476, 23.067434338603455, 23.026576416917756, 
0.0, 0.0, 0.0, 0.0, 0.0, 0.0, 0.0, 0.0, 0.0, 0.0, 0.0, 0.0, 0.0, 0.0, 0.0, 0.0, 0.0, 0.0, 0.0, 0.0, 0.0, 0.0, 0.0, 0.0, 0.0, 0.0, 0.0, 0.0, 0.0, 0.0, 0.0, 0.0, 0.0, 0.0, 0.0, 0.0, 0.0, 6.496529055522558, 6.438853761521656, 6.398264434609718, 6.398264434609718, 6.398264434609718, 0.0, 0.0, 0.0, 0.0, 0.0, 33.69467558118377, 33.636339952256996, 33.603848452731555, 44.086696905463114, 44.086696905463114, 64.25669690546312, 64.25669690546312, 64.24635500651505, 80.11835500651505, 80.02666956084356, 72.10302808559199, 72.10302808559199, 72.10302808559199, 73.036028085592, 72.88941827162328, 91.18041827162328, 91.18041827162328, 91.18041827162328, 82.76146908502754, 82.72624548495328, 75.44685474337695, 75.44685474337695, 75.38150273802339, 56.786251369011694, 56.786251369011694, 32.57447296657987, 32.52211573733295, 32.52211573733295, 32.52211573733295, 32.52211573733295, 0.0, 0.0, 0.0, 0.0, 0.0, 6.627536116394538, 6.567274969013493, 6.532556024135225, 42.4420280933693, 42.424625826597435, 90.38468529150414, 90.38468529150414, 90.38468529150414, 74.30249858725462, 73.956710257258, 64.513710257258, 64.513710257258, 64.513710257258, 47.56187997317083, 47.56187997317083, 23.16205968669299, 23.059156786561296, 
0.0, 0.0, 0.0, 0.0, 0.0, 0.0, 0.0, 0.0, 0.0, 0.0, 0.0, 0.0, 0.0, 0.0, 0.0, 0.0, 0.0, 0.0, 0.0, 0.0, 0.0, 0.0, 0.0, 0.0, 0.0, 0.0, 0.0, 0.0, 0.0, 0.0, 0.0, 0.0, 0.0, 0.0, 0.0, 0.0, 0.0, 6.571907933114609, 6.380482521549922, 6.380482521549922, 6.380482521549922, 6.380482521549922, 0.0, 0.0, 0.0, 0.0, 0.0, 33.62955974266889, 33.62955974266889, 33.62955974266889, 44.06572041845983, 44.042950074524285, 64.21295007452429, 64.21295007452429, 64.21295007452429, 80.08495007452429, 80.08495007452429, 72.16420018787463, 72.1162473032019, 72.1162473032019, 73.04740368537061, 73.04740368537061, 91.29298503105332, 91.29298503105332, 91.29298503105332, 82.49425298190235, 82.49425298190235, 75.40887947675526, 75.39905995016156, 75.39905995016156, 56.79201434302754, 56.783361245308726, 32.57665995793004, 32.57665995793004, 32.56524222406635, 32.56524222406635, 32.56524222406635, 0.0, 0.0, 0.0, 0.0, 0.0, 6.731339945063208, 6.548403468294342, 6.508298902355705, 42.36754458040653, 42.36754458040653, 90.36993708144755, 90.36993708144755, 90.36993708144755, 74.09531534489362, 74.09531534489362, 64.65231534489362, 64.65231534489362, 64.65231534489362, 47.59179023751637, 47.59179023751637, 23.31585592526867, 23.19524218292547, 
0.0, 0.0, 0.0, 0.0, 0.0, 0.0, 0.0, 0.0, 0.0, 0.0, 0.0, 0.0, 0.0, 0.0, 0.0, 0.0, 0.0, 0.0, 0.0, 0.0, 0.0, 0.0, 0.0, 0.0, 0.0, 0.0, 0.0, 0.0, 0.0, 0.0, 0.0, 0.0, 0.0, 0.0, 0.0, 0.0, 0.0, 6.454980953986205, 6.4000569929640605, 6.4000569929640605, 6.4000569929640605, 6.4000569929640605, 0.0, 0.0, 0.0, 0.0, 0.0, 33.59511746919093, 33.59511746919093, 33.59511746919093, 44.06923493838187, 44.06923493838187, 64.23923493838187, 64.23923493838187, 64.23923493838187, 80.11123493838187, 80.05462169579482, 72.05023859022678, 71.96277486538382, 71.96277486538382, 72.89577486538383, 72.89577486538383, 91.18677486538382, 91.18677486538382, 91.18677486538382, 82.63348438610308, 82.63348438610308, 75.38496289850366, 75.38496289850366, 75.32464114329413, 56.757820571647066, 56.757820571647066, 32.507155134193695, 32.507155134193695, 32.507155134193695, 32.507155134193695, 32.507155134193695, 0.0, 0.0, 0.0, 0.0, 0.0, 6.49802604881679, 6.49802604881679, 6.49802604881679, 42.31611639833852, 42.31611639833852, 90.42411639833853, 90.42411639833853, 90.42411639833853, 74.28658817374794, 74.04511723457436, 64.60211723457437, 64.60211723457437, 64.60211723457437, 47.562699436842536, 47.562699436842536, 23.11782641541788, 23.018267534482455, 
0.0, 0.0, 0.0, 0.0, 0.0, 0.0, 0.0, 0.0, 0.0, 0.0, 0.0, 0.0, 0.0, 0.0, 0.0, 0.0, 0.0, 0.0, 0.0, 0.0, 0.0, 0.0, 0.0, 0.0, 0.0, 0.0, 0.0, 0.0, 0.0, 0.0, 0.0, 0.0, 0.0, 0.0, 0.0, 0.0, 0.0, 6.726249212753238, 6.4311946169707745, 6.4311946169707745, 6.4311946169707745, 6.392140191858939, 0.0, 0.0, 0.0, 0.0, 0.0, 33.570199642897336, 33.5700584175664, 33.5700584175664, 44.019116835132806, 44.019116835132806, 64.16323341401637, 64.16323341401637, 64.16323341401637, 80.03523341401637, 80.03523341401637, 72.11021693221502, 72.08161319473504, 72.08161319473504, 73.01461319473503, 73.01461319473503, 91.30561319473503, 91.2287734334426, 91.2287734334426, 82.74505615664839, 82.71114746678242, 75.36752850082286, 75.36752850082286, 75.36752850082286, 56.77926425041143, 56.769767273018346, 32.54751248111721, 32.54751248111721, 32.54751248111721, 32.54751248111721, 32.491682900102354, 0.0, 0.0, 0.0, 0.0, 0.0, 6.460173644973011, 6.460173644973011, 6.460173644973011, 42.343347289946024, 42.343347289946024, 90.31706733425113, 90.31706733425113, 90.31706733425113, 74.09957817551482, 74.09760688261457, 64.65460688261457, 64.65460688261457, 64.59026731714061, 47.55730390127812, 47.55730390127812, 23.13155127599189, 23.13155127599189, 
0.0, 0.0, 0.0, 0.0, 0.0, 0.0, 0.0, 0.0, 0.0, 0.0, 0.0, 0.0, 0.0, 0.0, 0.0, 0.0, 0.0, 0.0, 0.0, 0.0, 0.0, 0.0, 0.0, 0.0, 0.0, 0.0, 0.0, 0.0, 0.0, 0.0, 0.0, 0.0, 0.0, 0.0, 0.0, 0.0, 0.0, 6.412490732656476, 6.412490732656476, 6.412490732656476, 6.412490732656476, 6.361040250462164, 0.0, 0.0, 0.0, 0.0, 0.0, 33.629378671718776, 33.629378671718776, 33.626937319595555, 44.132874639191115, 44.132874639191115, 64.30287463919112, 64.12490359709064, 64.12490359709064, 79.99690359709064, 79.99690359709064, 72.20498048764168, 72.1241775582424, 72.1241775582424, 73.0534632337417, 73.0534632337417, 91.29924445080188, 91.29924445080188, 91.27268855865748, 82.54386371916162, 82.54386371916162, 75.42312621344847, 75.36256612450359, 75.34983259929281, 56.770416299646406, 56.76751768096368, 32.59816980030229, 32.59816980030229, 32.5458845826443, 32.50582916071759, 32.50582916071759, 0.0, 0.0, 0.0, 0.0, 0.0, 6.457151248738299, 6.457151248738299, 6.457151248738299, 42.3373024974766, 42.3373024974766, 90.4453024974766, 90.4453024974766, 90.4453024974766, 74.20046435844633, 74.18664228165422, 64.74364228165422, 64.74364228165422, 64.73293740013892, 47.658019240912544, 47.56050392770382, 23.14116990018355, 23.125780026961465, 
0.0, 0.0, 0.0, 0.0, 0.0, 0.0, 0.0, 0.0, 0.0, 0.0, 0.0, 0.0, 0.0, 0.0, 0.0, 0.0, 0.0, 0.0, 0.0, 0.0, 0.0, 0.0, 0.0, 0.0, 0.0, 0.0, 0.0, 0.0, 0.0, 0.0, 0.0, 0.0, 0.0, 0.0, 0.0, 0.0, 0.0, 6.450852158541519, 6.450852158541519, 6.444598187132069, 6.4102146654494305, 6.4102146654494305, 0.0, 0.0, 0.0, 0.0, 0.0, 33.73497975045155, 33.62736544946483, 33.62736544946483, 44.13373089892967, 44.13373089892967, 64.30373089892967, 64.29715694059446, 64.29547695103443, 80.16747695103443, 80.16747695103443, 72.06549383901873, 72.06549383901873, 72.06549383901873, 72.99849383901874, 72.99849383901874, 91.28949383901873, 91.28949383901873, 91.2098286870152, 82.56661110662107, 82.56661110662107, 75.32501927744781, 75.29545216963373, 75.29545216963373, 56.74322608481687, 56.74322608481687, 32.62336594788977, 32.54573162040792, 32.54573162040792, 32.54573162040792, 32.54573162040792, 0.0, 0.0, 0.0, 0.0, 0.0, 6.50965921986861, 6.50965921986861, 6.50965921986861, 42.41303976396978, 42.41303976396978, 90.42005883784228, 90.42005883784228, 90.42005883784228, 74.12924589588918, 74.09905061813822, 64.56424172193633, 64.56424172193633, 64.56424172193633, 47.760718690566875, 47.62432093908723, 23.12035096601837, 23.12035096601837, 
0.0, 0.0, 0.0, 0.0, 0.0, 0.0, 0.0, 0.0, 0.0, 0.0, 0.0, 0.0, 0.0, 0.0, 0.0, 0.0, 0.0, 0.0, 0.0, 0.0, 0.0, 0.0, 0.0, 0.0, 0.0, 0.0, 0.0, 0.0, 0.0, 0.0, 0.0, 0.0, 0.0, 0.0, 0.0, 0.0, 0.0, 6.546166592907298, 6.417011088994226, 6.417011088994226, 6.417011088994226, 6.417011088994226, 0.0, 0.0, 0.0, 0.0, 0.0, 33.69340481506982, 33.62893066351735, 33.62893066351735, 44.04052270076956, 44.04052270076956, 64.17308696328882, 64.16434393432574, 64.16434393432574, 80.03634393432574, 80.03634393432574, 72.13708781374905, 72.0957521035966, 72.0957521035966, 73.02875210359659, 73.02875210359659, 91.31975210359658, 91.23253317303192, 91.23253317303192, 82.66631375293856, 82.66631375293856, 75.37734224183492, 75.37734224183492, 75.37734224183492, 56.78417112091746, 56.78417112091746, 32.559735253607215, 32.55475461956961, 32.55475461956961, 32.53360611815154, 32.52525100203509, 0.0, 0.0, 0.0, 0.0, 0.0, 6.601053008501516, 6.509403416304323, 6.487635679808179, 42.39827135961636, 42.25389666130327, 90.36189666130326, 90.36189666130326, 90.36189666130326, 74.15463144504646, 74.12911880376355, 64.68611880376355, 64.63535406696495, 64.60294571925203, 47.51873483695425, 47.51873483695425, 23.184420328006276, 23.051190306938274, 
0.0, 0.0, 0.0, 0.0, 0.0, 0.0, 0.0, 0.0, 0.0, 0.0, 0.0, 0.0, 0.0, 0.0, 0.0, 0.0, 0.0, 0.0, 0.0, 0.0, 0.0, 0.0, 0.0, 0.0, 0.0, 0.0, 0.0, 0.0, 0.0, 0.0, 0.0, 0.0, 0.0, 0.0, 0.0, 0.0, 0.0, 6.440373932916419, 6.440373932916419, 6.440373932916419, 6.399435162006618, 6.399435162006618, 0.0, 0.0, 0.0, 0.0, 0.0, 33.68624187471812, 33.5764624271887, 33.5764624271887, 44.03192485437741, 44.03192485437741, 64.19023560623322, 64.19023560623322, 64.19023560623322, 80.06223560623322, 80.06223560623322, 72.06060170403282, 72.06060170403282, 72.06060170403282, 72.99360170403281, 72.99360170403281, 91.28460170403281, 91.26916054846797, 91.26916054846797, 82.62603770776599, 82.56569674416089, 75.48098544193893, 75.48098544193893, 75.36148267273958, 56.77624133636979, 56.77624133636979, 32.5037926202498, 32.5037926202498, 32.5037926202498, 32.5037926202498, 32.5037926202498, 0.0, 0.0, 0.0, 0.0, 0.0, 6.445937135549723, 6.445937135549723, 6.445937135549723, 42.314874271099455, 42.314874271099455, 90.42287427109945, 90.42287427109945, 90.4060553909109, 74.14696971669419, 74.14696971669419, 64.70396971669419, 64.70396971669419, 64.70396971669419, 47.607927531327306, 47.569629440329344, 23.053487492398126, 23.04053253851567, 
0.0, 0.0, 0.0, 0.0, 0.0, 0.0, 0.0, 0.0, 0.0, 0.0, 0.0, 0.0, 0.0, 0.0, 0.0, 0.0, 0.0, 0.0, 0.0, 0.0, 0.0, 0.0, 0.0, 0.0, 0.0, 0.0, 0.0, 0.0, 0.0, 0.0, 0.0, 0.0, 0.0, 0.0, 0.0, 0.0, 0.0, 6.463225338529998, 6.43346138732403, 6.399133664720868, 6.399133664720868, 6.399133664720868, 0.0, 0.0, 0.0, 0.0, 0.0, 33.656657392978, 33.656657392978, 33.60453114050989, 44.08806228101979, 44.08806228101979, 64.25806228101979, 64.25806228101979, 64.25806228101979, 80.13006228101979, 80.03061247877368, 72.16493542658199, 72.13666191031463, 72.10583497665345, 73.03883497665345, 73.00965519657296, 91.30065519657296, 91.30065519657296, 91.30065519657296, 82.75100059688143, 82.75100059688143, 75.41307091701213, 75.33830563363853, 75.30164652288295, 56.746323261441475, 56.746323261441475, 32.534277595273416, 32.527158048304585, 32.527158048304585, 32.527158048304585, 32.527158048304585, 0.0, 0.0, 0.0, 0.0, 0.0, 6.4777989857930685, 6.4777989857930685, 6.4777989857930685, 42.378597971586146, 42.378597971586146, 90.47597729560698, 90.42899260598955, 90.36826427626039, 73.99920599453803, 73.99920599453803, 64.55620599453803, 64.55620599453803, 64.55620599453803, 47.52805927523652, 47.52805927523652, 23.02326848384501, 23.008136798836617, 
0.0, 0.0, 0.0, 0.0, 0.0, 0.0, 0.0, 0.0, 0.0, 0.0, 0.0, 0.0, 0.0, 0.0, 0.0, 0.0, 0.0, 0.0, 0.0, 0.0, 0.0, 0.0, 0.0, 0.0, 0.0, 0.0, 0.0, 0.0, 0.0, 0.0, 0.0, 0.0, 0.0, 0.0, 0.0, 0.0, 0.0, 6.461085486280158, 6.461085486280158, 6.461085486280158, 6.461085486280158, 6.461085486280158, 0.0, 0.0, 0.0, 0.0, 0.0, 33.585065704815584, 33.57352809169976, 33.57352809169976, 44.02605618339952, 44.02605618339952, 64.19605618339952, 64.19605618339952, 64.19605618339952, 80.06805618339952, 80.06805618339952, 72.19767326848151, 72.19767326848151, 72.19316761866018, 73.12616761866019, 73.10154334574591, 91.31956625311464, 91.31956625311464, 91.31956625311464, 82.56733636743685, 82.56733636743685, 75.32347549606463, 75.32347549606463, 75.26928139663801, 56.730140698319005, 56.730140698319005, 32.52850587484445, 32.509360477576365, 32.509360477576365, 32.509360477576365, 32.509360477576365, 0.0, 0.0, 0.0, 0.0, 0.0, 6.6052179492342304, 6.463724794228291, 6.445916256430255, 42.314832512860505, 42.314832512860505, 90.42283251286051, 90.42283251286051, 90.41236415748452, 74.11710452661167, 74.11710452661167, 64.62728442362518, 64.62728442362518, 64.62728442362518, 47.66654678444157, 47.66654678444157, 23.2295139307013, 23.160841790418203, 
0.0, 0.0, 0.0, 0.0, 0.0, 0.0, 0.0, 0.0, 0.0, 0.0, 0.0, 0.0, 0.0, 0.0, 0.0, 0.0, 0.0, 0.0, 0.0, 0.0, 0.0, 0.0, 0.0, 0.0, 0.0, 0.0, 0.0, 0.0, 0.0, 0.0, 0.0, 0.0, 0.0, 0.0, 0.0, 0.0, 0.0, 6.485816647028727, 6.451185081640862, 6.4414358397189275, 6.429686659100419, 6.420784360966724, 0.0, 0.0, 0.0, 0.0, 0.0, 33.556149501409834, 33.556149501409834, 33.556149501409834, 43.99129900281967, 43.969554525265465, 64.13955452526547, 64.13955452526547, 64.13955452526547, 80.01155452526547, 80.01155452526547, 72.01577523459723, 72.01577523459723, 72.01577523459723, 72.94877523459724, 72.94877523459724, 91.20863017209378, 91.20863017209378, 91.20863017209378, 82.74201282764875, 82.74201282764875, 75.36166347079507, 75.29498576640484, 75.29498576640484, 56.74299288320242, 56.74299288320242, 32.56074898546948, 32.534981690919295, 32.53076559183187, 32.53076559183187, 32.53076559183187, 0.0, 0.0, 0.0, 0.0, 0.0, 6.458440946729429, 6.458440946729429, 6.448810084940501, 42.32062016988101, 42.32062016988101, 90.428620169881, 90.428620169881, 90.428620169881, 74.15008141310336, 74.15008141310336, 64.70708141310337, 64.70708141310337, 64.70708141310337, 47.695176886776096, 47.6646644049718, 23.070450551097338, 23.070450551097338, 
0.0, 0.0, 0.0, 0.0, 0.0, 0.0, 0.0, 0.0, 0.0, 0.0, 0.0, 0.0, 0.0, 0.0, 0.0, 0.0, 0.0, 0.0, 0.0, 0.0, 0.0, 0.0, 0.0, 0.0, 0.0, 0.0, 0.0, 0.0, 0.0, 0.0, 0.0, 0.0, 0.0, 0.0, 0.0, 0.0, 0.0, 6.4444063000184535, 6.4444063000184535, 6.4444063000184535, 6.412680514709457, 6.412680514709457, 0.0, 0.0, 0.0, 0.0, 0.0, 33.694485993269964, 33.6651283122938, 33.6651283122938, 44.147890850843496, 44.12146845998835, 64.22314312490937, 64.22314312490937, 64.22314312490937, 80.09514312490937, 80.09514312490937, 72.2730542272291, 72.2730542272291, 72.13181414476924, 73.06481414476924, 73.03034735290444, 91.32134735290444, 91.18067405169592, 91.18067405169592, 82.69442664585553, 82.56268969090839, 75.35196290279478, 75.35196290279478, 75.3155810412876, 56.7532905206438, 56.7532905206438, 32.55894274809822, 32.55894274809822, 32.55894274809822, 32.518651676647934, 32.518651676647934, 0.0, 0.0, 0.0, 0.0, 0.0, 6.45348927420574, 6.45348927420574, 6.45348927420574, 42.329978548411475, 42.329978548411475, 90.43797854841148, 90.43797854841148, 90.43797854841148, 74.03324529408474, 74.03324529408474, 64.59024529408474, 64.576284901818, 64.576284901818, 47.63616007271722, 47.51320347020096, 22.9842824765406, 22.9842824765406, 
0.0, 0.0, 0.0, 0.0, 0.0, 0.0, 0.0, 0.0, 0.0, 0.0, 0.0, 0.0, 0.0, 0.0, 0.0, 0.0, 0.0, 0.0, 0.0, 0.0, 0.0, 0.0, 0.0, 0.0, 0.0, 0.0, 0.0, 0.0, 0.0, 0.0, 0.0, 0.0, 0.0, 0.0, 0.0, 0.0, 0.0, 6.603449106764231, 6.39539149492839, 6.39539149492839, 6.360079425085928, 6.360079425085928, 0.0, 0.0, 0.0, 0.0, 0.0, 33.65174598394561, 33.65174598394561, 33.54641116170471, 43.97182232340943, 43.97182232340943, 64.14182232340943, 64.14182232340943, 64.14182232340943, 80.01382232340943, 80.01382232340943, 72.06823985158313, 72.00058826799743, 72.00058826799743, 72.93358826799744, 72.93358826799744, 91.22458826799743, 91.22458826799743, 91.22458826799743, 82.62616822071733, 82.57642307321409, 75.39727785505859, 75.39727785505859, 75.39727785505859, 56.794138927529296, 56.794138927529296, 32.570066772916014, 32.5056726155114, 32.5056726155114, 32.49549380356663, 32.49549380356663, 0.0, 0.0, 0.0, 0.0, 0.0, 6.506998089682487, 6.506998089682487, 6.506998089682487, 42.283194855393106, 42.283194855393106, 90.39119485539311, 90.39119485539311, 90.39119485539311, 74.29921104908816, 74.04426981668722, 64.59764634052432, 64.59764634052432, 64.59764634052432, 47.57493343700832, 47.57493343700832, 23.17034163453785, 23.10667358961041, 
0.0, 0.0, 0.0, 0.0, 0.0, 0.0, 0.0, 0.0, 0.0, 0.0, 0.0, 0.0, 0.0, 0.0, 0.0, 0.0, 0.0, 0.0, 0.0, 0.0, 0.0, 0.0, 0.0, 0.0, 0.0, 0.0, 0.0, 0.0, 0.0, 0.0, 0.0, 0.0, 0.0, 0.0, 0.0, 0.0, 0.0, 6.593058637682553, 6.568154926093854, 6.513136300099294, 6.424065178207378, 6.424065178207378, 0.0, 0.0, 0.0, 0.0, 0.0, 33.70619077722364, 33.59837571393503, 33.59837571393503, 44.07575142787006, 44.07575142787006, 64.24575142787006, 64.24575142787006, 64.24575142787006, 80.04483169438201, 80.04483169438201, 72.2106754379212, 72.10405696679229, 72.02411161825887, 72.95711161825886, 72.95711161825886, 91.24811161825886, 91.24811161825886, 91.24811161825886, 82.69163926314428, 82.5533542187262, 75.54148654049533, 75.31452257286747, 75.30691598557289, 56.748957992786444, 56.748957992786444, 32.57133593499526, 32.57133593499526, 32.57133593499526, 32.5525094240963, 32.528447067875184, 0.0, 0.0, 0.0, 0.0, 0.0, 6.526699337254136, 6.454373420645858, 6.454373420645858, 42.33174684129172, 42.308707369876004, 90.3772318526838, 90.3772318526838, 90.3772318526838, 74.0600482143383, 74.05219231762534, 64.59959418990717, 64.59959418990717, 64.59959418990717, 47.717600348214354, 47.65270594969684, 23.272665260374943, 23.22468112320535, 
0.0, 0.0, 0.0, 0.0, 0.0, 0.0, 0.0, 0.0, 0.0, 0.0, 0.0, 0.0, 0.0, 0.0, 0.0, 0.0, 0.0, 0.0, 0.0, 0.0, 0.0, 0.0, 0.0, 0.0, 0.0, 0.0, 0.0, 0.0, 0.0, 0.0, 0.0, 0.0, 0.0, 0.0, 0.0, 0.0, 0.0, 6.423514724143196, 6.423514724143196, 6.423514724143196, 6.381932288759796, 6.381932288759796, 0.0, 0.0, 0.0, 0.0, 0.0, 33.561956222535194, 33.561956222535194, 33.561956222535194, 44.00291244507039, 44.00291244507039, 64.1729124450704, 64.1729124450704, 64.1729124450704, 80.0449124450704, 80.0449124450704, 72.17513424355023, 72.01944534978989, 72.01944534978989, 72.9524453497899, 72.9524453497899, 91.2434453497899, 91.2434453497899, 91.2434453497899, 82.7281078182963, 82.7281078182963, 75.70919763823247, 75.43932246889386, 75.43932246889386, 56.77542434342621, 56.746041540224745, 32.54217475628883, 32.54217475628883, 32.54217475628883, 32.54217475628883, 32.54217475628883, 0.0, 0.0, 0.0, 0.0, 0.0, 6.537619321307595, 6.47388828002293, 6.468694897748183, 42.36038979549636, 42.33813483443919, 90.44489148572168, 90.44489148572168, 90.44489148572168, 74.34996114530028, 74.21154171288914, 64.76854171288915, 64.74704192002207, 64.74704192002207, 47.47437434976162, 47.47437434976162, 23.01559415380237, 23.01559415380237, 
0.0, 0.0, 0.0, 0.0, 0.0, 0.0, 0.0, 0.0, 0.0, 0.0, 0.0, 0.0, 0.0, 0.0, 0.0, 0.0, 0.0, 0.0, 0.0, 0.0, 0.0, 0.0, 0.0, 0.0, 0.0, 0.0, 0.0, 0.0, 0.0, 0.0, 0.0, 0.0, 0.0, 0.0, 0.0, 0.0, 0.0, 6.4974547820490685, 6.408257344243154, 6.383042224914526, 6.383042224914526, 6.383042224914526, 0.0, 0.0, 0.0, 0.0, 0.0, 33.62062310535555, 33.62062310535555, 33.62062310535555, 44.1202462107111, 44.1202462107111, 64.2902462107111, 64.2902462107111, 64.2902462107111, 80.1622462107111, 80.1622462107111, 72.28929797004383, 71.9815208253588, 71.9815208253588, 72.9145208253588, 72.9145208253588, 91.2055208253588, 91.2055208253588, 91.2055208253588, 82.7317519475324, 82.7317519475324, 75.34911498349754, 75.34911498349754, 75.34911498349754, 56.77005749174877, 56.77005749174877, 32.56305361558563, 32.5531355409423, 32.5531355409423, 32.5531355409423, 32.54310698619541, 0.0, 0.0, 0.0, 0.0, 0.0, 6.418082326319645, 6.418082326319645, 6.418082326319645, 42.2591646526393, 42.224565558392385, 90.33256555839239, 90.33256555839239, 90.33256555839239, 74.05727984291264, 74.04167239783276, 64.59867239783276, 64.59867239783276, 64.59867239783276, 47.58154418618603, 47.58154418618603, 23.075335972555685, 23.075335972555685, 
0.0, 0.0, 0.0, 0.0, 0.0, 0.0, 0.0, 0.0, 0.0, 0.0, 0.0, 0.0, 0.0, 0.0, 0.0, 0.0, 0.0, 0.0, 0.0, 0.0, 0.0, 0.0, 0.0, 0.0, 0.0, 0.0, 0.0, 0.0, 0.0, 0.0, 0.0, 0.0, 0.0, 0.0, 0.0, 0.0, 0.0, 6.402912461977589, 6.389698449673865, 6.389698449673865, 6.389698449673865, 6.389698449673865, 0.0, 0.0, 0.0, 0.0, 0.0, 33.69251534114535, 33.56192516153449, 33.56192516153449, 44.002850323068984, 44.002850323068984, 64.17285032306899, 64.17285032306899, 64.17285032306899, 80.04485032306899, 80.04485032306899, 72.17438016691015, 72.17438016691015, 72.07001705917195, 72.97662158247877, 72.97662158247877, 91.2489210272442, 91.2489210272442, 91.2489210272442, 82.81195536500923, 82.77054673455119, 75.46951366542731, 75.37494642926538, 75.34399144174375, 56.76749572087188, 56.76749572087188, 32.63103457203103, 32.63103457203103, 32.591310710074865, 32.57172637115555, 32.57172637115555, 0.0, 0.0, 0.0, 0.0, 0.0, 6.491662595805636, 6.418846592630075, 6.418846592630075, 42.24350153390226, 42.24350153390226, 90.35150153390225, 90.35150153390225, 90.35150153390225, 74.25787997854285, 74.25787997854285, 64.64664689476697, 64.64664689476697, 64.64664689476697, 47.50216490026532, 47.50216490026532, 23.327127095563597, 23.09138865461911, 
0.0, 0.0, 0.0, 0.0, 0.0, 0.0, 0.0, 0.0, 0.0, 0.0, 0.0, 0.0, 0.0, 0.0, 0.0, 0.0, 0.0, 0.0, 0.0, 0.0, 0.0, 0.0, 0.0, 0.0, 0.0, 0.0, 0.0, 0.0, 0.0, 0.0, 0.0, 0.0, 0.0, 0.0, 0.0, 0.0, 0.0, 6.379949399762516, 6.379949399762516, 6.379229138350897, 6.379229138350897, 6.379229138350897, 0.0, 0.0, 0.0, 0.0, 0.0, 33.62578026070438, 33.62578026070438, 33.62578026070438, 44.05381564269881, 44.05381564269881, 64.22381564269881, 64.22381564269881, 64.22381564269881, 80.03850306588183, 80.03850306588183, 71.97049533727932, 71.96743167438606, 71.96743167438606, 72.90043167438606, 72.90043167438606, 91.19143167438605, 91.19143167438605, 91.19143167438605, 82.70743682152798, 82.69114027927269, 75.59417302647579, 75.29634890566338, 75.29634890566338, 56.74367445283169, 56.74367445283169, 32.54595140680418, 32.54595140680418, 32.54595140680418, 32.54595140680418, 32.54595140680418, 0.0, 0.0, 0.0, 0.0, 0.0, 6.440007833780314, 6.440007833780314, 6.440007833780314, 42.30301566756063, 42.30301566756063, 90.41101566756063, 90.36417935428707, 90.36417935428707, 74.02763590489603, 74.02763590489603, 64.58463590489603, 64.58463590489603, 64.58463590489603, 47.62310778959886, 47.62310778959886, 22.99709645296312, 22.99709645296312, 
0.0, 0.0, 0.0, 0.0, 0.0, 0.0, 0.0, 0.0, 0.0, 0.0, 0.0, 0.0, 0.0, 0.0, 0.0, 0.0, 0.0, 0.0, 0.0, 0.0, 0.0, 0.0, 0.0, 0.0, 0.0, 0.0, 0.0, 0.0, 0.0, 0.0, 0.0, 0.0, 0.0, 0.0, 0.0, 0.0, 0.0, 6.521503240619069, 6.446649551873776, 6.446649551873776, 6.409565024302214, 6.409565024302214, 0.0, 0.0, 0.0, 0.0, 0.0, 33.8597443911906, 33.65904834843575, 33.6134125213896, 44.1058250427792, 44.1058250427792, 64.2758250427792, 64.2758250427792, 64.2758250427792, 80.09574773231708, 80.09574773231708, 72.2294289704674, 72.03990639015103, 72.03990639015103, 72.97290639015102, 72.97290639015102, 91.26390639015102, 91.26390639015102, 91.26390639015102, 82.69442546228053, 82.6832579573906, 75.34817813425447, 75.34817813425447, 75.34817813425447, 56.769589067127235, 56.769589067127235, 32.57883266395589, 32.57883266395589, 32.53477242046352, 32.51198925327024, 32.51198925327024, 0.0, 0.0, 0.0, 0.0, 0.0, 6.5065844436909295, 6.477133670448019, 6.477133670448019, 42.37726734089604, 42.37726734089604, 90.48526734089603, 90.44465664299534, 90.44465664299534, 74.11623614744663, 74.11623614744663, 64.67323614744663, 64.67323614744663, 64.67323614744663, 47.52823268299087, 47.52823268299087, 23.25237237548734, 23.09753931696961, 
0.0, 0.0, 0.0, 0.0, 0.0, 0.0, 0.0, 0.0, 0.0, 0.0, 0.0, 0.0, 0.0, 0.0, 0.0, 0.0, 0.0, 0.0, 0.0, 0.0, 0.0, 0.0, 0.0, 0.0, 0.0, 0.0, 0.0, 0.0, 0.0, 0.0, 0.0, 0.0, 0.0, 0.0, 0.0, 0.0, 0.0, 6.416140520834059, 6.416140520834059, 6.380330956292969, 6.380330956292969, 6.380330956292969, 0.0, 0.0, 0.0, 0.0, 0.0, 33.57086938109305, 33.57086938109305, 33.57086938109305, 44.0207387621861, 44.0207387621861, 64.1907387621861, 64.1907387621861, 64.1907387621861, 80.0627387621861, 80.0627387621861, 72.17160238980782, 72.17160238980782, 72.17160238980782, 73.06915535504365, 73.06915535504365, 91.25440743221736, 91.25440743221736, 91.25440743221736, 82.55109241812254, 82.55109241812254, 75.49029622711399, 75.49029622711399, 75.49029622711399, 56.76713936689856, 56.76713936689856, 32.63960083132798, 32.63960083132798, 32.562295576368385, 32.562295576368385, 32.51452174059736, 0.0, 0.0, 0.0, 0.0, 0.0, 6.451336819264803, 6.451336819264803, 6.451336819264803, 42.3253316032534, 42.320306066408335, 90.42830606640834, 90.42830606640834, 90.42830606640834, 74.16020685052489, 74.1554632523535, 64.6769412410448, 64.6769412410448, 64.62834112748457, 47.62190337207089, 47.62190337207089, 23.170543932519813, 23.05655363869053, 
0.0, 0.0, 0.0, 0.0, 0.0, 0.0, 0.0, 0.0, 0.0, 0.0, 0.0, 0.0, 0.0, 0.0, 0.0, 0.0, 0.0, 0.0, 0.0, 0.0, 0.0, 0.0, 0.0, 0.0, 0.0, 0.0, 0.0, 0.0, 0.0, 0.0, 0.0, 0.0, 0.0, 0.0, 0.0, 0.0, 0.0, 6.56152961163324, 6.505831297210971, 6.385753415089578, 6.385753415089578, 6.385753415089578, 0.0, 0.0, 0.0, 0.0, 0.0, 33.686476741005166, 33.686476741005166, 33.627457565668976, 44.126785046970255, 44.126785046970255, 64.29678504697026, 64.29678504697026, 64.24544903188499, 80.11744903188499, 80.04205021005914, 72.0261263474975, 72.0261263474975, 72.0261263474975, 72.95912634749749, 72.95912634749749, 91.25012634749748, 91.25012634749748, 91.25012634749748, 82.84831132892384, 82.62924013938336, 75.29011416904842, 75.29011416904842, 75.29011416904842, 56.74055708452421, 56.74055708452421, 32.62084179510231, 32.62084179510231, 32.62084179510231, 32.58528992211762, 32.54509936090678, 0.0, 0.0, 0.0, 0.0, 0.0, 6.516164320493594, 6.414703211265088, 6.414703211265088, 42.252406422530186, 42.252406422530186, 90.36040642253018, 90.36040642253018, 90.36040642253018, 74.02140102009758, 74.02140102009758, 64.57840102009759, 64.55623047248852, 64.55623047248852, 47.636995249669866, 47.636995249669866, 23.177614238687624, 23.15257801186155, 
0.0, 0.0, 0.0, 0.0, 0.0, 0.0, 0.0, 0.0, 0.0, 0.0, 0.0, 0.0, 0.0, 0.0, 0.0, 0.0, 0.0, 0.0, 0.0, 0.0, 0.0, 0.0, 0.0, 0.0, 0.0, 0.0, 0.0, 0.0, 0.0, 0.0, 0.0, 0.0, 0.0, 0.0, 0.0, 0.0, 0.0, 6.410906211431879, 6.410906211431879, 6.410906211431879, 6.410906211431879, 6.410906211431879, 0.0, 0.0, 0.0, 0.0, 0.0, 33.71869019548589, 33.576559478765155, 33.576559478765155, 44.032118957530315, 44.032118957530315, 64.20211895753032, 64.20211895753032, 64.1859856341604, 80.0579856341604, 80.0579856341604, 72.12066657550511, 72.12066657550511, 72.12066657550511, 73.0536665755051, 72.95421193013507, 91.24521193013507, 91.24521193013507, 91.24521193013507, 82.72767554059321, 82.61164365744442, 75.33836712299697, 75.33836712299697, 75.33836712299697, 56.76468356149849, 56.76468356149849, 32.571528431584596, 32.571528431584596, 32.55120072642899, 32.55120072642899, 32.55120072642899, 0.0, 0.0, 0.0, 0.0, 0.0, 6.469862130188272, 6.469862130188272, 6.464595126979365, 42.352190253958724, 42.352190253958724, 90.37209658476657, 90.37209658476657, 90.37209658476657, 74.20260328302133, 74.19948611567625, 64.62147158110032, 64.62147158110032, 64.62147158110032, 47.71820689521226, 47.71820689521226, 23.24259301127335, 23.092071765186745, 
0.0, 0.0, 0.0, 0.0, 0.0, 0.0, 0.0, 0.0, 0.0, 0.0, 0.0, 0.0, 0.0, 0.0, 0.0, 0.0, 0.0, 0.0, 0.0, 0.0, 0.0, 0.0, 0.0, 0.0, 0.0, 0.0, 0.0, 0.0, 0.0, 0.0, 0.0, 0.0, 0.0, 0.0, 0.0, 0.0, 0.0, 6.40297856557536, 6.40297856557536, 6.40297856557536, 6.40297856557536, 6.40297856557536, 0.0, 0.0, 0.0, 0.0, 0.0, 33.615528106387934, 33.615528106387934, 33.60553578516719, 44.09007157033439, 44.09007157033439, 64.21921495571196, 64.21921495571196, 64.21921495571196, 80.09121495571196, 80.09121495571196, 72.0429256585464, 72.0429256585464, 72.0429256585464, 72.9759256585464, 72.9759256585464, 91.2669256585464, 91.2669256585464, 91.2669256585464, 82.55694632841029, 82.53551132880612, 75.36014510299192, 75.36014510299192, 75.36014510299192, 56.77557255149596, 56.77557255149596, 32.53589047926892, 32.53589047926892, 32.53589047926892, 32.53589047926892, 32.52505725820002, 0.0, 0.0, 0.0, 0.0, 0.0, 6.509967127909903, 6.445527193399524, 6.442052944827019, 42.30710588965404, 42.30710588965404, 90.41510588965403, 90.41510588965403, 90.41510588965403, 74.08248323948278, 74.08160597153868, 64.60851726537118, 64.60851726537118, 64.60851726537118, 47.54683881718177, 47.54683881718177, 23.091989521961082, 23.030947471014713, 
0.0, 0.0, 0.0, 0.0, 0.0, 0.0, 0.0, 0.0, 0.0, 0.0, 0.0, 0.0, 0.0, 0.0, 0.0, 0.0, 0.0, 0.0, 0.0, 0.0, 0.0, 0.0, 0.0, 0.0, 0.0, 0.0, 0.0, 0.0, 0.0, 0.0, 0.0, 0.0, 0.0, 0.0, 0.0, 0.0, 0.0, 6.435426277587094, 6.435426277587094, 6.435426277587094, 6.435426277587094, 6.435426277587094, 0.0, 0.0, 0.0, 0.0, 0.0, 33.692435563135646, 33.58003549189785, 33.58003549189785, 44.03907098379571, 44.03907098379571, 64.1686963546104, 64.1686963546104, 64.1686963546104, 80.0406963546104, 80.0406963546104, 72.0055137355593, 72.0055137355593, 71.99216962891973, 72.92516962891972, 72.92516962891972, 91.21616962891972, 91.21616962891972, 91.21616962891972, 82.54648113302298, 82.54648113302298, 75.31806442988992, 75.31806442988992, 75.31806442988992, 56.75453221494496, 56.75453221494496, 32.665175511601454, 32.60679049321443, 32.60679049321443, 32.54690013772844, 32.54690013772844, 0.0, 0.0, 0.0, 0.0, 0.0, 6.456024545046667, 6.456024545046667, 6.456024545046667, 42.335049090093335, 42.335049090093335, 90.44304909009333, 90.44304909009333, 90.44304909009333, 74.16213062799383, 74.11280136771138, 64.66980136771139, 64.63521705080421, 64.63521705080421, 47.62309318346203, 47.55637736883312, 23.048756898709556, 23.048756898709556, 
0.0, 0.0, 0.0, 0.0, 0.0, 0.0, 0.0, 0.0, 0.0, 0.0, 0.0, 0.0, 0.0, 0.0, 0.0, 0.0, 0.0, 0.0, 0.0, 0.0, 0.0, 0.0, 0.0, 0.0, 0.0, 0.0, 0.0, 0.0, 0.0, 0.0, 0.0, 0.0, 0.0, 0.0, 0.0, 0.0, 0.0, 6.397696950789896, 6.397696950789896, 6.341670246036436, 6.341670246036436, 6.341670246036436, 0.0, 0.0, 0.0, 0.0, 0.0, 33.60075809524312, 33.60075809524312, 33.60075809524312, 44.08051619048625, 44.07323587575793, 64.24323587575793, 64.24323587575793, 64.24323587575793, 80.11523587575793, 80.11523587575793, 72.1415068599114, 72.1415068599114, 72.1415068599114, 73.04219685551413, 73.02383066803489, 91.31483066803489, 91.2322398068215, 91.2322398068215, 82.56794837345889, 82.56794837345889, 75.39750300664555, 75.39750300664555, 75.39750300664555, 56.76675532249487, 56.76675532249487, 32.57075399237103, 32.57075399237103, 32.54971390927528, 32.51595388789687, 32.51595388789687, 0.0, 0.0, 0.0, 0.0, 0.0, 6.4388851292027915, 6.438717758254548, 6.432677471507798, 42.26516547053237, 42.26516547053237, 90.37316547053236, 90.37316547053236, 90.37316547053236, 74.21914684173214, 74.21914684173214, 64.77614684173214, 64.5111980909464, 64.5111980909464, 47.678685435705084, 47.580447218396884, 23.0620217345338, 23.0620217345338, 
