2.8641370487283346, 8.184063467392017, 5.711117704502378, 5.046169641459002, 5.046169641459002, 4.740708970527997, 4.555547354019126, 4.555547354019126, 8.197667735926018, 7.96741626366833, 11.65799890913043, 12.874435479883527, 9.306357634865222, 9.87202665562142, 7.308387585616112, 5.507056111634363, 4.939806234969989, 5.302939632168755, 4.831598560331365, 4.474986990764801, 4.474986990764801, 4.474986990764801, 4.474986990764801, 4.474986990764801, 4.474986990764801, 4.474986990764801, 4.474986990764801, 4.474986990764801, 4.474986990764801, 4.474986990764801, 4.474986990764801, 4.474986990764801, 4.474986990764801, 4.474986990764801, 4.474986990764801, 7.0636091529008205, 10.487247117894869, 13.368158015421042, 13.19243867996981, 11.850726455700688, 9.618862860608802, 6.570946148374265, 7.957522957467923, 8.831620817264405, 10.12181089501632, 10.177893929275777, 8.80588330271551, 8.646980055159792, 12.546662262406414, 12.31606284351062, 10.359984755839784, 11.198760878850585, 11.824717863506327, 11.481314926723439, 13.464265027298708, 10.526673316391696, 6.228000897645174, 4.951987069001763, 4.860066964948441, 4.860066964948441, 4.795756782397014, 4.34219449467102, 4.34219449467102, 8.89162849622344, 11.679792632360234, 13.286446193478888, 12.864454763516658, 12.825089000371882, 13.112603086773507, 12.622231424962674, 12.696182778678146, 12.889727440340009, 13.169715848406604, 9.744756776152816, 6.509687080557729, 11.102893249937111, 7.928975218327746, 7.441958359984735, 5.307560806259968, 6.561653548036851, 6.097828606025004, 5.017609833681135, 4.517390738781746, 4.517390738781746, 4.517390738781746, 5.442138517357222, 9.973773326336506, 11.247920639936183, 11.757732558297436, 8.795124799335657, 5.080280866876869, 4.962135105416046, 8.117033106021127, 5.696502439892981, 5.055016108302549, 5.030591149089023, 5.030591149089023, 5.030591149089023, 5.030591149089023, 
2.8047979637983858, 8.61779472562859, 6.194968554410185, 4.859657485213489, 4.859657485213489, 4.859657485213489, 4.859657485213489, 4.859657485213489, 7.685185263206403, 7.70254322184976, 11.808599863434118, 12.559299060952991, 9.425435592655141, 9.859200804020109, 7.728006402945159, 5.420272580260583, 5.079782616316354, 5.737073396642096, 5.737073396642096, 5.128763727276294, 5.128763727276294, 5.064710922289137, 4.676643260286124, 4.549398064382451, 4.549398064382451, 4.549398064382451, 4.549398064382451, 4.549398064382451, 4.549398064382451, 4.549398064382451, 4.549398064382451, 4.549398064382451, 4.549398064382451, 4.549398064382451, 5.421840382598685, 6.961290833774621, 10.790158816324928, 12.5886737680849, 12.69465127448975, 11.754882781926487, 9.817802794740413, 6.850573785845906, 7.6748412065543725, 8.632013026478788, 9.844574313214622, 10.000796220572793, 8.731530967381726, 9.096615132674565, 12.449914102453448, 12.288234949757994, 10.321911368094725, 11.614021170780234, 11.932239751631245, 11.370863161158741, 13.11110993756196, 10.48494335864818, 5.091456675570527, 4.745034164141664, 4.444940057016044, 4.444940057016044, 4.444940057016044, 4.444940057016044, 4.444940057016044, 8.713943081396804, 12.02370343121853, 13.298989427843173, 12.95177348551615, 13.10035590162258, 12.56397044475452, 12.850296876564304, 13.03488102406155, 13.162983789374382, 13.112673850306544, 9.485122934245986, 6.546570195028362, 10.916687981830556, 8.159095865446611, 7.318850012719645, 5.587525837568027, 6.449046073014248, 5.958811729271609, 5.2907080513202835, 4.463479712965189, 4.463479712965189, 4.463479712965189, 4.463479712965189, 9.830749591299764, 11.09460034642425, 11.397182322806653, 8.822801179711032, 5.218194851299053, 4.832129647697158, 7.647664065700196, 4.871397889732979, 4.871397889732979, 4.844302643266403, 4.82410245831981, 4.82410245831981, 4.819348827240276, 
2.782908263936733, 8.286294394011971, 6.208723532357002, 5.41355628433945, 5.090058354492491, 5.090058354492491, 4.5905553263167285, 4.5905553263167285, 7.8068778352602255, 7.8068778352602255, 11.873114559430817, 12.833064940259181, 9.26815834178557, 9.685808320844865, 7.9747175578235385, 5.713639341180329, 5.281773038603429, 6.224892598830866, 4.779280048167291, 4.704035473606794, 4.704035473606794, 4.704035473606794, 4.704035473606794, 4.704035473606794, 4.704035473606794, 4.704035473606794, 4.704035473606794, 4.704035473606794, 4.704035473606794, 4.704035473606794, 4.704035473606794, 4.704035473606794, 4.704035473606794, 4.704035473606794, 4.704035473606794, 6.994930134338018, 10.792394419762068, 12.914704924372876, 12.982284250750794, 11.82510851799478, 9.95611138295151, 5.985114658661477, 7.72017488272483, 8.124144684886991, 9.855750392755892, 9.95678175475619, 8.456801060490854, 8.456801060490854, 12.863716752080588, 12.260821242095721, 9.736251703813249, 11.638373192331342, 11.744233664687163, 11.486361282275112, 12.925551527491006, 10.333687017848053, 6.219521615612361, 5.056828161567335, 5.056828161567335, 5.056828161567335, 4.994504217194979, 4.7458593347157105, 4.7458593347157105, 8.524575262884222, 12.014519165338669, 12.987935898607851, 12.723692074680953, 13.12783221410092, 12.51941601497653, 13.23125857994853, 13.15408160394983, 13.141290605877309, 13.412957023068024, 9.67679008119148, 6.375300000732452, 11.340250920631943, 8.291874600826684, 7.462083238861732, 4.484452558993361, 6.931740525525331, 4.783797984921662, 4.783797984921662, 4.783797984921662, 4.783797984921662, 4.659937458845565, 5.7324352785135595, 10.083048885675577, 11.255139245079135, 11.46731434938745, 8.455112096207118, 5.481906030211178, 4.948054587754381, 7.670971736225281, 5.352236350027642, 4.7114425898151495, 4.7114425898151495, 4.7114425898151495, 4.7114425898151495, 4.7114425898151495, 
3.2233136296862384, 8.27234747422803, 6.582646382477051, 4.547237489476441, 4.51478415836138, 4.51478415836138, 4.51478415836138, 4.51478415836138, 6.967316754282072, 7.895184126250628, 11.74763632844412, 12.832001292797472, 9.485567695666386, 9.869890171297886, 7.532136104782223, 5.458164932615638, 4.764274333764007, 5.7277055163721435, 4.464449727147567, 4.464449727147567, 4.099256994454294, 4.099256994454294, 4.099256994454294, 4.099256994454294, 4.099256994454294, 4.099256994454294, 4.099256994454294, 4.099256994454294, 4.099256994454294, 4.099256994454294, 4.099256994454294, 4.099256994454294, 4.099256994454294, 4.099256994454294, 4.099256994454294, 7.973465995999657, 10.560685668921739, 12.98793102928088, 12.96003956717054, 11.759009632616078, 9.701828876906706, 6.502697724910295, 8.06770141918576, 8.06770141918576, 10.076668596191078, 9.632820786725492, 8.81586313412438, 8.991453297975758, 12.35717352232869, 12.049360505085392, 10.242452700059891, 11.430646593031218, 11.861150926924045, 11.196229173268128, 13.06472193960212, 10.639737717301818, 6.063999580230096, 4.975749847935351, 4.975749847935351, 4.975749847935351, 4.882386515433851, 4.865286975844047, 4.680787798454613, 8.672682069456755, 12.043282134644459, 12.829542027011744, 13.069436892177706, 13.13223861773316, 13.052248557595565, 13.094268713468159, 12.978405640738446, 12.742064888951163, 13.012233674490876, 9.850629225825207, 6.594870366227937, 11.191292992162435, 7.861648615805882, 6.991922728954405, 5.424212968496768, 6.489332629704961, 6.172310354817224, 5.656943851238964, 4.8086760411799325, 4.738359636802052, 4.738359636802052, 4.738359636802052, 10.182409706156788, 11.234839064981417, 11.594582907690521, 8.996834110523775, 5.237825344949179, 4.622508298566146, 8.202248045108727, 5.554292668411058, 5.118520656193613, 5.010157920593901, 4.792394182510389, 4.792394182510389, 4.792394182510389, 
3.301889246653893, 8.167434188214171, 6.709092535162, 5.476365005148278, 5.391877297010048, 5.025745213211742, 5.025745213211742, 5.025745213211742, 7.701237857349408, 7.626184931752727, 11.653832355917988, 12.830419628088578, 9.615538391917967, 9.987992511859867, 7.873243646491657, 5.868468471432426, 4.8132812519119135, 6.388197270460616, 4.620782755257078, 4.620782755257078, 4.620782755257078, 4.620782755257078, 4.620782755257078, 4.620782755257078, 4.349321233254614, 4.349321233254614, 4.349321233254614, 4.349321233254614, 4.349321233254614, 4.349321233254614, 4.349321233254614, 4.349321233254614, 4.349321233254614, 4.349321233254614, 4.27081041750796, 7.859639840765702, 10.52763455294282, 13.02550273917555, 12.807145120092487, 11.92865433946653, 9.645939456743054, 6.5257064520337416, 8.352045629308787, 8.102439255858101, 9.768439623014206, 9.964657608870711, 8.611215279524085, 8.483339848009852, 12.75337726076103, 12.290797235103286, 10.456747663928958, 11.50439038937881, 11.913116845111174, 11.5105307148629, 13.17798408501695, 10.544647244093847, 6.573229363522557, 4.830018388129691, 4.816216387071613, 4.816216387071613, 4.816216387071613, 4.816216387071613, 4.816216387071613, 8.408555368536115, 11.747127435863764, 13.119506276974436, 13.055205286296875, 13.055205286296875, 12.841039123342611, 13.008757087378662, 12.924833382478312, 13.357267068283923, 12.942749649867572, 9.646983484967404, 7.320771263495931, 11.18535116022546, 7.586192541454462, 6.889846874481755, 4.951170220658945, 6.159905579882828, 6.159905579882828, 5.491498316273653, 5.081408945670052, 5.081408945670052, 4.961258176642126, 4.990250031529989, 10.116975542855132, 11.480216056353056, 11.415900928446062, 9.057948311743477, 4.603813823788215, 4.5262302710138265, 7.509456745291979, 5.290656609913764, 5.290656609913764, 5.290656609913764, 4.425502195913943, 4.425502195913943, 5.749176269561193, 
3.1130772843899592, 8.234069411584855, 6.457906837287943, 4.810549437032023, 4.810549437032023, 4.127450951835332, 4.127450951835332, 4.127450951835332, 7.338054942900564, 7.338054942900564, 11.713258600982297, 12.88572993225618, 9.739562294422402, 10.115128824913034, 7.093561367042053, 6.062776319895466, 5.407306588553354, 5.719724451783716, 5.559002016090467, 4.690114509588799, 4.690114509588799, 4.494460976958528, 4.494460976958528, 4.494460976958528, 4.494460976958528, 4.494460976958528, 4.494460976958528, 4.494460976958528, 4.494460976958528, 4.494460976958528, 4.494460976958528, 4.494460976958528, 4.494460976958528, 4.494460976958528, 4.494460976958528, 7.215646120632082, 10.793117515314792, 12.899549082063881, 12.96569567684402, 11.959551934749104, 9.45744856770842, 6.569520738576447, 8.018814777772144, 8.551923874279726, 9.993675574492654, 10.135430548283923, 8.661173861485306, 8.908367685959862, 12.335999937206024, 12.10532371019362, 10.585317985043844, 11.471531636418993, 11.717297041167313, 11.170772802443388, 12.82955765012516, 10.58309438759724, 6.510560887047877, 5.10409816380281, 4.244682567275365, 4.244682567275365, 4.244682567275365, 4.244682567275365, 4.244682567275365, 8.906962316675774, 12.070507009391921, 12.670630075346203, 12.67830926860588, 12.738627531896075, 13.11722046111678, 12.907569770403617, 13.120973370140248, 13.026365778165712, 12.903142562777708, 9.992167826665485, 6.755150152612572, 11.059410560055271, 7.0463183454925336, 7.039892471057815, 5.290873833111323, 7.249647832247165, 5.92551450634236, 5.40138921456327, 5.273861310746099, 4.730408157168565, 4.730408157168565, 4.730408157168565, 10.364429570560347, 11.221200191688245, 11.468170764016321, 8.726779897427345, 5.101115906788362, 4.4509351457606385, 7.667366624653184, 4.896106126447066, 4.622503268545277, 4.622503268545277, 4.622503268545277, 4.622503268545277, 4.622503268545277, 
2.8156747600138345, 8.341508856890014, 6.213646553099846, 5.057166055071399, 5.057166055071399, 5.056458417155316, 5.056458417155316, 4.989043937610472, 7.645771537895998, 7.596593552415886, 11.63422593270067, 12.615731505647435, 9.774187820942826, 9.74249395858067, 7.4073263920775485, 5.21321652548334, 4.666144311000981, 5.361189089188382, 5.361189089188382, 5.282600918974978, 5.282600918974978, 5.160948073148823, 5.160948073148823, 4.804031817545162, 4.804031817545162, 4.804031817545162, 4.804031817545162, 4.804031817545162, 4.801460481578417, 4.801460481578417, 4.801460481578417, 4.669225906277177, 4.669225906277177, 4.656609291994865, 4.656609291994865, 7.015585343028295, 10.610313836341609, 13.097569732958666, 12.981249661907118, 11.69520999448527, 9.888883017462366, 5.9403652385125945, 8.932664306935932, 8.411389775571283, 9.881583469552183, 9.76001927927009, 8.327592719230895, 8.48056485893103, 12.822813115737901, 11.869851531076208, 10.706536247654691, 11.559318077615126, 11.654567748153244, 11.5181313019313, 13.125016894600417, 10.26858951849404, 6.379055122258233, 5.338651031812027, 4.881527497278189, 4.591575462004336, 4.591575462004336, 4.591575462004336, 4.465831068292712, 8.778039118573496, 11.770892501393927, 13.002415640264626, 13.002415640264626, 13.002415640264626, 12.820516705254214, 12.961794601145423, 12.967865699653386, 12.902758618402686, 13.004634869679684, 9.812356180485494, 6.1959380816224865, 11.128763975485677, 7.739193317597703, 7.450567947790585, 5.251325657498427, 6.750582938386586, 5.677689004237774, 4.61786662944289, 4.61786662944289, 4.61786662944289, 4.386767213314862, 5.8562643582393505, 10.357945203236229, 11.462444759786214, 11.289979690780553, 8.579310833138265, 5.073754002146394, 5.073754002146394, 7.66257688493527, 5.467648863146852, 5.055184168883365, 5.055184168883365, 5.055184168883365, 5.055184168883365, 5.702076949905734, 
2.9645514535179913, 7.857969254572151, 5.900481140581061, 4.817965724757823, 4.817965724757823, 4.817965724757823, 4.361142862973352, 4.361142862973352, 8.035467257008513, 7.703476894900129, 11.639404573445802, 12.86122000087556, 9.606338705458956, 9.554609801068732, 7.44069250200554, 5.993880013376014, 4.293584425280507, 6.207379958737921, 5.261520459551296, 4.614317966958229, 4.614317966958229, 4.614317966958229, 4.614317966958229, 4.614317966958229, 4.614317966958229, 4.359343387040283, 4.359343387040283, 4.359343387040283, 4.359343387040283, 4.359343387040283, 4.359343387040283, 4.359343387040283, 4.359343387040283, 4.359343387040283, 4.359343387040283, 6.962631161351236, 10.506382749033602, 12.786549725073531, 12.991219889982062, 11.86860780768889, 9.906428708603029, 6.332315498773255, 8.407666024707668, 7.82673923788488, 10.071902660051464, 9.994721655396656, 8.800603086021399, 8.64404159630464, 12.645153972537296, 12.35730718165411, 10.177428866779355, 11.417333114778904, 11.795344704581074, 11.343005472972564, 13.140070696303228, 10.418278613931959, 6.094437531027104, 5.227033211350747, 4.517950630076292, 4.517950630076292, 4.517950630076292, 4.517950630076292, 4.517950630076292, 8.493044554028874, 11.93514181663217, 12.849660090118595, 13.332718366602414, 13.332718366602414, 13.397093688840213, 13.30159282640571, 12.77178176070793, 12.706354196841113, 12.438963714506961, 9.681041477261527, 6.814558160789369, 11.041762285009344, 8.302617832472073, 7.229778151222064, 4.086910243203935, 7.487158163083432, 5.7239476255738, 4.89191984919789, 4.89191984919789, 4.89191984919789, 4.89191984919789, 5.88914622343982, 10.057383661632475, 11.255173194020653, 11.411494760423775, 8.584479948444317, 4.169603161078083, 4.169603161078083, 7.770752401851569, 5.634855241846388, 4.752392224799525, 4.752392224799525, 4.731644551146896, 4.731644551146896, 5.725500851689102, 
2.681413522615646, 8.314065163043193, 5.89561782901351, 4.779114142434889, 4.779114142434889, 4.779114142434889, 4.779114142434889, 4.779114142434889, 7.998679262138923, 7.998679262138923, 11.70760871514384, 12.855343119955446, 9.505145379819684, 9.801103441143429, 7.048141326527871, 5.640381360794727, 5.359667848546948, 6.173623337844287, 5.260454627057026, 5.130375346872409, 4.762006048239531, 4.762006048239531, 4.762006048239531, 4.762006048239531, 4.351035689888789, 4.351035689888789, 4.351035689888789, 4.351035689888789, 4.351035689888789, 4.351035689888789, 4.351035689888789, 4.351035689888789, 4.351035689888789, 4.351035689888789, 4.351035689888789, 7.310209995397074, 10.799372706796182, 13.090311605955655, 13.05196630772774, 11.910177308600385, 10.010943140138073, 6.396474676304763, 7.579173573085958, 8.491392287583375, 9.801631474968337, 9.840283791704168, 8.88225005127542, 8.940176938469271, 12.363947453318339, 12.212404553484205, 10.44903025454084, 11.381674988674307, 11.738044386856636, 11.412587076622405, 12.813371243445193, 10.458814906319187, 6.529103352380297, 5.3046016782017915, 4.753372372339836, 4.753372372339836, 4.753372372339836, 4.753372372339836, 4.753372372339836, 8.499065046797305, 11.895578415787654, 13.055662408799416, 13.01238973488532, 13.273436121395562, 13.051957745933215, 13.120377757193818, 13.012133950250057, 13.026484760021752, 12.855301203690736, 9.600766031681344, 6.960601953499003, 11.163691363080819, 7.25760138018374, 7.25760138018374, 5.202619970117798, 6.954748694528346, 5.942034854925257, 5.446199453593344, 4.828896823640569, 4.828896823640569, 4.828896823640569, 4.807148279893674, 10.245421643024912, 11.32066777003535, 11.686327555734978, 7.837533394724385, 4.485548911107443, 4.485548911107443, 7.268123056720908, 5.791397952353247, 4.836948636588211, 4.836948636588211, 4.836948636588211, 4.836948636588211, 4.836948636588211, 
3.189568164369387, 8.397861043304378, 6.119774480282302, 4.808403662645656, 4.791074914070588, 4.791074914070588, 4.791074914070588, 4.791074914070588, 7.394967826980981, 7.387038015169621, 11.841831596019148, 12.819812589036806, 9.666336639019793, 9.945109026442072, 7.18166721729, 5.623835372512172, 5.370627009275697, 5.536526307873668, 4.881655992176356, 4.881655992176356, 4.269507408020107, 4.269507408020107, 4.269507408020107, 4.269507408020107, 4.269507408020107, 4.269507408020107, 4.269507408020107, 4.269507408020107, 4.269507408020107, 4.269507408020107, 4.269507408020107, 4.269507408020107, 4.130662612193415, 4.130662612193415, 4.130662612193415, 7.325102856834629, 10.484332263326385, 12.80215007399685, 12.779601413848974, 12.039185123172324, 9.643010654145476, 6.357835341551322, 8.207097487215954, 8.334582876243747, 10.11677243478981, 10.060997119473239, 8.782730978997936, 8.038267918613823, 12.724291127489916, 12.089695917506534, 10.149296195837007, 11.72989874538869, 11.76838925191395, 11.447421585326449, 12.7506274642611, 10.226099869325829, 6.506991809225941, 5.168598275137718, 4.922036521672748, 4.922036521672748, 4.922036521672748, 4.691593934100762, 4.691593934100762, 8.534686504870706, 11.804443727661656, 13.436026473809937, 13.436026473809937, 12.64847907138913, 12.956446204071087, 12.79507612898475, 13.117204629773235, 12.956038316445161, 13.063238598949962, 10.02342812208335, 6.430655858776163, 11.106442556769833, 7.817866409412245, 7.567438324309304, 4.454849655490868, 6.849329961702894, 5.272612350370903, 4.59462009390926, 4.59462009390926, 4.236639332892967, 4.236639332892967, 5.133189634703207, 9.99646716896789, 11.133447775138567, 11.661590513788248, 8.350351126941923, 4.317695659342281, 4.317695659342281, 8.32040405919848, 5.008390467667194, 4.951574962106623, 4.951574962106623, 4.751195701434458, 4.549536137536126, 4.549536137536126, 
2.872715047048981, 8.584753173514336, 6.227880562269707, 5.417281608225128, 4.950598747247323, 4.7586656192224375, 4.7586656192224375, 4.29977555816286, 8.335474657090389, 8.241170613629459, 11.874052173676777, 12.86225907085799, 9.6087732874921, 10.038534432903889, 6.994779910988793, 5.509559472110411, 5.414800236414411, 6.142977760667005, 5.621477538932439, 5.0344162078822166, 4.7915611961645475, 4.7915611961645475, 4.7915611961645475, 4.585937061620093, 4.585937061620093, 4.585937061620093, 4.585937061620093, 4.585937061620093, 4.585937061620093, 4.585937061620093, 4.585937061620093, 4.585937061620093, 4.585937061620093, 4.585937061620093, 4.585937061620093, 6.3278648587340065, 10.468624044103612, 13.128815393777217, 12.831605446020813, 11.809919515373036, 9.735895130740598, 6.778518403381666, 8.039139274170491, 8.401013874314183, 9.845495086195378, 10.047017846942248, 8.68630665910827, 8.301445420279752, 12.481831339131242, 12.432557574609891, 10.2331866876521, 11.494738313224246, 11.757875001222857, 11.364564112071326, 13.412604870737043, 10.423219347982013, 5.793569809074256, 4.54219338095038, 4.54219338095038, 4.54219338095038, 4.54219338095038, 4.54219338095038, 4.54219338095038, 8.982067258929131, 12.052089534863665, 12.565537660617247, 13.130168945969249, 13.105792155793143, 12.589779992577503, 13.097725351236036, 12.996975351303012, 13.270050931709557, 13.057988668271186, 9.204302325815075, 7.035447760274245, 11.317250605549823, 7.956640416187309, 7.496244367473743, 4.9861803328006395, 6.643314696926822, 5.592619371162446, 5.044508627506225, 5.044508627506225, 4.479343787107812, 4.3973975919776365, 4.3973975919776365, 9.945828145834593, 11.144034579225014, 11.588406368809373, 8.297536875893268, 4.597686784457135, 4.597686784457135, 7.5764381672438965, 5.631587251570359, 5.103153580206033, 5.103153580206033, 5.032507486283599, 5.032507486283599, 5.032507486283599, 
3.297666612648218, 7.983015949715853, 5.580643634984579, 4.938586352784586, 4.938586352784586, 4.801278484289881, 4.801278484289881, 4.319261205239755, 7.8376629033934755, 7.8376629033934755, 11.835550364561126, 12.768105920407537, 9.49993039351728, 9.743992120378213, 7.999635081096779, 4.930373588740846, 4.872553515559385, 6.554972038693148, 5.023614498265438, 4.773675009054227, 4.773675009054227, 4.773675009054227, 4.773675009054227, 4.649602608442333, 4.363547445015342, 4.363547445015342, 4.363547445015342, 4.363547445015342, 4.363547445015342, 4.363547445015342, 4.363547445015342, 4.363547445015342, 4.363547445015342, 4.363547445015342, 4.363547445015342, 7.06054398470855, 10.724479244247206, 13.04024389234923, 12.800747287550067, 11.800598023039242, 9.555748564342133, 6.488727562423119, 7.772625194215861, 8.595962197415977, 9.961199826883941, 9.745592787352448, 8.835891888747451, 9.247509628232326, 12.47068366561819, 12.274479364494137, 10.483512509755615, 11.39537030125322, 11.692234767361947, 11.369421610172546, 13.202328851578413, 10.219667929392964, 6.8328021940160575, 5.502228739775585, 4.873298626531685, 4.867008344811939, 4.867008344811939, 4.8518588709731425, 4.8518588709731425, 8.433401346524375, 11.967212239122462, 13.169562823089404, 13.169562823089404, 12.71734091302419, 12.989175347585817, 12.833600273893353, 13.294480178332144, 12.811451583085272, 12.799426870068888, 9.635664120002742, 7.033225250439465, 11.082184693956172, 7.880728739898029, 7.042182350659456, 5.05043747592816, 6.402149088146661, 5.983028976132214, 5.225824328623297, 4.986017424840021, 4.986017424840021, 4.9328143010132095, 5.629573426168221, 9.92924525025778, 11.51363249389823, 11.471180166567393, 8.249192914129566, 5.554631366877427, 4.984050010383626, 7.2926002136646275, 5.822597770326258, 4.600899761434356, 4.600899761434356, 4.600899761434356, 4.600899761434356, 5.348322606862823, 
3.155541887356577, 8.315650500948175, 5.905798316869202, 5.691179824999789, 5.351992018667204, 4.992733021616164, 4.715231717738501, 4.715231717738501, 7.947537986744605, 7.947537986744605, 11.394509594523992, 12.603749866039024, 9.495220949142, 10.029706740553282, 7.246490331759187, 5.091404430963653, 4.594328498850242, 5.5526177709184275, 4.798275202687616, 4.798275202687616, 4.798275202687616, 4.798275202687616, 4.798275202687616, 4.798275202687616, 4.798275202687616, 4.621846673504617, 4.621846673504617, 4.621846673504617, 4.621846673504617, 3.925405209260056, 3.925405209260056, 3.925405209260056, 3.925405209260056, 3.925405209260056, 3.925405209260056, 6.98712541337815, 10.637800569126789, 13.029147425832878, 13.209950707618596, 12.033195369872258, 9.632507371989549, 6.0837008427868255, 7.936471066494505, 8.514482860109522, 10.241818406262931, 9.889083203833742, 8.555387664739118, 9.080187471658927, 12.336561215805274, 12.245350469623386, 10.339348494025328, 11.476478211276676, 11.924777335636215, 11.381710837133113, 12.610639122898226, 10.410332581041448, 6.530272939837808, 5.589237954624288, 5.081043268448493, 5.015946421282035, 4.895991388861866, 4.895991388861866, 4.895991388861866, 8.773026604427413, 11.679504269940919, 12.804234058696482, 12.968603636277217, 13.241650790820403, 12.768463524278243, 12.804980060117332, 12.735770161351407, 13.270655853537859, 13.18051564467684, 9.400523079221603, 6.220209168813888, 11.048123401655591, 8.029386775389591, 7.293579305723631, 5.023828271907682, 6.678898565950181, 5.198668605453779, 5.198668605453779, 4.728439060528789, 4.728439060528789, 4.728439060528789, 5.821345884876937, 9.830013750964323, 11.35682814694695, 11.748359528858359, 8.215448191421554, 5.35308494563758, 4.302758114710773, 7.988145175037175, 5.445100252944538, 4.253050182825195, 4.253050182825195, 4.253050182825195, 4.253050182825195, 4.253050182825195, 
3.355734416498823, 8.517480128832645, 6.518345236471653, 5.094566285075583, 4.557780519927448, 4.500404822469342, 4.500404822469342, 4.500404822469342, 7.340558975499464, 7.340558975499464, 11.691206231017343, 12.679981139190089, 9.831221215112274, 9.825724928398573, 6.929515349179464, 4.845007296121949, 4.845007296121949, 4.845007296121949, 4.845007296121949, 4.845007296121949, 4.584976030284135, 4.584976030284135, 4.584976030284135, 4.584976030284135, 4.584976030284135, 4.584976030284135, 4.584976030284135, 4.584976030284135, 4.584976030284135, 4.584976030284135, 4.584976030284135, 4.584976030284135, 4.584976030284135, 4.584976030284135, 4.584976030284135, 7.606323959473457, 10.529553052232894, 12.989360772667126, 12.963326734536807, 11.91644572454457, 9.842694704181167, 6.003784867872184, 8.332618880755813, 8.54707395522207, 9.940903130519262, 9.940903130519262, 8.988897639632036, 8.696522718000686, 12.734001310536343, 12.179772188425959, 10.192739636506886, 11.387312207002557, 11.74829670285126, 11.323592054757498, 12.701123431034718, 10.425586021396303, 6.113195522201611, 5.135265328490242, 5.10723991288868, 5.10723991288868, 4.919792065899415, 4.583565292347021, 4.209456282077316, 8.366148276276446, 11.792348341520007, 12.834026569619692, 13.233549293520174, 13.233549293520174, 13.266126520850293, 13.31279391009377, 13.1725445806903, 13.038324010401302, 13.092686546521353, 9.68110206323662, 7.303859058565221, 11.135094855278286, 7.724641919995591, 7.315620341026916, 4.390129209713653, 6.718971357424788, 5.645086478672429, 5.094660613624619, 4.843166139128019, 4.843166139128019, 4.843166139128019, 5.696123978652533, 10.285656058891643, 11.195207273079024, 11.734957849693524, 8.546175217701004, 5.370613500164698, 4.938288394227385, 8.084978657090428, 5.390292500051444, 4.61992797431094, 4.61992797431094, 4.61992797431094, 4.61992797431094, 4.61992797431094, 
2.923917320578294, 8.985333620411273, 5.691220031218204, 4.647964358132608, 4.647964358132608, 4.647964358132608, 4.647964358132608, 4.647964358132608, 7.5788568572578505, 7.5788568572578505, 11.892409060658643, 12.917926090051226, 9.278049308012415, 9.497517150270749, 8.222447524945478, 5.690373093123355, 5.156602393912365, 6.013921144219367, 4.994602747183059, 4.994602747183059, 4.994602747183059, 4.994602747183059, 4.994602747183059, 4.994602747183059, 4.994602747183059, 4.317611647461241, 4.317611647461241, 4.317611647461241, 4.317611647461241, 4.317611647461241, 4.317611647461241, 4.317611647461241, 4.317611647461241, 4.317611647461241, 5.861648939723924, 7.166531536609124, 10.721292628064448, 12.732749486457275, 13.277094666231658, 11.718428953247367, 9.529995299064609, 6.559389681568572, 7.918057498010889, 8.512406999870231, 10.0527756466289, 9.869107031967019, 8.712938169390823, 8.993292194660658, 12.475545844211707, 12.230169090591282, 10.372376937334343, 11.581272207789436, 11.630689130302514, 11.440990838373395, 12.678758817786848, 10.350107325052482, 5.981973472343938, 5.426904453836503, 5.353872426570703, 5.353872426570703, 5.087883773850976, 5.038598312256465, 5.038598312256465, 8.169842469390447, 11.931119025916756, 13.0329275880147, 12.924831433687396, 12.804740795646902, 13.13097323362271, 12.91522718137972, 13.042517784109599, 13.1810460940169, 13.083903637916006, 9.560643786925326, 7.198244729058304, 11.206426906001573, 7.972309657820496, 7.117440450068088, 4.324288891155145, 6.498807365968538, 6.039762593042209, 5.56471155820773, 4.405439225709969, 4.405439225709969, 4.405439225709969, 4.405439225709969, 10.143973725756837, 11.255176683164041, 11.363611724351774, 8.292427349689408, 5.251422337941726, 5.243752374679044, 7.927332411621041, 5.440311070035413, 5.200885267000647, 5.1176828406694455, 5.1176828406694455, 4.622013527648669, 4.581046724229402, 
2.9732541713507636, 8.552917829792147, 6.295012432491436, 5.34821617386903, 4.773032482109347, 4.773032482109347, 4.773032482109347, 4.773032482109347, 7.6631454638015875, 7.51776144866321, 11.811336269745139, 12.606525954703447, 9.356209703213299, 10.20722459509454, 7.159199208708538, 5.558384702436026, 5.2160535778007215, 6.306793801812969, 4.769187933241753, 4.700359424331829, 4.700359424331829, 4.341726808922296, 4.341726808922296, 4.341726808922296, 4.341726808922296, 4.341726808922296, 4.341726808922296, 4.341726808922296, 4.341726808922296, 4.341726808922296, 4.341726808922296, 4.341726808922296, 4.341726808922296, 4.341726808922296, 4.341726808922296, 7.225367779694054, 10.646099699344958, 12.427359492117215, 12.69429451447469, 11.837657789982801, 9.53117517211219, 6.396502917565776, 8.199410556635517, 8.358115949591928, 10.146553272178366, 10.006448966205351, 8.161891690314558, 9.034971991321147, 12.91521505407169, 12.054128803644733, 10.52389019412238, 11.457027497076112, 11.645546370233893, 10.967912860218581, 12.902373583326069, 10.361312521954803, 6.148881873449614, 5.135259915800642, 4.7768811969564275, 4.7768811969564275, 4.7768811969564275, 4.7768811969564275, 4.7768811969564275, 8.404581650253018, 12.111003204694086, 12.835547397972364, 13.184398926918185, 13.305136193453055, 13.35797559729803, 13.003115283188876, 12.989014179773118, 12.779390066682463, 12.896981083136547, 9.483478026089358, 6.836281803665951, 11.086014295603626, 8.061102467704904, 6.390062777104266, 4.568439471787759, 7.16866837950629, 5.4400804084897025, 4.7854211270366385, 4.593455297525029, 4.593455297525029, 4.593455297525029, 5.47077655761543, 9.94580488682449, 11.406718202138665, 11.504683689864247, 8.085693651352456, 5.188400633174634, 4.587371771397883, 7.8735098927041065, 5.65549257920652, 4.928049050532891, 4.9146666357894375, 4.9146666357894375, 4.9146666357894375, 4.9146666357894375, 
3.1993591180290863, 8.29229862073829, 5.520936505111919, 4.566628095173485, 4.566628095173485, 4.566628095173485, 4.566628095173485, 4.566628095173485, 7.754341194581606, 7.289403855414342, 11.777588190614892, 12.613740532313596, 9.358901247067092, 9.446197482788339, 6.958967447458242, 5.123001919957979, 4.859735479116662, 5.727976871414814, 4.732482358790918, 4.732482358790918, 4.732482358790918, 4.732482358790918, 4.732482358790918, 4.340318768536402, 4.340318768536402, 4.340318768536402, 4.340318768536402, 4.340318768536402, 4.340318768536402, 4.340318768536402, 4.340318768536402, 4.340318768536402, 4.340318768536402, 4.340318768536402, 4.340318768536402, 7.132563173636132, 10.767660928111306, 12.701765147909112, 12.994709548510194, 11.949440639071398, 9.886585075545891, 6.2231605152317435, 7.76838691814905, 8.792960207163887, 10.042390654626399, 10.142393290934304, 8.495675269598618, 9.071460706991044, 12.483276076493215, 12.239512348470923, 10.325553102702049, 11.591100458531683, 11.875643462539434, 10.955655709618226, 13.552446096147461, 10.480479719078707, 7.014402100509317, 4.912785829794789, 4.912785829794789, 4.912785829794789, 4.55208490547016, 4.55208490547016, 4.55208490547016, 9.021322083039747, 12.210845419206166, 12.712840974174167, 13.09730498645607, 13.09730498645607, 12.828250960285384, 12.987500384225342, 13.119507692082154, 13.277504574943134, 13.074787973958351, 9.608655469243738, 7.045851307244135, 11.130407422512755, 8.137221449698705, 7.722203557314376, 4.56302899001567, 6.3898639214588115, 5.024444321993453, 5.024444321993453, 5.024444321993453, 4.957685915387557, 4.552409557631094, 4.552409557631094, 10.143679531387637, 11.177565984883024, 11.332650087406236, 8.672657074063343, 5.425284774403192, 5.043942205091756, 7.690941249495856, 5.607560805979858, 4.955684886400416, 4.955684886400416, 4.9200542393836315, 4.9200542393836315, 5.109182003786291, 
3.020818800271794, 8.539891745369344, 6.0948849039501205, 5.372724463226973, 5.13711055708859, 4.993911554690818, 4.993911554690818, 4.993911554690818, 7.877056521007933, 8.142534366547505, 11.79563102485287, 12.81576684187146, 9.30074058384557, 9.849148962962397, 7.400587783323463, 5.369485069940861, 4.983302150763766, 4.983302150763766, 4.631287234412127, 4.631287234412127, 4.631287234412127, 4.631287234412127, 4.631287234412127, 4.631287234412127, 4.4531992916035215, 4.4531992916035215, 4.4531992916035215, 4.4531992916035215, 4.4531992916035215, 4.4531992916035215, 4.4531992916035215, 4.4531992916035215, 4.4531992916035215, 4.4531992916035215, 4.4531992916035215, 7.781845906922065, 10.7910048348923, 12.871477396808826, 12.71822439942986, 11.81257370090759, 9.379179258957578, 6.35618378191641, 7.645525731291762, 8.519476300252151, 9.924790216520476, 10.056230504982782, 8.218075112129554, 8.668433663576314, 12.381548050889961, 12.036437266179876, 10.06747556899201, 11.45422309460858, 11.368460381378537, 11.28025258555195, 13.180445069904103, 10.494119351662528, 6.20003954996902, 4.609656700581553, 4.609656700581553, 5.589368871211025, 4.800581134301918, 4.800581134301918, 4.800581134301918, 8.351369931087179, 12.005047090467214, 12.64871756390395, 13.226828295921724, 13.304969493704629, 12.818908770651095, 12.916433677351685, 12.947381264785557, 13.25263008554986, 13.139127444923709, 9.594755754411084, 6.482608378697137, 11.335153850135468, 8.333175892737936, 7.46635506779905, 4.813669241707089, 7.349272204452001, 5.580392154535584, 4.844809978360285, 4.758686207199702, 4.758686207199702, 4.758686207199702, 4.545201470384999, 10.443202629941172, 10.924405000883919, 11.335509670258602, 8.211579293409281, 4.6900166618548305, 4.6900166618548305, 7.821968073027845, 4.991097229804343, 4.408058019245519, 4.408058019245519, 4.408058019245519, 4.408058019245519, 5.6473562796449315, 
3.052835596740234, 8.218074311478123, 6.118859248735937, 5.0882540465192925, 4.842932383587108, 4.340104062811864, 4.340104062811864, 4.340104062811864, 7.991721381092697, 7.431963215079474, 12.062617893315323, 12.491120538164441, 9.565621487772326, 10.084895630711088, 7.647163715069434, 4.851780813186846, 4.851780813186846, 5.401893125453263, 5.003900492198863, 4.831881792644435, 4.707844666609979, 4.707844666609979, 4.680335893880258, 4.680335893880258, 4.680335893880258, 4.680335893880258, 4.680335893880258, 4.680335893880258, 4.390206635595426, 4.390206635595426, 4.390206635595426, 4.390206635595426, 4.390206635595426, 4.390206635595426, 5.529940423171009, 7.506351618041371, 10.691003407000636, 12.696576268910391, 13.07685446409714, 11.873042617571503, 9.516464321477185, 5.891682731091361, 8.073585732130192, 8.169813156240057, 9.789993517147703, 10.061206957713832, 8.34201954694026, 8.957442713614583, 12.788095116189952, 12.21663276583053, 10.262087899526133, 11.43027910145056, 11.820788027351227, 11.408998941288386, 13.023377797255252, 10.38497405112404, 6.40881068747461, 5.671452188037634, 5.189424491376464, 4.854304996002586, 4.854304996002586, 4.854304996002586, 4.854304996002586, 8.991335219585697, 11.938529722365246, 12.936965453237509, 12.950812125594851, 12.846075621504477, 12.81546501962261, 12.820526641639928, 13.120299127952345, 13.121813920190817, 13.020095956202661, 9.622797537898904, 6.896956624042932, 11.1411194681592, 7.837638905567889, 7.398904867232396, 4.9352844364701305, 6.901395102942741, 6.21914659393596, 4.7743632142264545, 4.7743632142264545, 4.7743632142264545, 4.7743632142264545, 6.410131601812072, 9.860440720435806, 11.313465864992528, 11.492104906307965, 8.587009171160188, 4.559847289425836, 4.559847289425836, 7.491869026544123, 5.268768586656918, 5.268768586656918, 5.007206649744862, 5.007206649744862, 4.66263393515079, 4.66263393515079, 
2.6760277123062934, 8.249028295811307, 5.977972134390946, 5.090497239050556, 5.090497239050556, 4.9461715261787305, 4.8727231569288065, 4.8727231569288065, 7.8479218512074045, 7.8479218512074045, 11.72327774332706, 12.552853762990868, 9.726267450354872, 9.91372799292398, 7.185740395404409, 5.74868917739445, 4.833412162066409, 5.389291958494134, 4.227023973584309, 4.227023973584309, 4.227023973584309, 4.227023973584309, 4.227023973584309, 4.227023973584309, 4.227023973584309, 4.227023973584309, 4.227023973584309, 4.227023973584309, 4.227023973584309, 4.227023973584309, 4.227023973584309, 4.227023973584309, 4.227023973584309, 4.227023973584309, 4.227023973584309, 6.49279637368215, 10.74493951824735, 13.008385599886424, 12.948238635311851, 11.605258773026138, 9.262527703110306, 6.352085439303163, 8.075106209373127, 8.711402097218361, 9.882659275455513, 9.936232018067928, 8.622719790632473, 8.710190253119295, 12.290926687535142, 12.260196456820733, 10.245080693694051, 11.58934647513021, 11.821282696469225, 11.238643579532502, 12.792181610533586, 10.293091809466977, 6.887163779243528, 5.429029675531474, 5.326496120289654, 5.176244861371231, 4.8111871002473805, 4.8111871002473805, 4.651080309804161, 7.989930087920175, 11.995945366534944, 13.164530099403411, 13.119096233840413, 12.799893425975084, 13.066674235783482, 12.947529011623816, 12.701898488834937, 13.110231248859476, 12.894472391027685, 9.623045022320598, 6.252995469118819, 11.248756385596767, 7.691760960893756, 7.661415321465116, 5.192765897386131, 6.625873338750356, 5.133865764456797, 5.133865764456797, 4.953488614170059, 4.953488614170059, 4.753456492820948, 5.607103548397163, 10.132521251511925, 11.170795585748673, 11.558069629964928, 8.470082874568744, 5.412025391727678, 4.527280961936988, 8.130846955355747, 5.056166123249458, 5.056166123249458, 4.822275626940954, 4.822275626940954, 4.822275626940954, 5.266266865553455, 
2.7269974699155703, 8.575274946753545, 6.264169084026236, 5.032006345966394, 5.032006345966394, 5.032006345966394, 5.005939822835888, 4.916497172027462, 8.126962356606807, 7.770921119688719, 11.945743415397226, 12.408384049297942, 9.580606971996893, 9.9961105671978, 7.631639190527835, 4.868337726514913, 4.868337726514913, 4.868337726514913, 4.794108625757875, 4.794108625757875, 4.794108625757875, 4.686204655531991, 4.686204655531991, 4.686204655531991, 4.357089323358476, 4.357089323358476, 4.357089323358476, 4.357089323358476, 4.3103294356957775, 4.3103294356957775, 4.3103294356957775, 4.3103294356957775, 4.3103294356957775, 4.3103294356957775, 4.3103294356957775, 7.231862864816572, 10.838349284753619, 13.126672208858379, 12.750087913278344, 11.75035470318311, 10.001731469622698, 6.283560164896908, 8.010034441226487, 8.312593012271929, 9.942419259212116, 9.959810175870018, 8.579317832884007, 8.652913292932066, 12.742422427727117, 12.400778635717664, 10.466880278528901, 11.446061641299835, 11.599623260237763, 11.530299616403159, 13.077659072151663, 10.284625873465812, 6.612897366137599, 5.126069139207193, 5.126069139207193, 5.126069139207193, 5.125339108886898, 4.707961908406052, 4.707961908406052, 9.026172774141235, 12.051787565750661, 12.723750124912012, 13.001620183093058, 13.001620183093058, 12.965618200836955, 12.906505665295494, 12.653620421818248, 13.16463279628401, 13.238057986745634, 9.806311436583307, 6.831918967349214, 11.431905670604957, 7.7417832882690725, 7.3202133659985975, 4.985912112142838, 6.517710531564699, 6.283708354860671, 4.970790554385317, 4.895191440452859, 4.895191440452859, 4.895191440452859, 4.895191440452859, 10.072260361894077, 11.133045018066436, 11.514233794700136, 8.648751933683496, 4.969608079198117, 4.643755728858697, 6.591096623870634, 5.698795762285105, 4.941066794854795, 4.611244980771506, 4.397485741323212, 4.397485741323212, 5.734405854676314, 
2.964935110167737, 7.80369129144365, 6.480499831242689, 5.262602644393969, 4.667358762410384, 4.425329725318758, 4.425329725318758, 4.425329725318758, 7.863094753470735, 7.570032521620956, 11.941037355008426, 12.677253415275766, 9.654936008574104, 10.050660967693522, 6.79444239503383, 5.465027303870542, 4.445562066142646, 6.243546906230705, 4.4792256682334575, 4.4792256682334575, 4.4792256682334575, 4.4792256682334575, 4.4792256682334575, 4.4792256682334575, 4.4792256682334575, 4.4792256682334575, 4.4792256682334575, 4.4792256682334575, 4.460912905675517, 4.460912905675517, 4.460912905675517, 4.460912905675517, 4.460912905675517, 4.460912905675517, 4.460912905675517, 6.736281760267337, 10.659342285327549, 12.922464898086217, 13.004835622407928, 11.699786550823324, 9.649689754461921, 6.507903728015986, 8.020989440894292, 8.598835485307388, 9.871582266737573, 10.460651409180358, 8.358568963970075, 8.880142573112861, 12.776053840515697, 12.22762989190749, 10.336578959836542, 11.432204130854254, 11.746294886406602, 11.436677457042327, 12.819480336598225, 10.376697928312321, 6.186588127841105, 5.142921746812206, 4.989446101022466, 5.097303199934114, 4.696914730339948, 4.696914730339948, 4.696914730339948, 8.673716080489784, 11.758920571247929, 12.883718284383603, 13.055275603829328, 12.945656971772154, 13.252295535843466, 13.022053804224065, 12.931089334636004, 13.363892897570004, 12.861633711289656, 9.706900987732835, 6.536656076999527, 11.223146012066461, 7.833414628769983, 7.321325375397972, 4.90156925988769, 6.6694851297154685, 5.3601706110706395, 5.095824732491121, 4.9619155364608964, 4.735470500014991, 4.735470500014991, 4.735470500014991, 10.011045945890537, 10.861187527591898, 11.287396768402946, 8.254415966685684, 5.220474169603666, 5.0736318853813245, 7.192723952190068, 5.257446043185347, 5.257446043185347, 4.757810421911245, 4.478045399524277, 4.468309807584426, 4.468309807584426, 
2.6579933592495593, 8.445261715858521, 5.662288531652884, 4.8642789710708705, 4.8642789710708705, 4.8642789710708705, 4.8642789710708705, 4.8642789710708705, 7.843131195798051, 7.390114507830159, 11.817251767030061, 12.83044596173489, 9.838844108600501, 9.79252757411173, 7.532554198135905, 5.684390268989347, 5.084267753873615, 5.941117525153491, 4.723068382982763, 4.723068382982763, 4.723068382982763, 4.723068382982763, 4.432541553079275, 4.432541553079275, 4.432541553079275, 4.432541553079275, 4.432541553079275, 4.432541553079275, 4.432541553079275, 4.432541553079275, 4.432541553079275, 4.397318809413054, 4.397318809413054, 4.397318809413054, 4.397318809413054, 7.688795306649711, 10.716393478589161, 12.525419230612288, 12.70890243712423, 11.955449005959457, 9.68914205582146, 6.5242866187032895, 7.804982898222338, 8.379913234726382, 9.961904814648296, 10.098649554281982, 8.743176286380383, 8.690723491788972, 12.805993466787104, 12.21394296680686, 10.196431961797375, 11.240279315876746, 11.904283293132584, 11.321179392510132, 13.165386102277918, 10.460864687564865, 6.2384772480670385, 5.25474260121954, 5.096548384939414, 4.861902978582485, 4.861902978582485, 4.861902978582485, 4.861902978582485, 8.782967487446978, 11.975048736607155, 13.082858371585255, 13.082858371585255, 13.021983257229206, 12.802333617027731, 12.881863625758049, 13.168848614688047, 13.15396209792774, 13.265929196622587, 9.6782564856891, 6.893352552333003, 11.241290170680358, 7.906324633751822, 7.5539739150902925, 4.73882502836565, 7.17680733205469, 5.123387200758774, 5.123387200758774, 4.694354177516402, 4.694354177516402, 4.694354177516402, 4.694354177516402, 10.10394920057455, 11.227409198854046, 11.34111454280334, 8.901901197883566, 4.682215334946388, 4.682215334946388, 7.828817301712608, 5.907117818253447, 4.82618053051166, 4.607200972540408, 4.607200972540408, 4.607200972540408, 4.607200972540408, 
2.8046338418505243, 8.37081204393974, 5.83910362209296, 4.815261566371664, 4.738523120910216, 4.6178789524683665, 4.545893947517349, 4.545893947517349, 7.021389578116127, 7.2747160562463, 11.901559598706456, 13.04300543430707, 9.55802380173609, 9.793958945212664, 7.8195479351173525, 5.250199413433549, 5.152193819957265, 5.661811825884527, 4.873015411510572, 4.873015411510572, 4.873015411510572, 4.873015411510572, 4.598488887163327, 4.598488887163327, 4.598488887163327, 4.598488887163327, 4.598488887163327, 4.598488887163327, 4.598488887163327, 4.598488887163327, 4.598488887163327, 4.598488887163327, 4.598488887163327, 4.598488887163327, 4.598488887163327, 6.916557168445008, 10.832117000912058, 12.887127523639027, 12.80009828263197, 11.670184799700962, 9.970746613165243, 5.9585877806172505, 8.150730380741596, 8.395098700418067, 10.158897208867005, 9.85041812460087, 8.282271549844271, 8.808985845279896, 12.438802530635401, 12.230936050912772, 10.209132214521729, 11.463372413943418, 11.778932182444635, 11.561097716484845, 12.96466111373499, 10.53733877850463, 6.3446843712469665, 4.978014790790155, 4.978014790790155, 4.978014790790155, 4.978014790790155, 4.978014790790155, 4.978014790790155, 9.063968104149675, 11.79488412265875, 13.167247344444805, 12.561539031915494, 12.983685184847545, 12.965750006877307, 12.666201368231977, 12.898655863733909, 12.884981124777624, 12.945949770870078, 9.799936601869335, 6.624554858072834, 11.049295290092246, 7.122237783373812, 7.122237783373812, 4.979083959361496, 6.8070562128703305, 5.671723544717832, 4.722330008660425, 4.722330008660425, 4.693241736441763, 4.693241736441763, 4.693241736441763, 10.070512662422836, 11.024013179471652, 11.487378029653522, 8.198152242361926, 5.126822226932873, 4.59519202449281, 7.951186470227562, 5.370414648612172, 4.398587272055639, 4.3071491921933, 4.3071491921933, 4.3071491921933, 6.272534073830524, 
3.1291264592977903, 8.263708226014462, 6.14859294857181, 5.105928200490421, 4.749350623126428, 4.741505600851905, 4.741505600851905, 4.741505600851905, 7.5953398049122995, 7.3508970617834795, 11.749864211357618, 12.970280235559501, 9.598068047287313, 10.065921631139869, 6.899732733540066, 5.474531272716533, 5.126834423186001, 5.699297673190554, 5.12433603977852, 4.994539262820428, 4.994539262820428, 4.280932281936739, 4.280932281936739, 4.280932281936739, 4.280932281936739, 4.280932281936739, 4.280932281936739, 4.280932281936739, 4.280932281936739, 4.280932281936739, 4.280932281936739, 4.280932281936739, 4.280932281936739, 4.2064311878125125, 4.2064311878125125, 6.840589541200256, 10.616143064110771, 13.074685149502907, 13.10405896763168, 11.940562358442069, 10.147196039544076, 6.609412229973515, 8.40679211774148, 8.648902763544163, 9.780884966073588, 10.233612577338908, 7.847899771936689, 8.527273993856152, 12.806566544271307, 12.378072504588092, 10.46859958320442, 11.440351239682446, 11.78613509222632, 11.215176537797051, 13.062749858248615, 10.32869390554206, 6.155274414963678, 5.321379610970446, 4.745002024925977, 4.745002024925977, 4.745002024925977, 4.745002024925977, 4.745002024925977, 8.620692849704875, 11.902230071763622, 12.711635915583923, 13.05355667012292, 13.05457510956408, 13.317451927450024, 13.11779446421294, 13.148709568721832, 13.13767147089133, 13.105188519310772, 10.0218317210989, 7.449174202079549, 11.23596108461051, 7.934996391608152, 7.631020508600102, 5.039994304280505, 6.671043495777759, 6.028951100140276, 4.681866758899211, 4.617656876177286, 4.617656876177286, 4.617656876177286, 4.617656876177286, 9.853245096946546, 11.252304371293363, 11.462911979955873, 8.676328819909802, 5.402628268298351, 5.05608845320166, 7.539368950079453, 4.847886730672009, 4.621649920322334, 4.621649920322334, 4.621649920322334, 4.621649920322334, 4.621649920322334, 
3.1336691416093068, 8.226294132802753, 6.554203684535782, 5.018135467081599, 4.683476501014127, 4.683476501014127, 4.591267818182377, 4.591267818182377, 7.537751825056633, 7.546092583677147, 11.778047413787636, 12.52559927974819, 9.857326046637835, 9.865936387870393, 6.971556098279523, 5.36289047970342, 4.7803817048652455, 5.719530278963475, 5.445937061644063, 5.2656939478118865, 4.682642138351316, 4.682642138351316, 4.682642138351316, 4.682642138351316, 4.67464139098114, 4.67464139098114, 4.620798404707855, 4.425483905248921, 4.425483905248921, 4.425483905248921, 4.425483905248921, 4.358151941724465, 4.279237325849778, 4.151879171444346, 4.151879171444346, 7.621707373047384, 10.596337989246875, 13.020612887754583, 12.672055025493869, 11.76306700927842, 9.627721428065755, 6.370850321317185, 8.361078688077438, 8.327081723111357, 9.88675572659923, 9.874870406570643, 8.631459787662054, 8.93304841671829, 12.629155718774886, 12.282949406907155, 10.153731678702005, 11.367644864979246, 11.661741988235399, 11.365123779759031, 13.490042015711271, 10.445775257418124, 6.660502356073273, 5.1927574352009565, 4.587490183821494, 5.403717670974675, 4.802393111973142, 4.802393111973142, 4.802393111973142, 8.133160332971604, 11.9881801806038, 12.887382446624585, 12.81317363446391, 13.09185551174913, 13.133355723671919, 13.00143496949504, 13.00143496949504, 13.017533661254355, 13.230330869172262, 9.555487801745612, 6.3846741640661975, 11.242823367779234, 7.960788890333058, 6.978966348566095, 4.438465986008239, 6.460245643799187, 6.02184593219194, 5.00268007602461, 4.575232760403988, 4.575232760403988, 4.575232760403988, 5.59466167064571, 10.036509682114286, 11.513394874741305, 11.6085111307074, 8.839688533035158, 4.684945680342526, 4.684945680342526, 7.870231886033418, 5.575007540993436, 4.622154099145728, 4.427762757447866, 4.427762757447866, 4.427762757447866, 5.65519680153681, 
3.2067426632522817, 8.161123344233449, 6.290434651940853, 5.299805912437087, 4.766826191528541, 4.766826191528541, 4.766826191528541, 4.766826191528541, 7.7241312958812784, 7.63976707870253, 11.680125636919996, 12.852018896630229, 9.206043095845121, 9.66443790414136, 7.532641765213688, 5.1811208308027865, 5.112537007937362, 5.846020134881623, 5.266948785146699, 4.953474911322168, 4.781031705721627, 4.781031705721627, 4.600881276519068, 4.600881276519068, 4.600881276519068, 4.600881276519068, 4.600881276519068, 4.600881276519068, 4.600881276519068, 4.600881276519068, 4.600881276519068, 4.600881276519068, 4.600881276519068, 4.600881276519068, 4.600881276519068, 6.880988224622486, 10.673182660507834, 12.903695645444147, 13.076257539521484, 11.645078252967856, 9.433024802377316, 5.819830232803746, 8.100146468233078, 8.164399613415984, 9.90788198692027, 10.289551447794487, 8.388276821344068, 9.075829897682366, 12.706743473156692, 12.046391846932039, 10.293091276270118, 11.51280476641191, 11.916679464205476, 11.46197535853935, 13.042560608902681, 10.357058602104967, 6.800192566690564, 5.3566189994804, 5.165792250287101, 4.8358211357843714, 4.8358211357843714, 4.8358211357843714, 4.812919434288776, 8.256643905577182, 12.009146734718238, 12.97147031499884, 12.651026178487236, 12.742945057949793, 13.238467507834997, 13.257755837417609, 13.093151694042493, 12.858157035249716, 13.234846488787088, 9.832610133167638, 6.397789222501835, 11.208673091357264, 7.895455380987819, 7.789757593362728, 4.549890568141514, 6.784918154961407, 5.95986010436285, 4.765338079461841, 4.765338079461841, 4.765338079461841, 4.765338079461841, 5.609247641150056, 9.83058759807916, 11.406755997718488, 11.592764657992575, 8.74341441322073, 5.194104409373683, 4.704151054947179, 7.556077899457954, 4.836475590641239, 4.836475590641239, 4.836475590641239, 4.756936108038694, 4.756936108038694, 5.546416714839186, 
2.558398748427283, 8.616574225184678, 5.6263841053734005, 5.6263841053734005, 4.962028799282201, 4.962028799282201, 4.955558187728201, 4.835347301733876, 7.822508216175038, 7.807520007552295, 11.910752292752068, 12.707475354824036, 9.278320606465579, 9.644241175453484, 7.395695840644189, 5.8250076614284225, 4.964619523196905, 6.098567217141504, 4.284487058736371, 4.284487058736371, 4.284487058736371, 4.284487058736371, 4.284487058736371, 4.284487058736371, 4.284487058736371, 4.284487058736371, 4.284487058736371, 4.284487058736371, 4.284487058736371, 4.126943550257639, 4.126943550257639, 4.126943550257639, 4.126943550257639, 4.126943550257639, 4.126943550257639, 7.1328833817231665, 10.715523995130809, 12.660711182456769, 13.020915460006997, 11.942388346720431, 9.70456778606888, 5.593975202983692, 7.922865559501632, 8.229609333108716, 9.971034825237282, 9.971034825237282, 8.590592263488666, 8.94643139278697, 13.042255345645462, 12.243949418984805, 10.524135800965775, 11.418064884422808, 11.846233918858417, 11.538888295502655, 12.865228538767413, 10.413422870520803, 6.320428171017401, 5.356674176818139, 4.821716830295035, 4.821716830295035, 4.821716830295035, 4.821716830295035, 4.821716830295035, 8.580957769292006, 11.960938540955913, 13.115093858244148, 13.115093858244148, 13.161029017139079, 12.726107818549035, 13.14453789199177, 13.206005589602787, 13.034709774608382, 12.521152799239019, 9.968383077093657, 6.767687920763214, 11.294238857648029, 7.9267610732780085, 7.176615170251813, 4.805439702714075, 6.515185383038233, 6.088650076812151, 5.568557098273942, 5.175566760307284, 4.719888052509241, 4.719888052509241, 4.719888052509241, 10.322675661568487, 11.256920950544476, 11.461081854047816, 7.7944910758946175, 5.476156759432801, 5.131146978095234, 7.36241998648099, 5.736194864807768, 5.319486994892021, 4.269703486219715, 4.269703486219715, 4.269703486219715, 4.269703486219715, 
3.4300311188909163, 7.958106000343175, 6.458249553830328, 4.947950411066742, 4.811726628755778, 4.736070468183392, 4.736070468183392, 4.736070468183392, 8.095253940040962, 7.820223582415274, 11.789146391343916, 12.520286881144516, 9.890264066921164, 9.686555213666626, 6.961595851584185, 5.856759090038384, 5.108129346690728, 6.144138817977147, 4.968573076468413, 4.666744390819936, 4.325756902358094, 4.325756902358094, 4.325756902358094, 4.325756902358094, 4.325756902358094, 4.325756902358094, 4.325756902358094, 4.325756902358094, 4.325756902358094, 4.325756902358094, 4.325756902358094, 4.325756902358094, 4.325756902358094, 4.325756902358094, 4.325756902358094, 7.063634942455424, 10.365695993576479, 13.22643023222267, 12.684419887692208, 11.999482912988, 9.78154001515643, 6.4343526642250595, 7.201030647045219, 8.672713981738418, 9.868300131827455, 9.895829387953196, 8.350343311790331, 8.506664238824339, 12.804455570551298, 12.154907939940689, 10.512196787637905, 11.466878791418598, 11.895699366576297, 11.554458580608864, 13.354378238832028, 10.486565514978432, 5.825525671109563, 5.234654075050347, 4.790098181869659, 4.790098181869659, 4.790098181869659, 4.790098181869659, 4.790098181869659, 8.417781961711512, 12.019698117499704, 13.018608373181868, 12.666720298657008, 12.797917730491832, 13.082078064741275, 13.15763742204283, 13.15763742204283, 12.985689318625454, 12.993245366670354, 9.232247701820816, 6.514052762356943, 11.167218145653798, 8.02242347553839, 6.680986840530547, 5.5143720179443, 5.5143720179443, 4.945417111358616, 4.945417111358616, 4.945417111358616, 4.4890152424746965, 4.4890152424746965, 5.479580930176084, 9.69523314767428, 11.279214790951492, 11.481200132150304, 8.457483852332011, 5.678720688541279, 4.87457635330917, 7.257552419442183, 5.504032750021043, 4.843126212975317, 4.843126212975317, 4.686434152527902, 4.686434152527902, 4.686434152527902, 
2.66858782599612, 7.975166114317782, 6.29623344643759, 5.598184611978429, 5.30618777046935, 4.84523955344882, 4.84523955344882, 4.84523955344882, 7.755565148273995, 7.357180133526324, 11.93122711174545, 12.407640846241424, 9.59232575520798, 9.940804673908007, 7.570324812581102, 4.935320466052897, 4.753123008870187, 6.017600894459015, 4.59180944344352, 4.59180944344352, 4.59180944344352, 4.59180944344352, 4.473024020482558, 4.473024020482558, 4.473024020482558, 4.473024020482558, 4.473024020482558, 4.473024020482558, 4.473024020482558, 4.345560124624104, 4.345560124624104, 4.345560124624104, 4.345560124624104, 4.345560124624104, 4.345560124624104, 6.966887165619282, 10.690306588383413, 12.980049731798129, 13.112255802585782, 11.7955746454886, 9.639302801499424, 7.017661319202972, 8.11664446288582, 7.873851234664416, 10.074049880517812, 9.91177018142519, 8.22320450896581, 8.625967925752185, 12.683647781613935, 12.241633204259337, 10.170357370296623, 11.49027257215368, 11.658232110460665, 11.507223001486905, 12.845677728780604, 10.54627829508097, 6.183961048812854, 4.932331412657891, 4.932331412657891, 4.53679306206153, 4.53679306206153, 4.53679306206153, 4.53679306206153, 8.110395145391252, 11.945999077753163, 12.783152114069845, 12.968954793852003, 12.719145524241155, 12.770714391152758, 12.821053783422956, 13.138010486650007, 13.152814116095916, 12.871684028866015, 9.543054146688096, 6.233916271778913, 11.272151802747661, 8.188414970370742, 7.288858015553878, 5.532024908323443, 7.200074270801547, 5.324489656317191, 4.683608820289987, 4.683608820289987, 4.683608820289987, 4.683608820289987, 4.683608820289987, 9.852379256128682, 11.185899815088957, 11.143369874024913, 8.50637655879381, 5.119497810814249, 4.979037912983458, 7.402032924576732, 5.019495847821428, 4.507465685991228, 4.507465685991228, 4.507465685991228, 4.25491235182292, 5.596419731802321, 
