0.0, 0.5669999999999993, 0.0, 0.0, 0.0, 0.0, 0.0, 0.0, 0.0, 0.0, 9.408999999999999, 12.789000000000001, 1.9819999999999975, 2.9819999999999993, 0.0, 0.0, 0.0, 0.0, 0.0, 0.0, 0.0, 0.0, 0.0, 0.0, 0.0, 0.0, 0.0, 0.0, 0.0, 0.0, 0.0, 0.0, 0.0, 0.0, 0.0, 0.0, 4.734804559065799, 17.72103267478944, 13.076, 9.728000000000002, 1.7989999999999995, 0.0, 0.0, 0.0, 2.1950000000000003, 3.035, 0.0, 0.26362961488497305, 14.080611090536694, 10.886000000000001, 3.519000000000002, 9.103, 10.903, 9.41394047927837, 19.936999999999998, 3.9830000000000005, 0.0, 0.0, 0.0, 0.0, 0.0, 0.0, 0.0, 0.520999999999999, 11.551, 14.540000000000003, 23.950000000000003, 39.14, 31.62912589812855, 28.65519874611685, 40.905, 30.314, 15.792000000000002, 2.0169999999999995, 0.0, 8.138, 0.0, 0.0, 0.0, 0.0, 0.0, 0.0, 0.0, 0.0, 0.0, 0.0, 4.499999999999999, 8.649000000000001, 10.753, 0.0, 0.0, 0.0, 0.0, 0.0, 0.0, 0.0, 0.0, 0.0, 0.0, 
0.0, 0.5669999999999993, 0.0, 0.0, 0.0, 0.0, 0.0, 0.0, 0.0, 0.0, 9.414978931562551, 12.789000000000001, 1.9819999999999975, 2.9819999999999993, 0.0, 0.0, 0.0, 0.0, 0.0, 0.0, 0.0, 0.0, 0.0, 0.0, 0.0, 0.0, 0.0, 0.0, 0.0, 0.0, 0.0, 0.0, 0.0, 0.0, 0.0, 0.0, 4.732999999999999, 17.719, 13.076, 9.728000000000002, 1.7989999999999995, 0.0, 0.0, 0.0, 2.1950000000000003, 3.035, 0.0, 0.26000000000000156, 14.077, 10.886000000000001, 3.5371801074393012, 9.103, 10.903, 9.413, 19.936999999999998, 3.9830000000000005, 0.0, 0.0, 0.0, 0.0, 0.0, 0.0, 0.0, 0.520999999999999, 11.551, 14.540000000000003, 23.950000000000003, 39.14, 31.628, 28.648, 40.905, 30.314, 15.792000000000002, 2.017705288376904, 0.0, 8.138, 0.0, 0.0, 0.0, 0.0, 0.0, 0.0, 0.0, 0.0, 0.0, 0.0, 4.499999999999999, 8.649000000000001, 10.753, 0.0, 0.0, 0.0, 0.0, 0.0, 0.0, 0.0, 0.0, 0.0, 0.0, 
0.0, 0.5669999999999993, 0.0, 0.0, 0.0, 0.0, 0.0, 0.0, 0.0, 0.0, 9.408999999999999, 12.789000000000001, 1.9819999999999975, 2.9819999999999993, 0.0, 0.0, 0.0, 0.0, 0.0, 0.0, 0.0, 0.0, 0.0, 0.0, 0.0, 0.0, 0.0, 0.0, 0.0, 0.0, 0.0, 0.0, 0.0, 0.0, 0.0, 0.0, 4.73455184251401, 17.719, 13.076, 9.728000000000002, 1.7989999999999995, 0.0, 0.0, 0.0, 2.1973212377083158, 3.035, 0.0, 0.26000000000000156, 14.077, 10.886000000000001, 3.519000000000002, 9.103, 10.903, 9.417075987427982, 19.938764914108678, 3.9830000000000005, 0.0, 0.0, 0.0, 0.0, 0.0, 0.0, 0.0, 0.520999999999999, 11.551, 14.540000000000003, 23.950000000000003, 39.14, 31.628, 28.648, 40.905, 30.314, 15.792000000000002, 2.0169999999999995, 0.0, 8.138, 0.0, 0.0, 0.0, 0.0, 0.0, 0.0, 0.0, 0.0, 0.0, 0.0, 4.499999999999999, 8.649000000000001, 10.753, 0.0, 0.0, 0.0, 0.0, 0.0, 0.0, 0.0, 0.0, 0.0, 0.0, 
0.0, 0.5676391172503967, 0.0, 0.0, 0.0, 0.0, 0.0, 0.0, 0.0, 0.0, 9.408999999999999, 12.789000000000001, 1.9819999999999975, 2.9819999999999993, 0.0, 0.0, 0.0, 0.0, 0.0, 0.0, 0.0, 0.0, 0.0, 0.0, 0.0, 0.0, 0.0, 0.0, 0.0, 0.0, 0.0, 0.0, 0.0, 0.0, 0.0, 0.0, 4.732999999999999, 17.719, 13.076, 9.730214010746144, 1.7998737024052271, 0.0, 0.0, 0.0, 2.196858436163563, 3.0350160638461148, 0.0, 0.2611735706689089, 14.078173570668907, 10.886000000000001, 3.519000000000002, 9.103, 10.903, 9.413, 19.936999999999998, 3.9830000000000005, 0.0, 0.0, 0.0, 0.0, 0.0, 0.0, 0.0, 0.520999999999999, 11.551, 14.540000000000003, 23.950000000000003, 39.14, 31.62934423952939, 28.648, 40.905, 30.318329530471118, 15.80019454839121, 2.022575051611769, 0.0, 8.138, 0.0, 0.0, 0.0, 0.0, 0.0, 0.0, 0.0, 0.0, 0.0, 0.0, 4.500339894414394, 8.649000000000001, 10.753, 0.0, 0.0, 0.0, 0.0, 0.0, 0.0, 0.0, 0.0, 0.0, 0.0, 
0.0, 0.5669999999999993, 0.0, 0.0, 0.0, 0.0, 0.0, 0.0, 0.0, 0.0, 9.408999999999999, 12.789000000000001, 1.9819999999999975, 2.9819999999999993, 0.0, 0.0, 0.0, 0.0, 0.0, 0.0, 0.0, 0.0, 0.0, 0.0, 0.0, 0.0, 0.0, 0.0, 0.0, 0.0, 0.0, 0.0, 0.0, 0.0, 0.0, 0.0, 4.746056628991747, 17.719, 13.076, 9.728000000000002, 1.7989999999999995, 0.0, 0.0, 0.0, 2.1950000000000003, 3.035, 0.0, 0.26000000000000156, 14.077, 10.886000000000001, 3.5220222258487297, 9.104255957583375, 10.904363144521318, 9.413, 19.936999999999998, 3.9830000000000005, 0.0, 0.0, 0.0, 0.0, 0.0, 0.0, 0.0, 0.5258015080220098, 11.551, 14.540000000000003, 23.950000000000003, 39.14, 31.628, 28.648, 40.905, 30.314, 15.792000000000002, 2.024196294232956, 0.0, 8.138, 0.0, 0.0, 0.0, 0.0, 0.0, 0.0, 0.0, 0.0, 0.0, 0.0, 4.499999999999999, 8.649000000000001, 10.753, 0.0, 0.0, 0.0, 0.0, 0.0, 0.0, 0.0, 0.0, 0.0, 0.0, 
0.0, 0.5699442425437047, 0.0, 0.0, 0.0, 0.0, 0.0, 0.0, 0.0, 0.0, 9.415129065101954, 12.808131373694657, 2.0207264720709652, 2.9819999999999993, 0.0, 0.0, 0.0, 0.0, 0.0, 0.0, 0.0, 0.0, 0.0, 0.0, 0.0, 0.0, 0.0, 0.0, 0.0, 0.0, 0.0, 0.0, 0.0, 0.0, 0.0, 0.0, 4.732999999999999, 17.719, 13.078787266422152, 9.73344661747186, 1.7989999999999995, 0.0, 0.0, 0.0, 2.1950000000000003, 3.035, 0.0, 0.26000000000000156, 14.077, 10.886000000000001, 3.519000000000002, 9.103, 10.903, 9.413, 19.936999999999998, 3.9830000000000005, 0.0, 0.0, 0.0, 0.0, 0.0, 0.0, 0.0, 0.5276291031218694, 11.551, 14.540000000000003, 23.950000000000003, 39.14, 31.628164513411413, 28.648, 40.905, 30.314, 15.792000000000002, 2.0169999999999995, 0.0, 8.138, 0.0, 0.0, 0.0, 0.0, 0.0, 0.0, 0.0, 0.0, 0.0, 0.0, 4.499999999999999, 8.649000000000001, 10.753, 0.0, 0.0, 0.0, 0.0, 0.0, 0.0, 0.0, 0.0, 0.0, 0.0, 
0.0, 0.5669999999999993, 0.0, 0.0, 0.0, 0.0, 0.0, 0.0, 0.0, 0.0, 9.408999999999999, 12.789000000000001, 1.9819999999999975, 2.9819999999999993, 0.0, 0.0, 0.0, 0.0, 0.0, 0.0, 0.0, 0.0, 0.0, 0.0, 0.0, 0.0, 0.0, 0.0, 0.0, 0.0, 0.0, 0.0, 0.0, 0.0, 0.0, 0.0, 4.748301726532782, 17.719, 13.076, 9.729490085822915, 1.7989999999999995, 0.0, 0.0, 0.0, 2.1950000000000003, 3.035, 0.0, 0.26000000000000156, 14.077, 10.886000000000001, 3.519000000000002, 9.103, 10.903, 9.413, 19.936999999999998, 3.9830000000000005, 0.0, 0.0, 0.0, 0.0, 0.0, 0.0, 0.0, 0.520999999999999, 11.551, 14.540000000000003, 23.950000000000003, 39.14, 31.6345210244046, 28.651400718885345, 40.90645082416007, 30.314, 15.792000000000002, 2.0169999999999995, 0.0, 8.145280784281665, 0.0, 0.0, 0.0, 0.0, 0.0, 0.0, 0.0, 0.0, 0.0, 0.0, 4.499999999999999, 8.649000000000001, 10.753, 0.0, 0.0, 0.0, 0.0, 0.0, 0.0, 0.0, 0.0, 0.0, 0.0, 
0.0, 0.5673030111311865, 0.0, 0.0, 0.0, 0.0, 0.0, 0.0, 0.0, 0.0, 9.408999999999999, 12.789000000000001, 1.9819999999999975, 2.9819999999999993, 0.0, 0.0, 0.0, 0.0, 0.0, 0.0, 0.0, 0.0, 0.0, 0.0, 0.0, 0.0, 0.0, 0.0, 0.0, 0.0, 0.0, 0.0, 0.0, 0.0, 0.0, 0.0, 4.732999999999999, 17.719, 13.076, 9.728000000000002, 1.7989999999999995, 0.0, 0.0, 0.0, 2.1950000000000003, 3.035, 0.0, 0.26000000000000156, 14.077, 10.886000000000001, 3.5335882703505277, 9.103298479399063, 10.903, 9.413, 19.936999999999998, 3.9830000000000005, 0.0, 0.0, 0.0, 0.0, 0.0, 0.0, 0.0, 0.520999999999999, 11.551, 14.540000000000003, 23.950000000000003, 39.14, 31.628, 28.648, 40.905, 30.314, 15.792000000000002, 2.017650844389008, 0.0, 8.138, 0.0, 0.0, 0.0, 0.0, 0.0, 0.0, 0.0, 0.0, 0.0, 0.0, 4.536580835592091, 8.649000000000001, 10.753, 0.0, 0.0, 0.0, 0.0, 0.0, 0.0, 0.0, 0.0, 0.0, 0.0, 
0.0, 0.5669999999999993, 0.0, 0.0, 0.0, 0.0, 0.0, 0.0, 0.0, 0.0, 9.408999999999999, 12.789000000000001, 1.9819999999999975, 2.9819999999999993, 0.0, 0.0, 0.0, 0.0, 0.0, 0.0, 0.0, 0.0, 0.0, 0.0, 0.0, 0.0, 0.0, 0.0, 0.0, 0.0, 0.0, 0.0, 0.0, 0.0, 0.0, 0.0, 4.732999999999999, 17.719, 13.076, 9.728000000000002, 1.7989999999999995, 0.0, 0.0, 0.0, 2.1950000000000003, 3.035, 0.0, 0.26032083996276967, 14.077, 10.886000000000001, 3.519000000000002, 9.103, 10.903, 9.413, 19.936999999999998, 3.9830000000000005, 0.0, 0.0, 0.0, 0.0, 0.0, 0.0, 0.0, 0.520999999999999, 11.551, 14.540000000000003, 23.950000000000003, 39.14, 31.628, 28.648, 40.905, 30.314, 15.797594793361226, 2.0318788611581766, 0.0, 8.142277320374632, 0.0, 0.0, 0.0, 0.0, 0.0, 0.0, 0.0, 0.0, 0.0, 0.0, 4.499999999999999, 8.649000000000001, 10.753, 0.0, 0.0, 0.0, 0.0, 0.0, 0.0, 0.0, 0.0, 0.0, 0.0, 
0.0, 0.56703951230116, 0.0, 0.0, 0.0, 0.0, 0.0, 0.0, 0.0, 0.0, 9.408999999999999, 12.789000000000001, 1.9823071216810213, 2.9819999999999993, 0.0, 0.0, 0.0, 0.0, 0.0, 0.0, 0.0, 0.0, 0.0, 0.0, 0.0, 0.0, 0.0, 0.0, 0.0, 0.0, 0.0, 0.0, 0.0, 0.0, 0.0, 0.0, 4.732999999999999, 17.719, 13.076, 9.728000000000002, 1.7989999999999995, 0.0, 0.0, 0.0, 2.1950000000000003, 3.035, 0.0, 0.26038479221917754, 14.077, 10.886000000000001, 3.5279122171419406, 9.103, 10.903, 9.413, 19.936999999999998, 3.9830000000000005, 0.0, 0.0, 0.0, 0.0, 0.0, 0.0, 0.0, 0.5217191825249206, 11.551209181567991, 14.540000000000003, 23.950000000000003, 39.14, 31.629830382785883, 28.655997478333518, 40.905, 30.314, 15.795236141735668, 2.0169999999999995, 0.0, 8.138, 0.0, 0.0, 0.0, 0.0, 0.0, 0.0, 0.0, 0.0, 0.0, 0.0, 4.499999999999999, 8.649000000000001, 10.753, 0.0, 0.0, 0.0, 0.0, 0.0, 0.0, 0.0, 0.0, 0.0, 0.0, 
0.0, 0.5669999999999993, 0.0, 0.0, 0.0, 0.0, 0.0, 0.0, 0.0, 0.0, 9.408999999999999, 12.789000000000001, 1.9819999999999975, 2.9819999999999993, 0.0, 0.0, 0.0, 0.0, 0.0, 0.0, 0.0, 0.0, 0.0, 0.0, 0.0, 0.0, 0.0, 0.0, 0.0, 0.0, 0.0, 0.0, 0.0, 0.0, 0.0, 0.0, 4.732999999999999, 17.719, 13.076, 9.728000000000002, 1.7989999999999995, 0.0, 0.0, 0.0, 2.1950000000000003, 3.035, 0.0, 0.26000000000000156, 14.077, 10.886000000000001, 3.519000000000002, 9.103, 10.903, 9.413, 19.936999999999998, 3.9830000000000005, 0.0, 0.0, 0.0, 0.0, 0.0, 0.0, 0.0, 0.520999999999999, 11.551, 14.540000000000003, 23.950000000000003, 39.14, 31.628, 28.648, 40.905, 30.314, 15.792000000000002, 2.0169999999999995, 0.0, 8.138, 0.0, 0.0, 0.0, 0.0, 0.0, 0.0, 0.0, 0.0, 0.0, 0.0, 4.508189564398335, 8.649000000000001, 10.753, 0.0, 0.0, 0.0, 0.0, 0.0, 0.0, 0.0, 0.0, 0.0, 0.0, 
0.0, 0.5673776597165014, 0.0, 0.0, 0.0, 0.0, 0.0, 0.0, 0.0, 0.0, 9.415240375686292, 12.789000000000001, 1.9819999999999975, 2.9819999999999993, 0.0, 0.0, 0.0, 0.0, 0.0, 0.0, 0.0, 0.0, 0.0, 0.0, 0.0, 0.0, 0.0, 0.0, 0.0, 0.0, 0.0, 0.0, 0.0, 0.0, 0.0, 0.0, 4.732999999999999, 17.719, 13.076, 9.728000000000002, 1.810878303655164, 0.0, 0.0, 0.0, 2.1950000000000003, 3.035, 0.0, 0.26000000000000156, 14.077, 10.886000000000001, 3.524777890420646, 9.103, 10.903, 9.413, 19.936999999999998, 3.9830000000000005, 0.0, 0.0, 0.0, 0.0, 0.0, 0.0, 0.0, 0.520999999999999, 11.551, 14.540000000000003, 23.950000000000003, 39.14, 31.628, 28.648, 40.905, 30.314, 15.793555436624594, 2.019795797836327, 0.0, 8.138, 0.0, 0.0, 0.0, 0.0, 0.0, 0.0, 0.0, 0.0, 0.0, 0.0, 4.499999999999999, 8.649000000000001, 10.753, 0.0, 0.0, 0.0, 0.0, 0.0, 0.0, 0.0, 0.0, 0.0, 0.0, 
0.0, 0.5669999999999993, 0.0, 0.0, 0.0, 0.0, 0.0, 0.0, 0.0, 0.0, 9.408999999999999, 12.789000000000001, 1.9819999999999975, 2.9819999999999993, 0.0, 0.0, 0.0, 0.0, 0.0, 0.0, 0.0, 0.0, 0.0, 0.0, 0.0, 0.0, 0.0, 0.0, 0.0, 0.0, 0.0, 0.0, 0.0, 0.0, 0.0, 0.0, 4.732999999999999, 17.719, 13.07788143903909, 9.728000000000002, 1.7989999999999995, 0.0, 0.0, 0.0, 2.1950000000000003, 3.035, 0.0, 0.26000000000000156, 14.077, 10.886000000000001, 3.519000000000002, 9.103, 10.903, 9.413, 19.936999999999998, 3.9830000000000005, 0.0, 0.0, 0.0, 0.0, 0.0, 0.0, 0.0, 0.5210237444770964, 11.551038090098679, 14.54003809009868, 23.950000000000003, 39.14, 31.628, 28.648, 40.905, 30.314, 15.792000000000002, 2.0169999999999995, 0.0, 8.140942557857192, 0.0, 0.0, 0.0, 0.0, 0.0, 0.0, 0.0, 0.0, 0.0, 0.0, 4.500582649726284, 8.649000000000001, 10.753, 0.0, 0.0, 0.0, 0.0, 0.0, 0.0, 0.0, 0.0, 0.0, 0.0, 
0.0, 0.5669999999999993, 0.0, 0.0, 0.0, 0.0, 0.0, 0.0, 0.0, 0.0, 9.408999999999999, 12.789000000000001, 1.9819999999999975, 2.9819999999999993, 0.0, 0.0, 0.0, 0.0, 0.0, 0.0, 0.0, 0.0, 0.0, 0.0, 0.0, 0.0, 0.0, 0.0, 0.0, 0.0, 0.0, 0.0, 0.0, 0.0, 0.0, 0.0, 4.741363723071856, 17.719, 13.076, 9.728000000000002, 1.7989999999999995, 0.0, 0.0, 0.0, 2.1950000000000003, 3.035, 0.0, 0.26000000000000156, 14.077, 10.886000000000001, 3.5196022745040807, 9.10300703044168, 10.903, 9.413, 19.936999999999998, 3.9830000000000005, 0.0, 0.0, 0.0, 0.0, 0.0, 0.0, 0.0, 0.520999999999999, 11.551, 14.540000000000003, 23.950000000000003, 39.14, 31.628, 28.648, 40.905, 30.314, 15.799095720684, 2.017229648796171, 0.0, 8.138, 0.0, 0.0, 0.0, 0.0, 0.0, 0.0, 0.0, 0.0, 0.0, 0.0, 4.502908085250814, 8.649000000000001, 10.753, 0.0, 0.0, 0.0, 0.0, 0.0, 0.0, 0.0, 0.0, 0.0, 0.0, 
0.0, 0.5683781762135407, 0.0, 0.0, 0.0, 0.0, 0.0, 0.0, 0.0, 0.0, 9.409071196359616, 12.789000000000001, 1.9824753885863906, 2.9824753885863906, 0.0, 0.0, 0.0, 0.0, 0.0, 0.0, 0.0, 0.0, 0.0, 0.0, 0.0, 0.0, 0.0, 0.0, 0.0, 0.0, 0.0, 0.0, 0.0, 0.0, 0.0, 0.0, 4.732999999999999, 17.719, 13.076, 9.728000000000002, 1.7989999999999995, 0.0, 0.0, 0.0, 2.1950000000000003, 3.035, 0.0, 0.26000000000000156, 14.077, 10.886000000000001, 3.519000000000002, 9.103, 10.903, 9.413, 19.936999999999998, 3.9830000000000005, 0.0, 0.0, 0.0, 0.0, 0.0, 0.0, 0.0, 0.520999999999999, 11.551, 14.540000000000003, 23.950000000000003, 39.14, 31.628, 28.648, 40.905, 30.314, 15.79306838834802, 2.020539853371723, 0.0, 8.138, 0.0, 0.0, 0.0, 0.0, 0.0, 0.0, 0.0, 0.0, 0.0, 0.0, 4.499999999999999, 8.649000000000001, 10.753, 0.0, 0.0, 0.0, 0.0, 0.0, 0.0, 0.0, 0.0, 0.0, 0.0, 
0.0, 0.5669999999999993, 0.0, 0.0, 0.0, 0.0, 0.0, 0.0, 0.0, 0.0, 9.408999999999999, 12.789000000000001, 1.9830699135177188, 2.9819999999999993, 0.0, 0.0, 0.0, 0.0, 0.0, 0.0, 0.0, 0.0, 0.0, 0.0, 0.0, 0.0, 0.0, 0.0, 0.0, 0.0, 0.0, 0.0, 0.0, 0.0, 0.0, 0.0, 4.732999999999999, 17.719, 13.076, 9.728000000000002, 1.7989999999999995, 0.0, 0.0, 0.0, 2.1950000000000003, 3.035, 0.0, 0.26000000000000156, 14.077, 10.886000000000001, 3.519000000000002, 9.103, 10.903, 9.413, 19.936999999999998, 3.9830000000000005, 0.0, 0.0, 0.0, 0.0, 0.0, 0.0, 0.0, 0.5215139537021418, 11.551, 14.540000000000003, 23.950000000000003, 39.14, 31.628, 28.648, 40.905, 30.314, 15.792000000000002, 2.0169999999999995, 0.0, 8.138, 0.0, 0.0, 0.0, 0.0, 0.0, 0.0, 0.0, 0.0, 0.0, 0.0, 4.500278498546467, 8.649278498546467, 10.753, 0.0, 0.0, 0.0, 0.0, 0.0, 0.0, 0.0, 0.0, 0.0, 0.0, 
0.0, 0.5669999999999993, 0.0, 0.0, 0.0, 0.0, 0.0, 0.0, 0.0, 0.0, 9.412168896459377, 12.79178801948109, 1.986755648198674, 2.9819999999999993, 0.0, 0.0, 0.0, 0.0, 0.0, 0.0, 0.0, 0.0, 0.0, 0.0, 0.0, 0.0, 0.0, 0.0, 0.0, 0.0, 0.0, 0.0, 0.0, 0.0, 0.0, 0.0, 4.732999999999999, 17.719, 13.076, 9.728000000000002, 1.7989999999999995, 0.0, 0.0, 0.0, 2.1950000000000003, 3.035, 0.0, 0.26000000000000156, 14.077, 10.886000000000001, 3.519000000000002, 9.103, 10.903, 9.413, 19.936999999999998, 3.9830000000000005, 0.0, 0.0, 0.0, 0.0, 0.0, 0.0, 0.0, 0.520999999999999, 11.551, 14.540000000000003, 23.950000000000003, 39.14, 31.628, 28.648, 40.905, 30.314, 15.792000000000002, 2.0248613566420754, 0.0, 8.138, 0.0, 0.0, 0.0, 0.0, 0.0, 0.0, 0.0, 0.0, 0.0, 0.0, 4.502683466273797, 8.652455858576642, 10.755135176085698, 0.0, 0.0, 0.0, 0.0, 0.0, 0.0, 0.0, 0.0, 0.0, 0.0, 
0.0, 0.5669999999999993, 0.0, 0.0, 0.0, 0.0, 0.0, 0.0, 0.0, 0.0, 9.411337439291128, 12.789000000000001, 1.9819999999999975, 2.9819999999999993, 0.0, 0.0, 0.0, 0.0, 0.0, 0.0, 0.0, 0.0, 0.0, 0.0, 0.0, 0.0, 0.0, 0.0, 0.0, 0.0, 0.0, 0.0, 0.0, 0.0, 0.0, 0.0, 4.732999999999999, 17.719, 13.076, 9.744966855219975, 1.8004437714449484, 0.0, 0.0, 0.0, 2.1950000000000003, 3.035, 0.0, 0.26702001911647777, 14.077, 10.886000000000001, 3.519000000000002, 9.103, 10.903, 9.413, 19.936999999999998, 3.9830000000000005, 0.0, 0.0, 0.0, 0.0, 0.0, 0.0, 0.0, 0.520999999999999, 11.551, 14.540000000000003, 23.950000000000003, 39.14, 31.628, 28.648, 40.905, 30.314, 15.792017363278926, 2.0239039802567707, 0.0, 8.142170234169887, 0.0, 0.0, 0.0, 0.0, 0.0, 0.0, 0.0, 0.0, 0.0, 0.0, 4.499999999999999, 8.649000000000001, 10.753, 0.0, 0.0, 0.0, 0.0, 0.0, 0.0, 0.0, 0.0, 0.0, 0.0, 
0.0, 0.5669999999999993, 0.0, 0.0, 0.0, 0.0, 0.0, 0.0, 0.0, 0.0, 9.410819499579315, 12.789000000000001, 1.9819999999999975, 2.9819999999999993, 0.0, 0.0, 0.0, 0.0, 0.0, 0.0, 0.0, 0.0, 0.0, 0.0, 0.0, 0.0, 0.0, 0.0, 0.0, 0.0, 0.0, 0.0, 0.0, 0.0, 0.0, 0.0, 4.732999999999999, 17.719, 13.076, 9.728000000000002, 1.7989999999999995, 0.0, 0.0, 0.0, 2.1950000000000003, 3.035, 0.0, 0.2652866462388701, 14.08203137869559, 10.886000000000001, 3.5220471766739045, 9.104117058580748, 10.903, 9.413, 19.936999999999998, 3.9830000000000005, 0.0, 0.0, 0.0, 0.0, 0.0, 0.0, 0.0, 0.520999999999999, 11.551, 14.540000000000003, 23.950000000000003, 39.14, 31.628, 28.648, 40.905, 30.314, 15.792000000000002, 2.0169999999999995, 0.0, 8.138, 0.0, 0.0, 0.0, 0.0, 0.0, 0.0, 0.0, 0.0, 0.0, 0.0, 4.499999999999999, 8.649000000000001, 10.753, 0.0, 0.0, 0.0, 0.0, 0.0, 0.0, 0.0, 0.0, 0.0, 0.0, 
0.0, 0.5669999999999993, 0.0, 0.0, 0.0, 0.0, 0.0, 0.0, 0.0, 0.0, 9.408999999999999, 12.789000000000001, 1.9819999999999975, 2.9819999999999993, 0.0, 0.0, 0.0, 0.0, 0.0, 0.0, 0.0, 0.0, 0.0, 0.0, 0.0, 0.0, 0.0, 0.0, 0.0, 0.0, 0.0, 0.0, 0.0, 0.0, 0.0, 0.0, 4.736071886753555, 17.719, 13.076, 9.728000000000002, 1.7989999999999995, 0.0, 0.0, 0.0, 2.1950000000000003, 3.035, 0.0, 0.26000000000000156, 14.077, 10.895763925385012, 3.519000000000002, 9.103, 10.903, 9.413, 19.936999999999998, 3.9830000000000005, 0.0, 0.0, 0.0, 0.0, 0.0, 0.0, 0.0, 0.520999999999999, 11.551, 14.540000000000003, 23.950000000000003, 39.14, 31.628234704909612, 28.648, 40.905, 30.314, 15.792000000000002, 2.0169999999999995, 0.0, 8.138, 0.0, 0.0, 0.0, 0.0, 0.0, 0.0, 0.0, 0.0, 0.0, 0.0, 4.500779437361651, 8.649000000000001, 10.753, 0.0, 0.0, 0.0, 0.0, 0.0, 0.0, 0.0, 0.0, 0.0, 0.0, 
0.0, 0.5682550050277859, 0.0, 0.0, 0.0, 0.0, 0.0, 0.0, 0.0, 0.0, 9.408999999999999, 12.789000000000001, 1.982824768552268, 2.9819999999999993, 0.0, 0.0, 0.0, 0.0, 0.0, 0.0, 0.0, 0.0, 0.0, 0.0, 0.0, 0.0, 0.0, 0.0, 0.0, 0.0, 0.0, 0.0, 0.0, 0.0, 0.0, 0.0, 4.732999999999999, 17.719, 13.076, 9.728000000000002, 1.7990380654809144, 0.0, 0.0, 0.0, 2.1950000000000003, 3.035, 0.0, 0.2692938130057563, 14.077, 10.886120097531396, 3.519000000000002, 9.103, 10.903, 9.413, 19.936999999999998, 3.9830000000000005, 0.0, 0.0, 0.0, 0.0, 0.0, 0.0, 0.0, 0.520999999999999, 11.551, 14.540000000000003, 23.950000000000003, 39.14, 31.628, 28.648, 40.905, 30.314, 15.792000000000002, 2.0169999999999995, 0.0, 8.138, 0.0, 0.0, 0.0, 0.0, 0.0, 0.0, 0.0, 0.0, 0.0, 0.0, 4.499999999999999, 8.649000000000001, 10.753, 0.0, 0.0, 0.0, 0.0, 0.0, 0.0, 0.0, 0.0, 0.0, 0.0, 
0.0, 0.5669999999999993, 0.0, 0.0, 0.0, 0.0, 0.0, 0.0, 0.0, 0.0, 9.408999999999999, 12.789000000000001, 1.982317544353446, 2.9819999999999993, 0.0, 0.0, 0.0, 0.0, 0.0, 0.0, 0.0, 0.0, 0.0, 0.0, 0.0, 0.0, 0.0, 0.0, 0.0, 0.0, 0.0, 0.0, 0.0, 0.0, 0.0, 0.0, 4.737551753552431, 17.719563531882162, 13.076, 9.728000000000002, 1.7989999999999995, 0.0, 0.0, 0.0, 2.1950000000000003, 3.035, 0.0, 0.28000269544029877, 14.081644335564864, 10.886000000000001, 3.519000000000002, 9.103, 10.903, 9.414600284095393, 19.936999999999998, 3.9830000000000005, 0.0, 0.0, 0.0, 0.0, 0.0, 0.0, 0.0, 0.520999999999999, 11.551, 14.540000000000003, 23.950000000000003, 39.14, 31.628, 28.648, 40.905, 30.314, 15.792000000000002, 2.0169999999999995, 0.0, 8.138, 0.0, 0.0, 0.0, 0.0, 0.0, 0.0, 0.0, 0.0, 0.0, 0.0, 4.500502507315128, 8.649000000000001, 10.753, 0.0, 0.0, 0.0, 0.0, 0.0, 0.0, 0.0, 0.0, 0.0, 0.0, 
0.0, 0.5669999999999993, 0.0, 0.0, 0.0, 0.0, 0.0, 0.0, 0.0, 0.0, 9.412037442626474, 12.789000000000001, 1.9819999999999975, 2.9819999999999993, 0.0, 0.0, 0.0, 0.0, 0.0, 0.0, 0.0, 0.0, 0.0, 0.0, 0.0, 0.0, 0.0, 0.0, 0.0, 0.0, 0.0, 0.0, 0.0, 0.0, 0.0, 0.0, 4.738258425869324, 17.724258425869323, 13.076, 9.745827273655628, 1.8297955060697983, 0.0, 0.0, 0.0, 2.1950000000000003, 3.035, 0.0, 0.26000000000000156, 14.077, 10.900428802486392, 3.519000000000002, 9.103, 10.903, 9.413, 19.936999999999998, 3.9830000000000005, 0.0, 0.0, 0.0, 0.0, 0.0, 0.0, 0.0, 0.5342175549885546, 11.551, 14.540000000000003, 23.950000000000003, 39.14, 31.628, 28.64969674904279, 40.920337710003096, 30.327720401156434, 15.792000000000002, 2.0169999999999995, 0.0, 8.138, 0.0, 0.0, 0.0, 0.0, 0.0, 0.0, 0.0, 0.0, 0.0, 0.0, 4.499999999999999, 8.649000000000001, 10.753, 0.0, 0.0, 0.0, 0.0, 0.0, 0.0, 0.0, 0.0, 0.0, 0.0, 
0.0, 0.5669999999999993, 0.0, 0.0, 0.0, 0.0, 0.0, 0.0, 0.0, 0.0, 9.408999999999999, 12.789000000000001, 1.9819999999999975, 2.9819999999999993, 0.0, 0.0, 0.0, 0.0, 0.0, 0.0, 0.0, 0.0, 0.0, 0.0, 0.0, 0.0, 0.0, 0.0, 0.0, 0.0, 0.0, 0.0, 0.0, 0.0, 0.0, 0.0, 4.73490475588722, 17.719, 13.076, 9.728640594548798, 1.7989999999999995, 0.0, 0.0, 0.0, 2.1950000000000003, 3.035, 0.0, 0.26000000000000156, 14.077, 10.886000000000001, 3.519000000000002, 9.103, 10.903, 9.413, 19.936999999999998, 3.9830000000000005, 0.0, 0.0, 0.0, 0.0, 0.0, 0.0, 0.0, 0.520999999999999, 11.551, 14.540000000000003, 23.950000000000003, 39.14, 31.628149437508846, 28.648, 40.905, 30.314, 15.792000000000002, 2.017501769117226, 0.0, 8.14723725610156, 0.0, 0.0, 0.0, 0.0, 0.0, 0.0, 0.0, 0.0, 0.0, 0.0, 4.499999999999999, 8.649000000000001, 10.753, 0.0, 0.0, 0.0, 0.0, 0.0, 0.0, 0.0, 0.0, 0.0, 0.0, 
0.0, 0.5669999999999993, 0.0, 0.0, 0.0, 0.0, 0.0, 0.0, 0.0, 0.0, 9.408999999999999, 12.789000000000001, 1.9819999999999975, 2.9819999999999993, 0.0, 0.0, 0.0, 0.0, 0.0, 0.0, 0.0, 0.0, 0.0, 0.0, 0.0, 0.0, 0.0, 0.0, 0.0, 0.0, 0.0, 0.0, 0.0, 0.0, 0.0, 0.0, 4.732999999999999, 17.719, 13.076, 9.728000000000002, 1.7989999999999995, 0.0, 0.0, 0.0, 2.1950000000000003, 3.035, 0.0, 0.26000000000000156, 14.077, 10.886000000000001, 3.519000000000002, 9.103, 10.903, 9.413, 19.936999999999998, 3.9830000000000005, 0.0, 0.0, 0.0, 0.0, 0.0, 0.0, 0.0, 0.520999999999999, 11.551, 14.540000000000003, 23.950000000000003, 39.14, 31.63087215218625, 28.648, 40.905, 30.314, 15.794045228595394, 2.0169999999999995, 0.0, 8.138, 0.0, 0.0, 0.0, 0.0, 0.0, 0.0, 0.0, 0.0, 0.0, 0.0, 4.499999999999999, 8.649000000000001, 10.753, 0.0, 0.0, 0.0, 0.0, 0.0, 0.0, 0.0, 0.0, 0.0, 0.0, 
0.0, 0.576062437242423, 0.0, 0.0, 0.0, 0.0, 0.0, 0.0, 0.0, 0.0, 9.408999999999999, 12.789000000000001, 1.9819999999999975, 2.9819999999999993, 0.0, 0.0, 0.0, 0.0, 0.0, 0.0, 0.0, 0.0, 0.0, 0.0, 0.0, 0.0, 0.0, 0.0, 0.0, 0.0, 0.0, 0.0, 0.0, 0.0, 0.0, 0.0, 4.732999999999999, 17.719, 13.076, 9.728000000000002, 1.7989999999999995, 0.0, 0.0, 0.0, 2.1950000000000003, 3.035, 0.0, 0.26000000000000156, 14.077, 10.886000000000001, 3.519000000000002, 9.103, 10.903, 9.413, 19.936999999999998, 3.9830000000000005, 0.0, 0.0, 0.0, 0.0, 0.0, 0.0, 0.0, 0.52452089826199, 11.551, 14.540000000000003, 23.950000000000003, 39.14, 31.628, 28.648, 40.905, 30.314, 15.792000000000002, 2.0169999999999995, 0.0, 8.138, 0.0, 0.0, 0.0, 0.0, 0.0, 0.0, 0.0, 0.0, 0.0, 0.0, 4.499999999999999, 8.649000000000001, 10.753, 0.0, 0.0, 0.0, 0.0, 0.0, 0.0, 0.0, 0.0, 0.0, 0.0, 
0.0, 0.5695562752705294, 0.0, 0.0, 0.0, 0.0, 0.0, 0.0, 0.0, 0.0, 9.409639536521105, 12.789000000000001, 1.9819999999999975, 2.9819999999999993, 0.0, 0.0, 0.0, 0.0, 0.0, 0.0, 0.0, 0.0, 0.0, 0.0, 0.0, 0.0, 0.0, 0.0, 0.0, 0.0, 0.0, 0.0, 0.0, 0.0, 0.0, 0.0, 4.732999999999999, 17.719, 13.076, 9.73949922020839, 1.7989999999999995, 0.0, 0.0, 0.0, 2.1950000000000003, 3.035, 0.0, 0.26000000000000156, 14.077, 10.886000000000001, 3.5231984914447736, 9.103, 10.903, 9.413, 19.936999999999998, 3.9830000000000005, 0.0, 0.0, 0.0, 0.0, 0.0, 0.0, 0.0, 0.520999999999999, 11.551, 14.540000000000003, 23.950000000000003, 39.14, 31.628449937538853, 28.648, 40.905, 30.314, 15.792000000000002, 2.0169999999999995, 0.0, 8.140251105720221, 0.0, 0.0, 0.0, 0.0, 0.0, 0.0, 0.0, 0.0, 0.0, 0.0, 4.500407610825888, 8.649000000000001, 10.753, 0.0, 0.0, 0.0, 0.0, 0.0, 0.0, 0.0, 0.0, 0.0, 0.0, 
0.0, 0.5696047791393228, 0.0, 0.0, 0.0, 0.0, 0.0, 0.0, 0.0, 0.0, 9.409318115915482, 12.800058111142683, 1.9819999999999975, 2.9819999999999993, 0.0, 0.0, 0.0, 0.0, 0.0, 0.0, 0.0, 0.0, 0.0, 0.0, 0.0, 0.0, 0.0, 0.0, 0.0, 0.0, 0.0, 0.0, 0.0, 0.0, 0.0, 0.0, 4.732999999999999, 17.719, 13.076, 9.728000000000002, 1.7989999999999995, 0.0, 0.0, 0.0, 2.1950000000000003, 3.035, 0.0, 0.26000000000000156, 14.077, 10.886000000000001, 3.5348607762107456, 9.103, 10.903, 9.413, 19.936999999999998, 3.9830000000000005, 0.0, 0.0, 0.0, 0.0, 0.0, 0.0, 0.0, 0.520999999999999, 11.551, 14.540000000000003, 23.950000000000003, 39.14, 31.628, 28.648, 40.905, 30.314, 15.792000000000002, 2.0169999999999995, 0.0, 8.164320247870382, 0.0, 0.0, 0.0, 0.0, 0.0, 0.0, 0.0, 0.0, 0.0, 0.0, 4.500753072540536, 8.649000000000001, 10.753, 0.0, 0.0, 0.0, 0.0, 0.0, 0.0, 0.0, 0.0, 0.0, 0.0, 
0.0, 0.5669999999999993, 0.0, 0.0, 0.0, 0.0, 0.0, 0.0, 0.0, 0.0, 9.408999999999999, 12.789000000000001, 1.9819999999999975, 2.9819999999999993, 0.0, 0.0, 0.0, 0.0, 0.0, 0.0, 0.0, 0.0, 0.0, 0.0, 0.0, 0.0, 0.0, 0.0, 0.0, 0.0, 0.0, 0.0, 0.0, 0.0, 0.0, 0.0, 4.732999999999999, 17.719, 13.076, 9.728000000000002, 1.7989999999999995, 0.0, 0.0, 0.0, 2.1973444812112497, 3.035, 0.0, 0.26000000000000156, 14.077, 10.886000000000001, 3.519000000000002, 9.103, 10.903, 9.413, 19.936999999999998, 3.9830000000000005, 0.0, 0.0, 0.0, 0.0, 0.0, 0.0, 0.0, 0.520999999999999, 11.551, 14.540000000000003, 23.950000000000003, 39.14, 31.628, 28.648, 40.905, 30.314, 15.792000000000002, 2.0169999999999995, 0.0, 8.138584244655789, 0.0, 0.0, 0.0, 0.0, 0.0, 0.0, 0.0, 0.0, 0.0, 0.0, 4.500411314887002, 8.649000000000001, 10.753, 0.0, 0.0, 0.0, 0.0, 0.0, 0.0, 0.0, 0.0, 0.0, 0.0, 
0.0, 0.5737405422564423, 0.0, 0.0, 0.0, 0.0, 0.0, 0.0, 0.0, 0.0, 9.408999999999999, 12.789000000000001, 1.9819999999999975, 2.9819999999999993, 0.0, 0.0, 0.0, 0.0, 0.0, 0.0, 0.0, 0.0, 0.0, 0.0, 0.0, 0.0, 0.0, 0.0, 0.0, 0.0, 0.0, 0.0, 0.0, 0.0, 0.0, 0.0, 4.732999999999999, 17.719, 13.076, 9.728000000000002, 1.7989999999999995, 0.0, 0.0, 0.0, 2.241863727809994, 3.035, 0.0, 0.26000000000000156, 14.077, 10.886000000000001, 3.519000000000002, 9.103, 10.903, 9.413, 19.936999999999998, 3.9830000000000005, 0.0, 0.0, 0.0, 0.0, 0.0, 0.0, 0.0, 0.5238328134086796, 11.551, 14.540000000000003, 23.950000000000003, 39.14, 31.628, 28.648, 40.905, 30.314896643241724, 15.792000000000002, 2.0169999999999995, 0.0, 8.138, 0.0, 0.0, 0.0, 0.0, 0.0, 0.0, 0.0, 0.0, 0.0, 0.0, 4.511119755356057, 8.649009912559565, 10.753, 0.0, 0.0, 0.0, 0.0, 0.0, 0.0, 0.0, 0.0, 0.0, 0.0, 
