0.0, 0.0, 0.0, 0.0, 0.0, 0.0, 0.0, 0.0, 0.0, 0.0, 4.5136203898549745, 8.903544648012154, 0.0, 0.0, 0.0, 0.0, 0.0, 0.0, 0.0, 0.0, 0.0, 0.0, 0.0, 0.0, 0.0, 0.0, 0.0, 0.0, 0.0, 0.0, 0.0, 0.0, 0.0, 0.0, 0.0, 0.0, 0.0, 11.816338956837413, 7.9583947179345085, 1.701717274769674, 0.0, 0.0, 0.0, 0.0, 0.0, 0.0, 0.0, 0.0, 6.818714610182527, 4.778200131234684, 0.0, 3.740910641780024, 2.160022693296579, 1.5359611517723657, 12.025002824396005, 0.0, 0.0, 0.0, 0.0, 0.0, 0.0, 0.0, 0.0, 0.0, 3.557180809637252, 8.15703694351128, 17.35171097036032, 31.12236711300249, 21.62973727475114, 20.27016899589578, 35.415476253202705, 21.854144935297438, 10.299768009615597, 0.0, 0.0, 3.394030834890799, 0.0, 0.0, 0.0, 0.0, 0.0, 0.0, 0.0, 0.0, 0.0, 0.0, 0.0, 0.0, 1.3734997502982544, 0.0, 0.0, 0.0, 0.0, 0.0, 0.0, 0.0, 0.0, 0.0, 0.0, 
0.0, 0.0, 0.0, 0.0, 0.0, 0.0, 0.0, 0.0, 0.0, 0.0, 3.0989237944131798, 8.1621658653704, 0.0, 0.0, 0.0, 0.0, 0.0, 0.0, 0.0, 0.0, 0.0, 0.0, 0.0, 0.0, 0.0, 0.0, 0.0, 0.0, 0.0, 0.0, 0.0, 0.0, 0.0, 0.0, 0.0, 0.0, 0.0, 10.91612565117869, 6.927478251781416, 2.1647529677398083, 0.0, 0.0, 0.0, 0.0, 0.0, 0.0, 0.0, 0.0, 9.114022485925206, 3.1432695290934163, 0.0, 4.390048730066521, 1.795962245226395, 0.04182074475739839, 13.72547476796061, 0.0, 0.0, 0.0, 0.0, 0.0, 0.0, 0.0, 0.0, 0.0, 3.683108189012735, 7.43839859985637, 17.49035457658386, 31.144828132455842, 23.892012326800923, 19.467749257035496, 34.27703479475314, 23.34942947617999, 10.690169562748475, 0.0, 0.0, 3.8635620404567472, 0.0, 0.0, 0.0, 0.0, 0.0, 0.0, 0.0, 0.0, 0.0, 0.0, 0.0, 0.0, 2.1772063252123903, 0.0, 0.0, 0.0, 0.0, 0.0, 0.0, 0.0, 0.0, 0.0, 0.0, 
0.0, 0.0, 0.0, 0.0, 0.0, 0.0, 0.0, 0.0, 0.0, 0.0, 3.2704832503851993, 4.933161841495487, 0.0, 0.0, 0.0, 0.0, 0.0, 0.0, 0.0, 0.0, 0.0, 0.0, 0.0, 0.0, 0.0, 0.0, 0.0, 0.0, 0.0, 0.0, 0.0, 0.0, 0.0, 0.0, 0.0, 0.0, 0.0, 8.419512961760365, 6.043462997788005, 0.704776500467446, 0.0, 0.0, 0.0, 0.0, 0.0, 0.0, 0.0, 0.0, 7.397268888056317, 5.580367870806237, 0.0, 0.0, 0.884156743950804, 0.1225559318566738, 12.606376584366737, 0.0, 0.0, 0.0, 0.0, 0.0, 0.0, 0.0, 0.0, 0.0, 5.3538714897402535, 7.230515031949569, 16.251556175888574, 32.55006149971935, 24.280258658926495, 21.80134109439666, 36.368934595706065, 27.296477078280738, 9.248642655512644, 0.0, 0.0, 1.9513276164047468, 0.0, 0.0, 0.0, 0.0, 0.0, 0.0, 0.0, 0.0, 0.0, 0.0, 0.0, 1.0274445287141738, 1.6021638813097994, 0.0, 0.0, 0.0, 0.0, 0.0, 0.0, 0.0, 0.0, 0.0, 0.0, 
0.0, 0.0, 0.0, 0.0, 0.0, 0.0, 0.0, 0.0, 0.0, 0.0, 2.4320243552710927, 7.430141967372986, 0.0, 0.0, 0.0, 0.0, 0.0, 0.0, 0.0, 0.0, 0.0, 0.0, 0.0, 0.0, 0.0, 0.0, 0.0, 0.0, 0.0, 0.0, 0.0, 0.0, 0.0, 0.0, 0.0, 0.0, 0.28510923963999524, 12.7113587586009, 8.237533795247082, 1.5125392244683482, 0.0, 0.0, 0.0, 0.0, 0.0, 0.0, 0.0, 0.0, 6.851682980690045, 4.889941248392393, 0.0, 3.0727611114354936, 4.245858264607502, 1.9396405990804517, 13.609961955588723, 0.0, 0.0, 0.0, 0.0, 0.0, 0.0, 0.0, 0.0, 0.0, 3.379641118137851, 9.055421243202185, 19.139855740680026, 31.854251921432354, 25.117454157939722, 18.79001258001631, 33.01339374726646, 25.09146889529442, 8.055105704249787, 0.0, 0.0, 0.8046557321828836, 0.0, 0.0, 0.0, 0.0, 0.0, 0.0, 0.0, 0.0, 0.0, 0.0, 0.0, 0.0, 2.710845825201167, 0.0, 0.0, 0.0, 0.0, 0.0, 0.0, 0.0, 0.0, 0.0, 0.0, 
0.0, 0.0, 0.0, 0.0, 0.0, 0.0, 0.0, 0.0, 0.0, 0.0, 2.7843449856833082, 4.187751364255856, 0.0, 0.0, 0.0, 0.0, 0.0, 0.0, 0.0, 0.0, 0.0, 0.0, 0.0, 0.0, 0.0, 0.0, 0.0, 0.0, 0.0, 0.0, 0.0, 0.0, 0.0, 0.0, 0.0, 0.0, 0.0, 10.652796141453074, 10.437354287067123, 4.173863460095461, 0.0, 0.0, 0.0, 0.0, 0.0, 0.0, 0.0, 0.0, 7.4712781318962165, 6.574163783137564, 0.0, 0.0, 0.16758075714714593, 0.0, 11.526010785896066, 0.0, 0.0, 0.0, 0.0, 0.0, 0.0, 0.0, 0.0, 0.0, 3.6879823390582533, 8.300957207756273, 15.684768735516592, 30.387327404224894, 26.766616996622368, 21.346693402676294, 35.57405744648109, 25.90536858554855, 9.315034812956522, 0.0, 0.0, 1.5234637143747811, 0.0, 0.0, 0.0, 0.0, 0.0, 0.0, 0.0, 0.0, 0.0, 0.0, 0.0, 0.29071007074054833, 1.3895820224353521, 0.0, 0.0, 0.0, 0.0, 0.0, 0.0, 0.0, 0.0, 0.0, 0.0, 
0.0, 0.0, 0.0, 0.0, 0.0, 0.0, 0.0, 0.0, 0.0, 0.0, 4.163781310309584, 8.303275979787868, 0.0, 0.0, 0.0, 0.0, 0.0, 0.0, 0.0, 0.0, 0.0, 0.0, 0.0, 0.0, 0.0, 0.0, 0.0, 0.0, 0.0, 0.0, 0.0, 0.0, 0.0, 0.0, 0.0, 0.0, 0.0, 12.063081745646267, 8.650225686833032, 3.8137154648891585, 0.0, 0.0, 0.0, 0.0, 0.0, 0.0, 0.0, 0.0, 4.850202485976762, 2.7819889351388767, 0.0, 1.0658831636015549, 3.55069173341332, 0.43545602719429155, 11.236799269267134, 0.0, 0.0, 0.0, 0.0, 0.0, 0.0, 0.0, 0.0, 0.0, 2.3625469294971744, 5.6907329058900835, 15.223660652332175, 29.236989079487085, 23.863376649313256, 20.77778369013447, 33.62934504033383, 23.097739198458953, 8.104683153866848, 0.0, 0.0, 0.0, 0.0, 0.0, 0.0, 0.0, 0.0, 0.0, 0.0, 0.0, 0.0, 0.0, 0.0, 0.0, 0.6533293655212198, 0.0, 0.0, 0.0, 0.0, 0.0, 0.0, 0.0, 0.0, 0.0, 0.0, 
0.0, 0.0, 0.0, 0.0, 0.0, 0.0, 0.0, 0.0, 0.0, 0.0, 3.7735571512426613, 6.809120686076, 0.0, 0.0, 0.0, 0.0, 0.0, 0.0, 0.0, 0.0, 0.0, 0.0, 0.0, 0.0, 0.0, 0.0, 0.0, 0.0, 0.0, 0.0, 0.0, 0.0, 0.0, 0.0, 0.0, 0.0, 0.0, 9.561194281242443, 6.603092958428757, 4.409331251471432, 0.0, 0.0, 0.0, 0.0, 0.0, 0.0, 0.0, 0.0, 3.5805419050219918, 3.255069893185034, 0.0, 0.16703247569862256, 3.528125950871475, 2.6816661697741875, 12.485149353058164, 0.0, 0.0, 0.0, 0.0, 0.0, 0.0, 0.0, 0.0, 0.0, 4.42033029961552, 8.266159639704522, 18.810913540618813, 34.07344050624978, 25.069004756447498, 22.09665310174734, 34.08756822312267, 24.883059796554676, 9.30153767630851, 0.0, 0.0, 0.6475455234945944, 0.0, 0.0, 0.0, 0.0, 0.0, 0.0, 0.0, 0.0, 0.0, 0.0, 0.0, 1.0820472449802718, 2.826609878342806, 0.0, 0.0, 0.0, 0.0, 0.0, 0.0, 0.0, 0.0, 0.0, 0.0, 
0.0, 0.0, 0.0, 0.0, 0.0, 0.0, 0.0, 0.0, 0.0, 0.0, 3.05210055216941, 5.009166153726465, 0.0, 0.0, 0.0, 0.0, 0.0, 0.0, 0.0, 0.0, 0.0, 0.0, 0.0, 0.0, 0.0, 0.0, 0.0, 0.0, 0.0, 0.0, 0.0, 0.0, 0.0, 0.0, 0.0, 0.0, 0.0, 11.666519966317539, 8.403020830406387, 3.963742978583145, 0.0, 0.0, 0.0, 0.0, 0.0, 0.0, 0.0, 0.0, 3.2378979454306496, 2.8271736060892323, 0.0, 1.1102471620626453, 2.8411075929344527, 1.308427206788494, 13.816637604386976, 0.0, 0.0, 0.0, 0.0, 0.0, 0.0, 0.0, 0.0, 0.0, 0.8803122539239112, 7.176071195485207, 16.05216882597174, 29.93554370030302, 24.87078338565309, 20.55921523187078, 35.61746670934342, 23.629359587126444, 8.79744608691068, 0.0, 0.0, 2.291519532616096, 0.0, 0.0, 0.0, 0.0, 0.0, 0.0, 0.0, 0.0, 0.0, 0.0, 0.0, 0.0, 0.6677838881336697, 0.0, 0.0, 0.0, 0.0, 0.0, 0.0, 0.0, 0.0, 0.0, 0.0, 
0.0, 0.0, 0.0, 0.0, 0.0, 0.0, 0.0, 0.0, 0.0, 0.0, 2.4536072069487, 5.105185632944128, 0.0, 0.0, 0.0, 0.0, 0.0, 0.0, 0.0, 0.0, 0.0, 0.0, 0.0, 0.0, 0.0, 0.0, 0.0, 0.0, 0.0, 0.0, 0.0, 0.0, 0.0, 0.0, 0.0, 0.0, 0.2647544298131752, 8.255830004681183, 7.409171829306423, 2.807573407986691, 0.0, 0.0, 0.0, 0.0, 0.0, 0.0, 0.0, 0.0, 4.774365406063595, 2.717185475617949, 0.0, 0.7230642397372193, 2.9085848518091986, 1.0764874885687696, 13.366675132034343, 0.0, 0.0, 0.0, 0.0, 0.0, 0.0, 0.0, 0.0, 0.0, 3.114475262941813, 7.682964985484038, 18.43721204879105, 30.95888696521697, 23.919101352333254, 20.941477115484656, 34.720047895814716, 23.41484543542664, 11.279710643392256, 0.0, 0.0, 0.0, 0.0, 0.0, 0.0, 0.0, 0.0, 0.0, 0.0, 0.0, 0.0, 0.0, 0.0, 2.466263449595914, 2.2442613946204855, 0.0, 0.0, 0.0, 0.0, 0.0, 0.0, 0.0, 0.0, 0.0, 0.0, 
0.0, 0.0, 0.0, 0.0, 0.0, 0.0, 0.0, 0.0, 0.0, 0.0, 1.775998244980741, 5.561481012146924, 0.0, 0.0, 0.0, 0.0, 0.0, 0.0, 0.0, 0.0, 0.0, 0.0, 0.0, 0.0, 0.0, 0.0, 0.0, 0.0, 0.0, 0.0, 0.0, 0.0, 0.0, 0.0, 0.0, 0.0, 0.0, 10.551273093446138, 8.842650473258903, 4.137589961209686, 0.0, 0.0, 0.0, 0.0, 0.0, 0.0, 0.0, 0.0, 4.443296063002482, 4.305028467691539, 0.0, 4.350420220522311, 4.6024278768150495, 0.010443551512604898, 12.953050912170506, 0.0, 0.0, 0.0, 0.0, 0.0, 0.0, 0.0, 0.0, 0.0, 5.929504259666096, 8.288827980947367, 18.80258805391651, 31.384188662684625, 25.249106581804643, 21.343608392281645, 35.744345960256965, 23.612106889022037, 9.111705573839215, 0.0, 0.0, 1.620736059085127, 0.0, 0.0, 0.0, 0.0, 0.0, 0.0, 0.0, 0.0, 0.0, 0.0, 0.0, 0.39539886982939265, 0.031438088797049346, 0.0, 0.0, 0.0, 0.0, 0.0, 0.0, 0.0, 0.0, 0.0, 0.0, 
0.0, 0.0, 0.0, 0.0, 0.0, 0.0, 0.0, 0.0, 0.0, 0.0, 3.2534484618438597, 5.757823568511956, 0.0, 0.0, 0.0, 0.0, 0.0, 0.0, 0.0, 0.0, 0.0, 0.0, 0.0, 0.0, 0.0, 0.0, 0.0, 0.0, 0.0, 0.0, 0.0, 0.0, 0.0, 0.0, 0.0, 0.0, 0.0, 12.358825099502535, 5.947253610797713, 4.952855691062949, 0.0, 0.0, 0.0, 0.0, 0.0, 0.0, 0.0, 0.0, 8.750469884259095, 5.059301344132644, 0.0, 2.517911025753776, 2.64101491888621, 0.8566375372126558, 12.350722905827457, 0.0, 0.0, 0.0, 0.0, 0.0, 0.0, 0.0, 0.0, 0.0, 3.6245081426824886, 7.044431821698915, 17.53589153752892, 31.901317329452326, 24.843475792938968, 22.29750661033269, 34.45372439438497, 21.373547121375314, 7.128607558763715, 0.0, 0.0, 1.5754287035753478, 0.0, 0.0, 0.0, 0.0, 0.0, 0.0, 0.0, 0.0, 0.0, 0.0, 0.0, 0.3938105782338859, 3.445786471047107, 0.0, 0.0, 0.0, 0.0, 0.0, 0.0, 0.0, 0.0, 0.0, 0.0, 
0.0, 0.0, 0.0, 0.0, 0.0, 0.0, 0.0, 0.0, 0.0, 0.0, 5.917509520602382, 6.582497141377184, 0.0, 0.0, 0.0, 0.0, 0.0, 0.0, 0.0, 0.0, 0.0, 0.0, 0.0, 0.0, 0.0, 0.0, 0.0, 0.0, 0.0, 0.0, 0.0, 0.0, 0.0, 0.0, 0.0, 0.0, 0.7371342720522058, 10.068807281889459, 7.429936759691541, 3.5898089428710858, 0.0, 0.0, 0.0, 0.0, 0.0, 0.0, 0.0, 0.0, 6.704215301684972, 5.640679525427867, 0.0, 3.4593143387747016, 3.5367268284249533, 2.001902205579439, 12.605533686367744, 0.0, 0.0, 0.0, 0.0, 0.0, 0.0, 0.0, 0.0, 0.0, 5.975555331214322, 10.375095002390257, 18.420501430272314, 32.44234792637191, 27.17811411232553, 19.122843046403055, 36.0102501601609, 24.647978715263577, 8.726454926933098, 0.0, 0.0, 1.9224964360641046, 0.0, 0.0, 0.0, 0.0, 0.0, 0.0, 0.0, 0.0, 0.0, 0.0, 0.0, 1.9053807349136367, 1.5457343517254465, 0.0, 0.0, 0.0, 0.0, 0.0, 0.0, 0.0, 0.0, 0.0, 0.0, 
0.0, 0.0, 0.0, 0.0, 0.0, 0.0, 0.0, 0.0, 0.0, 0.0, 3.7783691123264926, 7.009875537732762, 0.0, 0.0, 0.0, 0.0, 0.0, 0.0, 0.0, 0.0, 0.0, 0.0, 0.0, 0.0, 0.0, 0.0, 0.0, 0.0, 0.0, 0.0, 0.0, 0.0, 0.0, 0.0, 0.0, 0.0, 1.0696786968908576, 9.719731366890041, 6.6195400509483875, 3.0852069339364867, 0.0, 0.0, 0.0, 0.0, 0.0, 0.0, 0.0, 0.0, 3.7588489750404186, 2.767242208438528, 0.0, 0.8693422177271302, 2.223510148949128, 0.0, 9.581376082364475, 0.0, 0.0, 0.0, 0.0, 0.0, 0.0, 0.0, 0.0, 0.0, 6.7292699599176, 10.611563473841441, 20.6889488983199, 32.678449707394286, 25.43575016773024, 22.59602080133888, 35.44135754760532, 23.599878499917885, 8.242217403708327, 0.0, 0.0, 0.040839285240757306, 0.0, 0.0, 0.0, 0.0, 0.0, 0.0, 0.0, 0.0, 0.0, 0.0, 0.0, 0.9285744850254627, 3.9887566548879825, 0.0, 0.0, 0.0, 0.0, 0.0, 0.0, 0.0, 0.0, 0.0, 0.0, 
0.0, 0.0, 0.0, 0.0, 0.0, 0.0, 0.0, 0.0, 0.0, 0.0, 4.434167082669269, 7.9284849296808595, 0.0, 0.0, 0.0, 0.0, 0.0, 0.0, 0.0, 0.0, 0.0, 0.0, 0.0, 0.0, 0.0, 0.0, 0.0, 0.0, 0.0, 0.0, 0.0, 0.0, 0.0, 0.0, 0.0, 0.0, 0.8133891394160173, 9.916284116727137, 6.634152425411926, 2.9027163901045476, 0.0, 0.0, 0.0, 0.0, 0.0, 0.0, 0.0, 0.0, 5.8689368060883105, 3.3961212131578975, 0.0, 2.9917242501767856, 2.183742473193199, 1.8402649084707914, 13.545747536076227, 0.0, 0.0, 0.0, 0.0, 0.0, 0.0, 0.0, 0.0, 0.0, 4.780189165155917, 7.949767398035064, 17.341249932198526, 32.185624487756044, 27.425301409935145, 20.080553039340646, 34.690498762649014, 23.31856086911291, 8.074467560643658, 0.0, 0.0, 0.0, 0.0, 0.0, 0.0, 0.0, 0.0, 0.0, 0.0, 0.0, 0.0, 0.0, 0.0, 0.0, 2.6162822562375645, 0.0, 0.0, 0.0, 0.0, 0.0, 0.0, 0.0, 0.0, 0.0, 0.0, 
0.0, 0.0, 0.0, 0.0, 0.0, 0.0, 0.0, 0.0, 0.0, 0.0, 2.8002175825924986, 7.764365802161755, 0.0, 0.0, 0.0, 0.0, 0.0, 0.0, 0.0, 0.0, 0.0, 0.0, 0.0, 0.0, 0.0, 0.0, 0.0, 0.0, 0.0, 0.0, 0.0, 0.0, 0.0, 0.0, 0.0, 0.0, 0.0, 9.86285100013788, 7.334053922894391, 4.806090749137729, 0.0, 0.0, 0.0, 0.0, 0.0, 0.0, 0.0, 0.0, 6.568149486841058, 5.5707021293357695, 0.0, 4.0684625628020985, 3.330664639432811, 2.3684512744128146, 16.644012044866884, 0.0, 0.0, 0.0, 0.0, 0.0, 0.0, 0.0, 0.0, 0.0, 4.920193353251252, 9.547328562198295, 18.019594260323167, 31.11648513663902, 24.577944444662634, 21.506058256866247, 34.24822499166267, 24.130933791237354, 5.770183526938567, 0.0, 0.0, 0.9473707190771332, 0.0, 0.0, 0.0, 0.0, 0.0, 0.0, 0.0, 0.0, 0.0, 0.0, 0.0, 2.340258205701751, 1.5116308915323025, 0.0, 0.0, 0.0, 0.0, 0.0, 0.0, 0.0, 0.0, 0.0, 0.0, 
0.0, 0.0, 0.0, 0.0, 0.0, 0.0, 0.0, 0.0, 0.0, 0.0, 4.263609915833419, 6.42683588197775, 0.0, 0.0, 0.0, 0.0, 0.0, 0.0, 0.0, 0.0, 0.0, 0.0, 0.0, 0.0, 0.0, 0.0, 0.0, 0.0, 0.0, 0.0, 0.0, 0.0, 0.0, 0.0, 0.0, 0.0, 0.0, 11.75040417815309, 7.9223124079191525, 3.9251345636152664, 0.0, 0.0, 0.0, 0.0, 0.0, 0.0, 0.0, 0.0, 6.917370624035286, 2.591593147782092, 0.0, 0.0, 0.7591091674506849, 0.039778671865548176, 11.585331342260538, 0.0, 0.0, 0.0, 0.0, 0.0, 0.0, 0.0, 0.0, 0.0, 4.666716007113505, 7.971517246801884, 16.08158064465635, 29.620393580808994, 24.889785517424237, 22.030199673110456, 36.356274018474714, 26.17796471478388, 8.160133160944945, 0.0, 0.0, 0.0, 0.0, 0.0, 0.0, 0.0, 0.0, 0.0, 0.0, 0.0, 0.0, 0.0, 0.0, 0.0, 0.06767966197075381, 0.0, 0.0, 0.0, 0.0, 0.0, 0.0, 0.0, 0.0, 0.0, 0.0, 
0.0, 0.0, 0.0, 0.0, 0.0, 0.0, 0.0, 0.0, 0.0, 0.0, 3.1554405843177857, 5.528663907174785, 0.0, 0.0, 0.0, 0.0, 0.0, 0.0, 0.0, 0.0, 0.0, 0.0, 0.0, 0.0, 0.0, 0.0, 0.0, 0.0, 0.0, 0.0, 0.0, 0.0, 0.0, 0.0, 0.0, 0.0, 0.0, 9.961684678866067, 8.478757843509237, 4.127255609409378, 0.0, 0.0, 0.0, 0.0, 0.0, 0.0, 0.0, 0.0, 5.905315588875471, 4.172642396615949, 0.0, 1.8872761055821474, 3.630246160511158, 3.962385828397135, 12.663336935890193, 0.0, 0.0, 0.0, 0.0, 0.0, 0.0, 0.0, 0.0, 0.0, 5.348774208469742, 8.94193297790246, 17.08327523030387, 32.09118092386157, 25.495041805618087, 23.876600195112808, 38.19014342322733, 24.233053622783025, 8.249760648888987, 0.0, 0.0, 0.8255187712126979, 0.0, 0.0, 0.0, 0.0, 0.0, 0.0, 0.0, 0.0, 0.0, 0.0, 0.0, 0.0, 3.062466411777562, 0.0, 0.0, 0.0, 0.0, 0.0, 0.0, 0.0, 0.0, 0.0, 0.0, 
0.0, 0.0, 0.0, 0.0, 0.0, 0.0, 0.0, 0.0, 0.0, 0.0, 3.769883602544086, 7.963141201637972, 0.0, 0.0, 0.0, 0.0, 0.0, 0.0, 0.0, 0.0, 0.0, 0.0, 0.0, 0.0, 0.0, 0.0, 0.0, 0.0, 0.0, 0.0, 0.0, 0.0, 0.0, 0.0, 0.0, 0.0, 0.0, 13.254123081595804, 6.583811100780682, 4.436814796348401, 0.0, 0.0, 0.0, 0.0, 0.0, 0.0, 0.0, 0.0, 6.378550295776176, 4.463724375848198, 0.0, 0.5992706090674957, 3.7560112552513267, 0.0, 14.0889447080923, 0.0, 0.0, 0.0, 0.0, 0.0, 0.0, 0.0, 0.0, 0.0, 0.18711701953807136, 5.120035471893388, 15.74952696893848, 28.77529781782996, 21.588564463005103, 17.827291491694414, 32.077370944706246, 24.977432213693262, 7.7755248905529015, 0.0, 0.0, 1.5371558911029837, 0.0, 0.0, 0.0, 0.0, 0.0, 0.0, 0.0, 0.0, 0.0, 0.0, 0.0, 0.6244497307246668, 3.1019086484512783, 0.0, 0.0, 0.0, 0.0, 0.0, 0.0, 0.0, 0.0, 0.0, 0.0, 
0.0, 0.0, 0.0, 0.0, 0.0, 0.0, 0.0, 0.0, 0.0, 0.0, 2.071137948325134, 7.286290211331606, 0.0, 0.0, 0.0, 0.0, 0.0, 0.0, 0.0, 0.0, 0.0, 0.0, 0.0, 0.0, 0.0, 0.0, 0.0, 0.0, 0.0, 0.0, 0.0, 0.0, 0.0, 0.0, 0.0, 0.0, 0.0, 8.2616932975182, 3.945181158384237, 1.5651797828992429, 0.0, 0.0, 0.0, 0.0, 0.0, 0.0, 0.0, 0.0, 6.592392183075745, 4.623816025843604, 0.0, 4.058001719093459, 2.6366627545210513, 2.1863803385585676, 12.431325305165991, 0.0, 0.0, 0.0, 0.0, 0.0, 0.0, 0.0, 0.0, 0.0, 5.59295967996686, 6.457811870659441, 15.970020380576145, 31.302865579162635, 24.762033484592592, 20.817735657253614, 33.42283585304885, 23.862036749853786, 9.611848152734746, 0.0, 0.0, 0.0, 0.0, 0.0, 0.0, 0.0, 0.0, 0.0, 0.0, 0.0, 0.0, 0.0, 0.0, 1.1902381089888454, 2.363130449620419, 0.0, 0.0, 0.0, 0.0, 0.0, 0.0, 0.0, 0.0, 0.0, 0.0, 
0.0, 0.0, 0.0, 0.0, 0.0, 0.0, 0.0, 0.0, 0.0, 0.0, 3.430114728666542, 4.947209408227181, 0.0, 0.0, 0.0, 0.0, 0.0, 0.0, 0.0, 0.0, 0.0, 0.0, 0.0, 0.0, 0.0, 0.0, 0.0, 0.0, 0.0, 0.0, 0.0, 0.0, 0.0, 0.0, 0.0, 0.0, 0.0, 10.370338897938865, 6.793968570158068, 1.5802958826362605, 0.0, 0.0, 0.0, 0.0, 0.0, 0.0, 0.0, 0.0, 6.291371203703832, 5.485187996915609, 0.0, 1.2658958574129997, 0.4988680677253008, 1.138631319638602, 10.644834834778969, 0.0, 0.0, 0.0, 0.0, 0.0, 0.0, 0.0, 0.0, 0.0, 1.0779682244809763, 8.67541798258233, 16.790573182266993, 29.257690788996506, 24.454021917542306, 18.929233049717958, 35.55382504931311, 23.21689923554215, 9.434152418895307, 0.0, 0.0, 0.0, 0.0, 0.0, 0.0, 0.0, 0.0, 0.0, 0.0, 0.0, 0.0, 0.0, 0.0, 0.7207480775075084, 2.5244318379661195, 0.0, 0.0, 0.0, 0.0, 0.0, 0.0, 0.0, 0.0, 0.0, 0.0, 
0.0, 0.0, 0.0, 0.0, 0.0, 0.0, 0.0, 0.0, 0.0, 0.0, 3.2731886483722583, 7.722552168774929, 0.0, 0.0, 0.0, 0.0, 0.0, 0.0, 0.0, 0.0, 0.0, 0.0, 0.0, 0.0, 0.0, 0.0, 0.0, 0.0, 0.0, 0.0, 0.0, 0.0, 0.0, 0.0, 0.0, 0.0, 1.9995459772982205, 11.841377794496848, 11.153595591135081, 0.9485453740819416, 0.0, 0.0, 0.0, 0.0, 0.0, 0.0, 0.0, 0.0, 5.917786752345407, 3.850839881510172, 0.0, 1.96957080233841, 0.7152302255363772, 0.500620975049479, 11.790800852720668, 0.0, 0.0, 0.0, 0.0, 0.0, 0.0, 0.0, 0.0, 0.0, 3.140731564680607, 7.95291082829554, 18.246279102943888, 30.728180110932453, 26.301634546297784, 23.39406367839588, 35.946312945720386, 22.35053111594264, 6.497927666579191, 0.0, 0.0, 3.4633132068956805, 0.0, 0.0, 0.0, 0.0, 0.0, 0.0, 0.0, 0.0, 0.0, 0.0, 0.0, 1.830527892534766, 4.588081865620989, 0.0, 0.0, 0.0, 0.0, 0.0, 0.0, 0.0, 0.0, 0.0, 0.0, 
0.0, 0.0, 0.0, 0.0, 0.0, 0.0, 0.0, 0.0, 0.0, 0.0, 4.182390090988202, 5.915659513974372, 0.0, 0.0, 0.0, 0.0, 0.0, 0.0, 0.0, 0.0, 0.0, 0.0, 0.0, 0.0, 0.0, 0.0, 0.0, 0.0, 0.0, 0.0, 0.0, 0.0, 0.0, 0.0, 0.0, 0.0, 0.0, 11.731877586114365, 4.651720373915726, 0.3427956109037247, 0.0, 0.0, 0.0, 0.0, 0.0, 0.0, 0.0, 0.0, 4.960176882045275, 3.0539995429809323, 0.0, 0.6732065780533745, 2.1921761099825368, 1.3439323848772062, 15.313709788545346, 0.0, 0.0, 0.0, 0.0, 0.0, 0.0, 0.0, 0.0, 0.0, 6.111365278748455, 7.002813602346624, 17.62759139745149, 32.31187116836212, 24.817747777759735, 21.587190973167075, 35.56961760015893, 22.987916216404418, 8.443118012997743, 0.0, 0.0, 0.0, 0.0, 0.0, 0.0, 0.0, 0.0, 0.0, 0.0, 0.0, 0.0, 0.0, 0.0, 0.2706948235684443, 1.3696167852351344, 0.0, 0.0, 0.0, 0.0, 0.0, 0.0, 0.0, 0.0, 0.0, 0.0, 
0.0, 0.0, 0.0, 0.0, 0.0, 0.0, 0.0, 0.0, 0.0, 0.0, 2.9715011811861416, 6.425993274833921, 0.0, 0.0, 0.0, 0.0, 0.0, 0.0, 0.0, 0.0, 0.0, 0.0, 0.0, 0.0, 0.0, 0.0, 0.0, 0.0, 0.0, 0.0, 0.0, 0.0, 0.0, 0.0, 0.0, 0.0, 0.0, 12.48612205993917, 3.2020949174912765, 1.1474209649727634, 0.0, 0.0, 0.0, 0.0, 0.0, 0.0, 0.0, 0.0, 5.13029856518769, 5.103757127483977, 0.0, 3.5870024425944234, 2.4534269604402965, 0.5868005406522272, 12.977474328664442, 0.0, 0.0, 0.0, 0.0, 0.0, 0.0, 0.0, 0.0, 0.0, 4.075133070733225, 10.46036271069158, 19.084643359689338, 33.26118665842483, 19.4941466800554, 18.433277843228666, 30.56167315214208, 21.586943479604738, 8.818688436831856, 0.0, 0.0, 0.0, 0.0, 0.0, 0.0, 0.0, 0.0, 0.0, 0.0, 0.0, 0.0, 0.0, 0.0, 0.0, 2.3669566361339456, 0.0, 0.0, 0.0, 0.0, 0.0, 0.0, 0.0, 0.0, 0.0, 0.0, 
0.0, 0.0, 0.0, 0.0, 0.0, 0.0, 0.0, 0.0, 0.0, 0.0, 4.127333628309504, 4.5654292560795255, 0.0, 0.0, 0.0, 0.0, 0.0, 0.0, 0.0, 0.0, 0.0, 0.0, 0.0, 0.0, 0.0, 0.0, 0.0, 0.0, 0.0, 0.0, 0.0, 0.0, 0.0, 0.0, 0.0, 0.0, 0.0, 8.32907957754075, 3.5806749737962313, 0.978218865845335, 0.0, 0.0, 0.0, 0.0, 0.0, 0.0, 0.0, 0.0, 5.1279192530647, 2.7508080752536372, 0.0, 2.778511756476208, 3.9119510433706424, 0.0, 12.097386236364422, 0.0, 0.0, 0.0, 0.0, 0.0, 0.0, 0.0, 0.0, 0.0, 5.451547377516588, 8.721868561291602, 16.492021361493265, 31.02354242822474, 26.856152812900895, 19.976495275762804, 33.8460611117474, 24.944178897779793, 8.932714500583021, 0.0, 0.0, 3.1299482282893383, 0.0, 0.0, 0.0, 0.0, 0.0, 0.0, 0.0, 0.0, 0.0, 0.0, 0.0, 0.8392220768648855, 2.175351216987538, 0.0, 0.0, 0.0, 0.0, 0.0, 0.0, 0.0, 0.0, 0.0, 0.0, 
0.0, 0.0, 0.0, 0.0, 0.0, 0.0, 0.0, 0.0, 0.0, 0.0, 4.852404982358669, 6.613291831384132, 0.0, 0.0, 0.0, 0.0, 0.0, 0.0, 0.0, 0.0, 0.0, 0.0, 0.0, 0.0, 0.0, 0.0, 0.0, 0.0, 0.0, 0.0, 0.0, 0.0, 0.0, 0.0, 0.0, 0.0, 0.0, 10.582108609884767, 6.62259179639528, 0.19507472119269664, 0.0, 0.0, 0.0, 0.0, 0.0, 0.0, 0.0, 0.0, 7.457906719429591, 4.486041752347099, 0.0, 2.487726253293971, 4.080865764504054, 3.9556111659694437, 12.303015024623516, 0.0, 0.0, 0.0, 0.0, 0.0, 0.0, 0.0, 0.0, 0.0, 5.269229865910821, 6.373995524687672, 15.734699674652596, 30.911475007228844, 23.610445706169177, 21.62400467335723, 36.07116163324753, 26.04594629235693, 11.124483719872496, 0.0, 0.0, 1.4667141739390157, 0.0, 0.0, 0.0, 0.0, 0.0, 0.0, 0.0, 0.0, 0.0, 0.0, 0.0, 1.5669336601978365, 0.8754871993410624, 0.0, 0.0, 0.0, 0.0, 0.0, 0.0, 0.0, 0.0, 0.0, 0.0, 
0.0, 0.0, 0.0, 0.0, 0.0, 0.0, 0.0, 0.0, 0.0, 0.0, 0.6383216668314127, 5.0565750736263055, 0.0, 0.0, 0.0, 0.0, 0.0, 0.0, 0.0, 0.0, 0.0, 0.0, 0.0, 0.0, 0.0, 0.0, 0.0, 0.0, 0.0, 0.0, 0.0, 0.0, 0.0, 0.0, 0.0, 0.0, 0.0, 8.22326999947289, 7.347911904635106, 0.6053783479347032, 0.0, 0.0, 0.0, 0.0, 0.0, 0.0, 0.0, 0.0, 3.4016568644749228, 3.2329679835873435, 0.0, 3.072693459912875, 2.734789016514064, 0.0, 12.582061664605796, 0.0, 0.0, 0.0, 0.0, 0.0, 0.0, 0.0, 0.0, 0.0, 2.3002561336414757, 8.953058881270874, 15.62868551690083, 29.222249204307072, 23.873455790212226, 22.73540478553893, 35.97589837681581, 27.318072235247502, 6.595670930428998, 0.0, 0.0, 1.5316160295351384, 0.0, 0.0, 0.0, 0.0, 0.0, 0.0, 0.0, 0.0, 0.0, 0.0, 0.0, 1.282839397977865, 0.3990487122622959, 0.0, 0.0, 0.0, 0.0, 0.0, 0.0, 0.0, 0.0, 0.0, 0.0, 
0.0, 0.0, 0.0, 0.0, 0.0, 0.0, 0.0, 0.0, 0.0, 0.0, 1.8976002326396895, 6.443135279726391, 0.0, 0.0, 0.0, 0.0, 0.0, 0.0, 0.0, 0.0, 0.0, 0.0, 0.0, 0.0, 0.0, 0.0, 0.0, 0.0, 0.0, 0.0, 0.0, 0.0, 0.0, 0.0, 0.0, 0.0, 0.0, 11.783074439857415, 6.883976006018521, 4.782371875026737, 0.0, 0.0, 0.0, 0.0, 0.0, 0.0, 0.0, 0.0, 4.75007068465872, 3.0314787370663367, 0.0, 0.0, 1.6425613876638039, 0.7257925037348869, 11.018127673045676, 0.0, 0.0, 0.0, 0.0, 0.0, 0.0, 0.0, 0.0, 0.0, 2.567260176706096, 8.337503886273112, 17.144291550096206, 32.793784272788976, 26.20582087574769, 23.891412710189208, 36.58958752159477, 23.431998648488968, 7.751859810589426, 0.0, 0.0, 2.5628104083542738, 0.0, 0.0, 0.0, 0.0, 0.0, 0.0, 0.0, 0.0, 0.0, 0.0, 0.0, 0.6823938120822355, 1.8983245169219956, 0.0, 0.0, 0.0, 0.0, 0.0, 0.0, 0.0, 0.0, 0.0, 0.0, 
0.0, 0.0, 0.0, 0.0, 0.0, 0.0, 0.0, 0.0, 0.0, 0.0, 3.5274082471986805, 7.858075385859767, 0.0, 0.0, 0.0, 0.0, 0.0, 0.0, 0.0, 0.0, 0.0, 0.0, 0.0, 0.0, 0.0, 0.0, 0.0, 0.0, 0.0, 0.0, 0.0, 0.0, 0.0, 0.0, 0.0, 0.0, 0.0, 10.50894697801105, 7.5007853683883265, 1.6666067464817118, 0.0, 0.0, 0.0, 0.0, 0.0, 0.0, 0.0, 0.0, 7.235935603952777, 4.884021834943967, 0.0, 0.6602951829690369, 0.9445690961136357, 1.0492467629219284, 12.62942516730548, 0.0, 0.0, 0.0, 0.0, 0.0, 0.0, 0.0, 0.0, 0.0, 2.531702254743152, 8.714655559417961, 18.533117047470018, 32.24397709600423, 22.629861112647806, 18.208651491456394, 35.69823182577745, 22.582126072732837, 6.900548951932127, 0.0, 0.0, 0.0, 0.0, 0.0, 0.0, 0.0, 0.0, 0.0, 0.0, 0.0, 0.0, 0.0, 0.0, 0.0, 0.0, 0.0, 0.0, 0.0, 0.0, 0.0, 0.0, 0.0, 0.0, 0.0, 0.0, 
0.0, 0.0, 0.0, 0.0, 0.0, 0.0, 0.0, 0.0, 0.0, 0.0, 2.044818865814843, 6.375751138620933, 0.0, 0.0, 0.0, 0.0, 0.0, 0.0, 0.0, 0.0, 0.0, 0.0, 0.0, 0.0, 0.0, 0.0, 0.0, 0.0, 0.0, 0.0, 0.0, 0.0, 0.0, 0.0, 0.0, 0.0, 0.0, 7.782527954784644, 3.772589687454552, 2.534918003466739, 0.0, 0.0, 0.0, 0.0, 0.0, 0.0, 0.0, 0.0, 6.902863000257378, 5.959631584702288, 0.0, 1.7048889570236945, 4.962457469623535, 2.3087535007323545, 13.740447371119316, 0.0, 0.0, 0.0, 0.0, 0.0, 0.0, 0.0, 0.0, 0.0, 3.0576356700362837, 7.892671656459683, 18.08830478540497, 31.518269951896855, 25.458351287284003, 23.09182387098459, 37.21062514429894, 25.751543629457398, 10.610321190643498, 0.0, 0.0, 0.0, 0.0, 0.0, 0.0, 0.0, 0.0, 0.0, 0.0, 0.0, 0.0, 0.0, 0.0, 0.3987573271878766, 0.10430462564750798, 0.0, 0.0, 0.0, 0.0, 0.0, 0.0, 0.0, 0.0, 0.0, 0.0, 
0.0, 0.0, 0.0, 0.0, 0.0, 0.0, 0.0, 0.0, 0.0, 0.0, 4.365834751529508, 6.525241719350774, 0.0, 0.0, 0.0, 0.0, 0.0, 0.0, 0.0, 0.0, 0.0, 0.0, 0.0, 0.0, 0.0, 0.0, 0.0, 0.0, 0.0, 0.0, 0.0, 0.0, 0.0, 0.0, 0.0, 0.0, 0.0, 10.733683365442833, 5.559745107411164, 2.9074960018992044, 0.0, 0.0, 0.0, 0.0, 0.0, 0.0, 0.0, 0.0, 6.967860396770735, 5.339411222868415, 0.0, 3.686350789630289, 3.6124477650187554, 1.8584766377008322, 10.899850677718305, 0.0, 0.0, 0.0, 0.0, 0.0, 0.0, 0.0, 0.0, 0.0, 3.5626334630009033, 8.81240317680097, 16.593492277874343, 29.28291961326369, 23.021529067365915, 21.619824932220148, 35.944929221224236, 25.21319561189341, 11.715036953204464, 0.0, 0.0, 1.181679178411727, 0.0, 0.0, 0.0, 0.0, 0.0, 0.0, 0.0, 0.0, 0.0, 0.0, 0.0, 1.0031100865202998, 0.0, 0.0, 0.0, 0.0, 0.0, 0.0, 0.0, 0.0, 0.0, 0.0, 0.0, 
