19.406151063403154, 90.06235806615321, 7186.801794037124, 7186.801794037124, 7186.801794037124, 809510.8389210858, 810324.0, 810324.0, 810324.0, 810324.0, 810324.0, 810324.0, 810324.0, 810324.0, 810324.0, 810324.0, 810324.0, 810324.0, 810324.0, 810324.0, 810324.0, 810324.0, 810324.0, 810324.0, 810324.0, 810324.0, 810324.0, 810324.0, 810324.0, 810324.0, 810324.0, 810324.0, 810324.0, 810324.0, 810324.0, 810324.0, 810324.0, 810324.0, 810324.0, 810324.0, 810324.0, 810324.0, 810324.0, 810324.0, 810324.0, 810324.0, 810324.0, 810324.0, 810324.0, 810324.0, 810305.883234844, 810305.883234844, 810324.0, 810324.0, 810324.0, 810324.0, 810324.0, 810324.0, 810324.0, 810324.0, 810324.0, 810324.0, 809785.8199451944, 810324.0, 810324.0, 810324.0, 810324.0, 809750.513800448, 810317.0044668646, 810317.0044668646, 810324.0, 810324.0, 810324.0, 810324.0, 810324.0, 810324.0, 810324.0, 810324.0, 810324.0, 810324.0, 807520.4518331805, 809930.0901033895, 809930.0901033895, 810324.0, 810324.0, 810324.0, 810324.0, 810324.0, 810324.0, 810324.0, 810324.0, 810324.0, 809925.39179851, 810324.0, 810324.0, 810324.0, 810324.0, 567130.2685907389, 810324.0, 
17.040259678190466, 17.040259678190466, 8892.75372495004, 8892.75372495004, 8655.004626995815, 810324.0, 810324.0, 810324.0, 810324.0, 810324.0, 810324.0, 810324.0, 810324.0, 810324.0, 810324.0, 810324.0, 810324.0, 810308.5238649976, 810324.0, 810324.0, 810324.0, 810324.0, 810324.0, 810324.0, 807666.6912373559, 810307.1964061827, 810324.0, 810324.0, 810324.0, 810324.0, 810324.0, 810324.0, 810324.0, 810324.0, 810324.0, 810324.0, 810324.0, 810324.0, 810324.0, 810324.0, 810324.0, 810324.0, 810324.0, 810324.0, 810324.0, 810324.0, 810324.0, 810324.0, 810324.0, 810324.0, 810324.0, 810324.0, 810324.0, 810324.0, 810324.0, 810324.0, 810324.0, 810324.0, 810324.0, 810324.0, 810324.0, 810324.0, 810324.0, 810324.0, 810324.0, 807990.5995413094, 810324.0, 810324.0, 810324.0, 810324.0, 810324.0, 810324.0, 810324.0, 810324.0, 810264.0606674238, 810324.0, 810324.0, 810324.0, 810324.0, 810324.0, 810324.0, 810324.0, 810324.0, 810324.0, 810324.0, 809768.348863408, 810324.0, 810324.0, 810324.0, 810324.0, 810324.0, 810324.0, 810324.0, 810324.0, 810324.0, 810324.0, 810324.0, 573031.7838536473, 810324.0, 
20.016304412136, 20.016304412136, 7801.981140886224, 5959.129310940623, 5959.129310940623, 810324.0, 810324.0, 810324.0, 810324.0, 810324.0, 810324.0, 810324.0, 810324.0, 810324.0, 810324.0, 810324.0, 810324.0, 809797.4463481999, 810324.0, 810324.0, 810324.0, 810324.0, 810324.0, 810324.0, 810324.0, 810324.0, 810324.0, 810324.0, 810324.0, 810324.0, 810324.0, 810324.0, 810324.0, 810324.0, 810324.0, 810324.0, 810324.0, 810324.0, 810324.0, 810324.0, 810197.8928604322, 810324.0, 810324.0, 810324.0, 810324.0, 810324.0, 810324.0, 810324.0, 810324.0, 808903.0189202556, 810324.0, 810324.0, 810324.0, 810324.0, 810324.0, 810324.0, 810324.0, 810324.0, 810324.0, 810324.0, 810324.0, 810324.0, 810324.0, 810324.0, 810324.0, 810324.0, 810324.0, 810324.0, 810324.0, 810324.0, 810324.0, 810324.0, 810324.0, 810324.0, 801462.0387932437, 808000.908765962, 810324.0, 810324.0, 810324.0, 806484.7523746337, 810324.0, 810324.0, 810324.0, 810324.0, 810324.0, 810324.0, 810324.0, 810324.0, 810324.0, 810324.0, 810324.0, 810324.0, 810324.0, 810324.0, 810324.0, 810324.0, 810324.0, 517643.4235015075, 810324.0, 
24.305997473808716, 55.70311893325365, 11098.15514518084, 11098.15514518084, 7098.034782308502, 810324.0, 810324.0, 810324.0, 810324.0, 810324.0, 810294.6651178283, 810294.6651178283, 810324.0, 810324.0, 810324.0, 810324.0, 810324.0, 806510.045586544, 810324.0, 810324.0, 810324.0, 810324.0, 810324.0, 810324.0, 810324.0, 810324.0, 810324.0, 810324.0, 810324.0, 810324.0, 810324.0, 810324.0, 810324.0, 810324.0, 810324.0, 810324.0, 810324.0, 810324.0, 810324.0, 810324.0, 810324.0, 810324.0, 810324.0, 810324.0, 810324.0, 810324.0, 810324.0, 810324.0, 810324.0, 810324.0, 810324.0, 810324.0, 810324.0, 810324.0, 810324.0, 810324.0, 810324.0, 810324.0, 810324.0, 810324.0, 810324.0, 810324.0, 810324.0, 810324.0, 810324.0, 810324.0, 810324.0, 807040.1283829844, 810324.0, 810324.0, 810324.0, 810324.0, 810324.0, 810324.0, 809744.4384848101, 810324.0, 810324.0, 810324.0, 810324.0, 810324.0, 810324.0, 810324.0, 810324.0, 810324.0, 810324.0, 810324.0, 810324.0, 810324.0, 810324.0, 810324.0, 810324.0, 810324.0, 810191.9385365379, 810324.0, 810324.0, 810324.0, 810324.0, 524086.59767075826, 810324.0, 
41.19712269141331, 137.73105691033956, 11008.207615378373, 8104.282003534316, 8104.282003534316, 810324.0, 810324.0, 810324.0, 810324.0, 810324.0, 810324.0, 810324.0, 810324.0, 810324.0, 810324.0, 810324.0, 808059.5188270002, 810060.3787260846, 810060.3787260846, 810324.0, 810324.0, 810324.0, 810324.0, 810324.0, 810324.0, 810324.0, 810324.0, 810324.0, 810324.0, 810324.0, 810324.0, 810324.0, 810324.0, 810324.0, 810324.0, 810324.0, 810324.0, 810324.0, 810324.0, 810324.0, 810324.0, 810324.0, 810324.0, 810324.0, 810324.0, 810324.0, 810324.0, 810324.0, 810324.0, 810324.0, 810324.0, 810324.0, 810324.0, 810324.0, 810324.0, 810324.0, 810324.0, 810324.0, 810324.0, 810324.0, 810324.0, 810324.0, 807886.1939148351, 810324.0, 810324.0, 810324.0, 810324.0, 810324.0, 810324.0, 810324.0, 810324.0, 810324.0, 810324.0, 810324.0, 810324.0, 810324.0, 810324.0, 810324.0, 810324.0, 810163.5814572684, 810324.0, 810324.0, 810324.0, 810324.0, 810324.0, 810324.0, 810324.0, 810324.0, 810324.0, 810324.0, 810324.0, 810324.0, 810324.0, 810324.0, 810324.0, 810324.0, 810324.0, 491167.08893118514, 810324.0, 
37.33429736223754, 37.33429736223754, 12509.215429017924, 8079.18427740875, 8079.18427740875, 810324.0, 810324.0, 810324.0, 810324.0, 810324.0, 810324.0, 810324.0, 810324.0, 810324.0, 810324.0, 810324.0, 810324.0, 810324.0, 810324.0, 810324.0, 810324.0, 810324.0, 810324.0, 810324.0, 809718.9926242104, 810324.0, 810324.0, 810324.0, 810324.0, 810324.0, 810324.0, 810324.0, 810324.0, 810324.0, 810324.0, 810324.0, 810324.0, 810324.0, 810324.0, 810324.0, 810324.0, 810324.0, 810324.0, 810324.0, 810324.0, 810324.0, 810324.0, 810324.0, 810324.0, 810324.0, 810324.0, 810324.0, 810324.0, 810324.0, 810232.4718509341, 810232.4718509341, 810324.0, 810324.0, 810324.0, 810324.0, 810324.0, 810324.0, 810324.0, 810324.0, 810324.0, 806116.5975050046, 810324.0, 810324.0, 810324.0, 810324.0, 810324.0, 810324.0, 810324.0, 810324.0, 810324.0, 810324.0, 810324.0, 810324.0, 810324.0, 810324.0, 810324.0, 810324.0, 810324.0, 810324.0, 810324.0, 810324.0, 810324.0, 810324.0, 810324.0, 810324.0, 810324.0, 810324.0, 810299.8293957465, 810324.0, 810324.0, 810324.0, 810324.0, 504260.7182449702, 810324.0, 
39.66732111744275, 39.66732111744275, 6754.941299495762, 6754.941299495762, 6754.941299495762, 801190.6933911176, 810324.0, 810324.0, 810324.0, 810324.0, 810324.0, 810324.0, 810324.0, 810324.0, 803960.8773861852, 810324.0, 810324.0, 809931.4198635288, 810324.0, 810324.0, 810324.0, 810324.0, 810324.0, 810324.0, 810324.0, 810324.0, 810324.0, 810324.0, 810324.0, 810324.0, 810324.0, 810324.0, 810324.0, 810324.0, 810324.0, 810324.0, 810324.0, 810324.0, 810324.0, 810324.0, 810027.7528175433, 810168.9531065603, 810324.0, 810324.0, 810324.0, 810324.0, 810324.0, 810324.0, 810324.0, 810324.0, 808469.5360899442, 810324.0, 810324.0, 810324.0, 810324.0, 810324.0, 810324.0, 810324.0, 810324.0, 810324.0, 810324.0, 810324.0, 809302.3435877913, 809302.3435877913, 810324.0, 810324.0, 810324.0, 810324.0, 810324.0, 810324.0, 810324.0, 810324.0, 810324.0, 810324.0, 810324.0, 810324.0, 810324.0, 810324.0, 810324.0, 810324.0, 810324.0, 810324.0, 810324.0, 810324.0, 810324.0, 810324.0, 810324.0, 810324.0, 810324.0, 810324.0, 810324.0, 810324.0, 810324.0, 810324.0, 810324.0, 810324.0, 810324.0, 503604.0248398727, 810324.0, 
31.34944320179576, 31.34944320179576, 7208.410739978823, 7134.3763591367415, 5573.589647598137, 804988.3711924708, 810324.0, 810324.0, 810324.0, 810324.0, 810324.0, 810324.0, 810324.0, 810324.0, 810324.0, 810324.0, 809996.2719730744, 810324.0, 810324.0, 810324.0, 810324.0, 810324.0, 810324.0, 810324.0, 810324.0, 810324.0, 810324.0, 810324.0, 810324.0, 810324.0, 810324.0, 810324.0, 810324.0, 810324.0, 810324.0, 810324.0, 810324.0, 810324.0, 810324.0, 810324.0, 810324.0, 810324.0, 810324.0, 810324.0, 810324.0, 810324.0, 810324.0, 810324.0, 810324.0, 810324.0, 810324.0, 810324.0, 810324.0, 810324.0, 810324.0, 810324.0, 810324.0, 810324.0, 810324.0, 810324.0, 810324.0, 810324.0, 810324.0, 810324.0, 810324.0, 810324.0, 810324.0, 810083.6541407742, 810324.0, 810324.0, 810324.0, 810324.0, 810324.0, 810324.0, 810324.0, 810324.0, 810324.0, 810324.0, 810324.0, 810324.0, 810324.0, 810324.0, 810324.0, 810324.0, 810324.0, 810324.0, 810324.0, 810324.0, 810324.0, 810324.0, 810324.0, 810324.0, 810324.0, 810324.0, 810324.0, 810324.0, 810324.0, 510468.5804489296, 808859.5132633017, 
36.73773481079431, 36.73773481079431, 7089.281074079056, 7089.281074079056, 7089.281074079056, 810324.0, 810324.0, 810324.0, 810324.0, 810324.0, 810324.0, 810324.0, 810324.0, 810324.0, 810324.0, 810324.0, 810324.0, 810324.0, 810324.0, 810324.0, 810324.0, 810324.0, 810324.0, 810324.0, 810324.0, 810324.0, 810324.0, 810324.0, 810324.0, 810324.0, 810324.0, 810324.0, 810324.0, 810324.0, 810324.0, 810324.0, 810324.0, 810324.0, 810324.0, 810324.0, 808147.9448196973, 810324.0, 810324.0, 810324.0, 810324.0, 810324.0, 810324.0, 810324.0, 810324.0, 810324.0, 810324.0, 810324.0, 810324.0, 810324.0, 810324.0, 810324.0, 810324.0, 810324.0, 810324.0, 810324.0, 810324.0, 810324.0, 810324.0, 810324.0, 810324.0, 810324.0, 810324.0, 810324.0, 810324.0, 810324.0, 810324.0, 810324.0, 810324.0, 810324.0, 810324.0, 810324.0, 810324.0, 810324.0, 810324.0, 810324.0, 809883.8100432355, 809883.8100432355, 809956.6802392052, 810324.0, 810324.0, 804412.4243298023, 810324.0, 810324.0, 810324.0, 810324.0, 810324.0, 810324.0, 809565.4174099636, 810324.0, 810324.0, 810324.0, 810324.0, 516572.0156341308, 810324.0, 
70.97320875536789, 346.0484178125948, 11381.076407395862, 11381.076407395862, 9470.718859308969, 810324.0, 810324.0, 810324.0, 810324.0, 810324.0, 808826.1001947622, 810324.0, 810324.0, 810324.0, 810324.0, 810324.0, 810324.0, 807661.7871776919, 810324.0, 810324.0, 810324.0, 810308.5211394128, 810308.5211394128, 810308.5211394128, 809885.3940031955, 810324.0, 810324.0, 810324.0, 810324.0, 810324.0, 810324.0, 810324.0, 810324.0, 810324.0, 810324.0, 810324.0, 810324.0, 810324.0, 810324.0, 810324.0, 810324.0, 810324.0, 810324.0, 810324.0, 810324.0, 810324.0, 810324.0, 810324.0, 810324.0, 810324.0, 807994.4422183442, 810324.0, 810324.0, 810324.0, 810324.0, 810324.0, 810324.0, 810324.0, 810324.0, 810324.0, 810324.0, 810324.0, 810324.0, 810324.0, 810324.0, 809965.7861055289, 809965.7861055289, 810324.0, 810324.0, 810324.0, 810324.0, 810324.0, 810324.0, 810324.0, 810324.0, 810324.0, 810324.0, 810324.0, 810324.0, 810324.0, 810324.0, 810324.0, 810324.0, 810324.0, 810324.0, 809643.5022452966, 809643.5022452966, 810324.0, 810324.0, 810324.0, 810324.0, 810324.0, 810324.0, 810324.0, 809285.5210765275, 809285.5210765275, 809285.5210765275, 502612.5132971213, 810023.3797126949, 
17.442573266190095, 17.442573266190095, 7458.35210608876, 7458.35210608876, 7458.35210608876, 810324.0, 810324.0, 810324.0, 810324.0, 810324.0, 810324.0, 810324.0, 810324.0, 810324.0, 810324.0, 810324.0, 810324.0, 810324.0, 810324.0, 810324.0, 810324.0, 810324.0, 810324.0, 810324.0, 810163.2172495867, 810324.0, 810324.0, 810324.0, 810324.0, 810324.0, 810324.0, 810324.0, 810324.0, 810324.0, 810324.0, 810324.0, 810324.0, 810324.0, 810324.0, 810324.0, 810324.0, 810324.0, 810324.0, 810324.0, 810324.0, 810324.0, 810324.0, 810324.0, 810324.0, 810308.7033697334, 810324.0, 810324.0, 810324.0, 810324.0, 810324.0, 810324.0, 810324.0, 810324.0, 810324.0, 810324.0, 810324.0, 810324.0, 810324.0, 810324.0, 810324.0, 810324.0, 810324.0, 810324.0, 810324.0, 810324.0, 810324.0, 810324.0, 810324.0, 810324.0, 810324.0, 810324.0, 810324.0, 810324.0, 810324.0, 810324.0, 808282.127292774, 810324.0, 810324.0, 810324.0, 810324.0, 810324.0, 810324.0, 810324.0, 810324.0, 810324.0, 810324.0, 810324.0, 810324.0, 810324.0, 810324.0, 810324.0, 810324.0, 500915.6578509498, 810324.0, 
34.11869630672045, 420.61244048247426, 9699.391671459258, 7254.262634991755, 7254.262634991755, 806311.8053736809, 810324.0, 810324.0, 810324.0, 810324.0, 810324.0, 810324.0, 810324.0, 810324.0, 810324.0, 810324.0, 810324.0, 810324.0, 810324.0, 810324.0, 810324.0, 810012.9824756942, 810324.0, 810324.0, 810324.0, 810324.0, 810324.0, 810324.0, 810324.0, 810324.0, 810324.0, 810324.0, 810324.0, 810324.0, 810324.0, 810324.0, 810324.0, 810324.0, 810324.0, 810324.0, 807041.7844369956, 810324.0, 810324.0, 810324.0, 810324.0, 810324.0, 810324.0, 810324.0, 810324.0, 810324.0, 810324.0, 810324.0, 810324.0, 810324.0, 810324.0, 810324.0, 810324.0, 810324.0, 810324.0, 810324.0, 810324.0, 810324.0, 810324.0, 810324.0, 810324.0, 810324.0, 810324.0, 810324.0, 810324.0, 810324.0, 810324.0, 810324.0, 810324.0, 810324.0, 810324.0, 810324.0, 810324.0, 810324.0, 810324.0, 810324.0, 810324.0, 810324.0, 810324.0, 810324.0, 810324.0, 810324.0, 810324.0, 810324.0, 810324.0, 810324.0, 810324.0, 810324.0, 810324.0, 810324.0, 810324.0, 810324.0, 810324.0, 501172.17721908586, 810324.0, 
10.907751170545266, 10.907751170545266, 9272.209337946973, 9131.024238332706, 5663.307894694075, 810324.0, 810324.0, 810324.0, 810324.0, 810324.0, 810324.0, 810324.0, 810324.0, 810324.0, 810324.0, 810324.0, 810324.0, 810324.0, 810324.0, 810324.0, 810324.0, 810324.0, 810324.0, 810324.0, 810324.0, 810324.0, 810324.0, 810324.0, 810324.0, 810324.0, 810324.0, 810324.0, 810324.0, 810324.0, 810324.0, 810324.0, 810324.0, 810324.0, 810324.0, 810324.0, 810324.0, 810324.0, 810324.0, 810324.0, 810324.0, 810324.0, 810324.0, 810324.0, 810324.0, 809860.753507085, 810324.0, 810324.0, 810324.0, 810324.0, 807910.930256652, 809703.0955263241, 810324.0, 810324.0, 810324.0, 810324.0, 810289.5989324334, 810289.5989324334, 810324.0, 810324.0, 810324.0, 810324.0, 810324.0, 810324.0, 810324.0, 810324.0, 810324.0, 810324.0, 810324.0, 810324.0, 810324.0, 810324.0, 810324.0, 810324.0, 810324.0, 810324.0, 810324.0, 810324.0, 810324.0, 810324.0, 810324.0, 810311.2071789985, 810324.0, 810324.0, 810324.0, 810324.0, 810324.0, 810324.0, 810324.0, 810324.0, 810324.0, 810324.0, 810324.0, 496541.67912328354, 810324.0, 
20.896794373991852, 20.896794373991852, 11113.194547574423, 7162.702263739475, 7162.702263739475, 810324.0, 810324.0, 810324.0, 810324.0, 810324.0, 808205.8337932399, 810324.0, 810324.0, 810324.0, 810324.0, 810324.0, 810324.0, 810324.0, 810324.0, 810324.0, 810324.0, 810324.0, 810324.0, 810324.0, 809148.9335833393, 806751.8367140779, 810324.0, 810324.0, 810324.0, 810324.0, 810324.0, 810324.0, 810324.0, 810324.0, 810324.0, 810324.0, 810324.0, 810324.0, 810324.0, 810324.0, 810324.0, 810324.0, 810324.0, 810324.0, 810324.0, 810324.0, 810324.0, 810324.0, 810324.0, 810324.0, 810324.0, 810324.0, 810324.0, 810324.0, 810324.0, 810324.0, 810324.0, 810324.0, 810324.0, 810324.0, 810324.0, 810324.0, 810324.0, 810324.0, 810324.0, 810324.0, 810324.0, 808163.5995330233, 810324.0, 810324.0, 810324.0, 810324.0, 810324.0, 810324.0, 810324.0, 810324.0, 810324.0, 810324.0, 810324.0, 810324.0, 810324.0, 810324.0, 810324.0, 810324.0, 810324.0, 810324.0, 810324.0, 810324.0, 810324.0, 810324.0, 810324.0, 810324.0, 810324.0, 810324.0, 810324.0, 810324.0, 810324.0, 485104.14431308035, 807837.0042751008, 
20.804077872997958, 20.804077872997958, 6730.238833290713, 6730.238833290713, 6730.238833290713, 810324.0, 810324.0, 810324.0, 810324.0, 810324.0, 810324.0, 810324.0, 810324.0, 810324.0, 806406.517997648, 809942.0665827129, 809972.6026026525, 808087.498921418, 810324.0, 810324.0, 810324.0, 810324.0, 810324.0, 810324.0, 810324.0, 810324.0, 810324.0, 810324.0, 810324.0, 810324.0, 810324.0, 810324.0, 810324.0, 810324.0, 810324.0, 810324.0, 810324.0, 810324.0, 810324.0, 810324.0, 810324.0, 810324.0, 810324.0, 810324.0, 810324.0, 810324.0, 810324.0, 810324.0, 810324.0, 809437.669610902, 810324.0, 810324.0, 810324.0, 810324.0, 810324.0, 810324.0, 810324.0, 810324.0, 810324.0, 810324.0, 810324.0, 810324.0, 809802.8011914585, 810324.0, 810324.0, 810324.0, 810324.0, 810324.0, 810324.0, 810324.0, 810324.0, 810324.0, 810324.0, 810324.0, 810324.0, 810324.0, 810324.0, 810324.0, 810324.0, 802504.1500331528, 810285.1721352617, 810324.0, 810324.0, 810324.0, 810324.0, 809507.486309761, 810324.0, 810324.0, 810324.0, 810324.0, 810324.0, 810324.0, 810324.0, 810324.0, 810324.0, 810324.0, 810324.0, 483953.6118058587, 810324.0, 
56.225231630247464, 189.6856273819176, 10670.687617225292, 10110.230718621657, 9057.258809044648, 809577.0484466718, 810324.0, 810324.0, 810324.0, 810324.0, 810324.0, 810324.0, 810324.0, 810324.0, 810324.0, 810324.0, 810324.0, 810324.0, 810324.0, 810324.0, 810324.0, 809310.2428192662, 809310.2428192662, 809310.2428192662, 808937.8247693174, 810324.0, 810324.0, 810324.0, 810324.0, 810324.0, 810324.0, 810324.0, 810324.0, 810324.0, 810324.0, 810324.0, 810324.0, 810324.0, 810324.0, 810324.0, 810324.0, 810324.0, 810324.0, 810324.0, 810324.0, 810324.0, 810324.0, 810324.0, 810324.0, 810324.0, 800181.2448850072, 810324.0, 810324.0, 810324.0, 810324.0, 810324.0, 810324.0, 810324.0, 810324.0, 810324.0, 810324.0, 810324.0, 810324.0, 810324.0, 810324.0, 809239.2508291174, 809239.2508291174, 809703.659087877, 810324.0, 810324.0, 810324.0, 810324.0, 810324.0, 810324.0, 809127.2605605, 807353.4558323277, 810324.0, 810324.0, 810324.0, 810324.0, 806924.6405636144, 810324.0, 810324.0, 810324.0, 810324.0, 810324.0, 810324.0, 810324.0, 810324.0, 810324.0, 810324.0, 810324.0, 810024.7370918335, 810024.7370918335, 810324.0, 810324.0, 810324.0, 500759.5350880027, 810324.0, 
28.124635472106906, 28.124635472106906, 9120.365367715707, 6816.677999408009, 6816.677999408009, 810324.0, 810324.0, 810324.0, 810324.0, 810324.0, 810238.5267274459, 810324.0, 810324.0, 810324.0, 810324.0, 810324.0, 810324.0, 807959.8935677912, 810324.0, 810324.0, 810324.0, 810324.0, 810324.0, 810324.0, 810324.0, 810324.0, 810324.0, 810324.0, 810324.0, 810324.0, 810324.0, 810324.0, 810324.0, 810324.0, 810324.0, 810324.0, 810324.0, 810324.0, 810324.0, 810324.0, 810324.0, 810324.0, 810324.0, 810324.0, 810324.0, 810324.0, 810324.0, 810324.0, 810324.0, 810324.0, 810324.0, 810324.0, 810324.0, 810324.0, 810324.0, 810324.0, 810324.0, 810324.0, 810324.0, 810324.0, 810324.0, 810324.0, 810264.1187879043, 810264.1187879043, 810324.0, 810324.0, 810324.0, 809439.6036091445, 797259.082369613, 810324.0, 810324.0, 810324.0, 810324.0, 810324.0, 810324.0, 810324.0, 810324.0, 810324.0, 810324.0, 808686.0895976969, 808686.0895976969, 810324.0, 810324.0, 810324.0, 810324.0, 810324.0, 810324.0, 810324.0, 810324.0, 810324.0, 810324.0, 810324.0, 810324.0, 810324.0, 809728.2718598556, 810324.0, 810324.0, 505175.9343952383, 809092.4028873405, 
35.157789066032564, 35.157789066032564, 9220.384973111675, 8979.141496544762, 8979.141496544762, 809009.8626568915, 810324.0, 810324.0, 810324.0, 810324.0, 810324.0, 810324.0, 810324.0, 810324.0, 810324.0, 810324.0, 810324.0, 810324.0, 810324.0, 810324.0, 810324.0, 810297.8262761158, 810324.0, 810324.0, 810275.1852182499, 810275.1852182499, 810275.1852182499, 810324.0, 810324.0, 810324.0, 810324.0, 810324.0, 810324.0, 810324.0, 810324.0, 810324.0, 810324.0, 810324.0, 810324.0, 810324.0, 810324.0, 810324.0, 810324.0, 810324.0, 810324.0, 810324.0, 810324.0, 810324.0, 810324.0, 810324.0, 809945.1363572234, 810144.4462811323, 810324.0, 810324.0, 810324.0, 810324.0, 810324.0, 810324.0, 810324.0, 810324.0, 810324.0, 810324.0, 810324.0, 810324.0, 810324.0, 810324.0, 810324.0, 808889.6688341091, 810324.0, 810324.0, 810324.0, 810324.0, 810324.0, 810324.0, 810324.0, 810324.0, 810324.0, 810324.0, 810324.0, 810324.0, 810324.0, 810324.0, 810324.0, 810324.0, 810324.0, 810324.0, 810324.0, 809485.261637535, 810324.0, 810324.0, 810324.0, 810324.0, 810324.0, 810324.0, 810324.0, 810324.0, 810324.0, 506128.48757353437, 807593.8588879734, 
27.05615987280341, 27.05615987280341, 9621.54371460036, 9621.54371460036, 7901.432341138233, 810324.0, 810324.0, 810324.0, 810324.0, 810324.0, 810324.0, 810324.0, 810324.0, 810324.0, 810324.0, 810324.0, 810324.0, 810324.0, 810324.0, 810324.0, 810324.0, 810324.0, 810324.0, 810324.0, 810324.0, 810324.0, 810324.0, 810324.0, 810324.0, 810324.0, 810324.0, 810324.0, 810324.0, 810324.0, 810324.0, 810324.0, 810324.0, 810324.0, 810324.0, 810324.0, 810324.0, 810324.0, 810324.0, 810324.0, 810324.0, 810324.0, 810324.0, 810324.0, 810324.0, 810324.0, 810324.0, 810324.0, 810324.0, 810324.0, 810324.0, 810324.0, 810324.0, 810324.0, 810324.0, 810324.0, 810324.0, 810324.0, 810324.0, 810324.0, 810324.0, 810324.0, 810324.0, 785167.2405499012, 810324.0, 810324.0, 810324.0, 810324.0, 810324.0, 810324.0, 806840.5714405689, 810324.0, 810324.0, 810324.0, 810324.0, 810324.0, 810324.0, 810324.0, 810324.0, 810324.0, 810324.0, 810324.0, 810324.0, 810324.0, 810324.0, 810324.0, 810324.0, 810324.0, 810324.0, 810324.0, 810324.0, 810324.0, 810324.0, 495829.2935635035, 810324.0, 
10.19483839648817, 10.19483839648817, 7078.3672196429725, 7078.3672196429725, 7078.3672196429725, 801486.1937675682, 810324.0, 810324.0, 810324.0, 810324.0, 810324.0, 810324.0, 810324.0, 810324.0, 809813.9811098048, 810324.0, 810324.0, 810324.0, 810324.0, 810324.0, 810324.0, 810324.0, 810324.0, 810324.0, 810324.0, 810324.0, 810324.0, 810324.0, 810324.0, 810324.0, 810324.0, 810324.0, 810324.0, 810324.0, 810324.0, 810324.0, 810324.0, 810324.0, 810324.0, 810324.0, 810324.0, 810324.0, 810324.0, 810324.0, 810324.0, 810324.0, 810324.0, 810324.0, 810324.0, 809078.0480483442, 810324.0, 810324.0, 810324.0, 810324.0, 810324.0, 810324.0, 810324.0, 810324.0, 810324.0, 810324.0, 810324.0, 810324.0, 810324.0, 810324.0, 810324.0, 810324.0, 810324.0, 810324.0, 810324.0, 810324.0, 810324.0, 810324.0, 810324.0, 810324.0, 810324.0, 810324.0, 810324.0, 810324.0, 810324.0, 810029.7580452869, 810324.0, 810324.0, 810324.0, 810324.0, 810324.0, 810324.0, 810324.0, 810324.0, 810324.0, 810324.0, 810324.0, 810324.0, 810324.0, 810324.0, 810324.0, 810324.0, 810324.0, 508405.55700497434, 810307.1635513984, 
9.308358964628239, 9.308358964628239, 8090.341927764971, 8090.341927764971, 8090.341927764971, 810324.0, 810324.0, 810324.0, 810324.0, 810324.0, 810324.0, 810324.0, 810324.0, 810324.0, 810324.0, 810324.0, 809627.8098158733, 810324.0, 810324.0, 810324.0, 810324.0, 810324.0, 810324.0, 810324.0, 810324.0, 810324.0, 810324.0, 810324.0, 810324.0, 810324.0, 810324.0, 810324.0, 810324.0, 810324.0, 810324.0, 810324.0, 810324.0, 810324.0, 810324.0, 810324.0, 810324.0, 810324.0, 810324.0, 810324.0, 810324.0, 810324.0, 810324.0, 810324.0, 810324.0, 810324.0, 808697.7731051281, 810324.0, 810324.0, 810324.0, 810324.0, 810324.0, 810324.0, 810324.0, 810324.0, 810324.0, 810324.0, 810324.0, 810324.0, 810324.0, 810324.0, 810324.0, 810324.0, 810324.0, 810324.0, 810324.0, 810324.0, 810324.0, 810324.0, 810324.0, 810324.0, 810324.0, 810324.0, 810324.0, 810324.0, 810324.0, 810324.0, 810324.0, 810324.0, 810324.0, 810324.0, 810324.0, 810324.0, 809921.7866083283, 809921.7866083283, 810324.0, 810324.0, 810324.0, 810324.0, 810324.0, 810324.0, 810324.0, 810324.0, 511931.08049788594, 810324.0, 
50.50317927349367, 50.50317927349367, 6878.754550467674, 5896.765491279041, 5896.765491279041, 810324.0, 810324.0, 810324.0, 810324.0, 810324.0, 810324.0, 810324.0, 810324.0, 810324.0, 810324.0, 810324.0, 810324.0, 810324.0, 810324.0, 810324.0, 810324.0, 810324.0, 810324.0, 810324.0, 806728.4003754029, 810199.5823932737, 810324.0, 810324.0, 810324.0, 810324.0, 810324.0, 810324.0, 810324.0, 810324.0, 810324.0, 810324.0, 810324.0, 810324.0, 810324.0, 810324.0, 810324.0, 810324.0, 810324.0, 810324.0, 810324.0, 810324.0, 810324.0, 810324.0, 810324.0, 810324.0, 810324.0, 810324.0, 810324.0, 810324.0, 810324.0, 810324.0, 810324.0, 810324.0, 810324.0, 810324.0, 810232.2313760178, 810324.0, 810324.0, 810324.0, 810324.0, 810324.0, 810324.0, 810324.0, 810324.0, 810324.0, 810324.0, 810324.0, 810324.0, 810324.0, 810324.0, 810324.0, 810324.0, 810324.0, 810324.0, 810324.0, 810324.0, 810324.0, 810324.0, 810324.0, 810324.0, 810324.0, 810324.0, 810324.0, 810324.0, 810324.0, 810324.0, 810324.0, 810324.0, 810324.0, 810324.0, 810324.0, 810324.0, 513537.55169420515, 810324.0, 
47.581646256071785, 688.1146104655425, 8503.074810392423, 8503.074810392423, 8000.610700739162, 800414.4406905166, 810324.0, 810324.0, 810324.0, 810324.0, 810324.0, 810324.0, 810324.0, 810324.0, 808818.1255632289, 810324.0, 810269.6316028155, 810324.0, 810324.0, 810324.0, 810324.0, 810324.0, 810324.0, 810324.0, 810324.0, 810324.0, 810324.0, 810324.0, 810324.0, 810324.0, 810324.0, 810324.0, 810324.0, 810324.0, 810324.0, 810324.0, 810324.0, 810324.0, 810324.0, 810324.0, 810324.0, 810324.0, 810324.0, 810324.0, 810324.0, 810324.0, 810324.0, 810324.0, 810324.0, 810324.0, 810324.0, 810324.0, 810324.0, 810324.0, 810324.0, 810324.0, 810324.0, 810324.0, 810324.0, 810324.0, 810190.6362387746, 810324.0, 810324.0, 810324.0, 810324.0, 810324.0, 810324.0, 810324.0, 810324.0, 810324.0, 810324.0, 810324.0, 810324.0, 810324.0, 810324.0, 810324.0, 810324.0, 810324.0, 810324.0, 810324.0, 810324.0, 810324.0, 810324.0, 810324.0, 810324.0, 810216.4975255248, 810324.0, 810324.0, 810324.0, 810324.0, 810324.0, 810324.0, 810324.0, 810324.0, 810324.0, 810324.0, 810324.0, 501494.01894544775, 809671.3210891341, 
37.18635264622022, 37.18635264622022, 8648.518756022988, 7363.0592516874485, 7363.0592516874485, 810324.0, 810324.0, 810324.0, 810324.0, 810324.0, 810324.0, 810324.0, 810324.0, 810324.0, 810125.9802515188, 810324.0, 810324.0, 810314.9045525875, 810324.0, 810324.0, 810324.0, 810324.0, 810324.0, 810324.0, 810324.0, 810324.0, 810324.0, 810324.0, 810324.0, 810324.0, 810324.0, 810324.0, 810324.0, 810324.0, 810324.0, 810324.0, 810324.0, 810324.0, 810324.0, 810324.0, 810324.0, 810324.0, 810324.0, 810324.0, 810324.0, 810324.0, 810324.0, 810324.0, 810324.0, 810324.0, 810324.0, 810324.0, 810324.0, 810324.0, 808646.2359782973, 808646.2359782973, 810324.0, 810324.0, 810324.0, 810324.0, 810324.0, 810324.0, 810324.0, 810324.0, 810324.0, 810324.0, 810324.0, 810324.0, 810324.0, 810324.0, 810324.0, 810324.0, 810324.0, 810324.0, 810324.0, 810324.0, 810324.0, 810324.0, 810324.0, 810217.7474568062, 805482.1890025375, 810324.0, 810324.0, 810324.0, 810324.0, 810324.0, 810324.0, 809689.2390774973, 810324.0, 810324.0, 810324.0, 810324.0, 808312.7270328775, 810324.0, 810324.0, 810324.0, 810324.0, 493262.546207886, 808639.2314298176, 
10.894030723417918, 10.894030723417918, 7289.028345074842, 7064.66875576531, 7064.66875576531, 810324.0, 810324.0, 810324.0, 810324.0, 810324.0, 810324.0, 810324.0, 810324.0, 810324.0, 810324.0, 810324.0, 810196.1959459031, 810324.0, 810324.0, 810324.0, 810324.0, 810324.0, 810324.0, 810324.0, 810324.0, 810324.0, 810324.0, 810324.0, 810324.0, 810324.0, 810324.0, 810324.0, 810324.0, 810324.0, 810324.0, 810324.0, 810324.0, 810324.0, 810324.0, 810324.0, 810324.0, 810324.0, 810324.0, 810324.0, 810324.0, 810324.0, 810324.0, 810324.0, 810324.0, 810324.0, 810324.0, 810324.0, 810324.0, 810324.0, 810324.0, 810324.0, 810324.0, 810324.0, 810324.0, 810324.0, 810324.0, 810324.0, 810324.0, 810324.0, 810324.0, 810324.0, 810324.0, 810119.8143150588, 810324.0, 810324.0, 810324.0, 810324.0, 810324.0, 810324.0, 809729.3540117362, 810324.0, 810324.0, 810324.0, 810324.0, 809860.5903536665, 810324.0, 810324.0, 810324.0, 810324.0, 810324.0, 810324.0, 810324.0, 810182.5531618609, 810324.0, 810324.0, 810324.0, 810324.0, 810324.0, 810324.0, 810324.0, 810324.0, 810324.0, 515560.7486766604, 810324.0, 
15.211934964090023, 15.211934964090023, 7973.360753261794, 7030.432494214136, 7030.432494214136, 810324.0, 810324.0, 810324.0, 810324.0, 810324.0, 810324.0, 810324.0, 810324.0, 810324.0, 810324.0, 810324.0, 810324.0, 808670.398516383, 810324.0, 810324.0, 810324.0, 810324.0, 810324.0, 810324.0, 810324.0, 810324.0, 810324.0, 810324.0, 810324.0, 810324.0, 810324.0, 810324.0, 810324.0, 810324.0, 810324.0, 810324.0, 810324.0, 810324.0, 810324.0, 810324.0, 810324.0, 810324.0, 810324.0, 810324.0, 810324.0, 810324.0, 810324.0, 810324.0, 810324.0, 810324.0, 810324.0, 810324.0, 810324.0, 810324.0, 810324.0, 810324.0, 810324.0, 810324.0, 810324.0, 810324.0, 810324.0, 810324.0, 809954.6120709697, 810324.0, 810324.0, 810324.0, 810324.0, 807480.015525435, 810324.0, 810324.0, 810324.0, 810324.0, 810324.0, 810324.0, 810324.0, 810324.0, 810324.0, 810324.0, 810324.0, 810222.4817973771, 810324.0, 810324.0, 810324.0, 810324.0, 810324.0, 810324.0, 810324.0, 810324.0, 810324.0, 810324.0, 810324.0, 810324.0, 810324.0, 810324.0, 810324.0, 810324.0, 810324.0, 511755.8273298944, 810220.4669614778, 
25.486350731201334, 25.486350731201334, 14135.815228891053, 9072.053653865605, 8875.363240479888, 806453.2148348959, 810324.0, 810324.0, 810324.0, 810324.0, 810324.0, 810324.0, 810324.0, 810324.0, 810324.0, 810324.0, 810324.0, 810324.0, 810324.0, 810324.0, 810324.0, 810324.0, 810324.0, 810324.0, 810324.0, 810324.0, 810324.0, 810324.0, 810324.0, 810324.0, 810324.0, 810324.0, 810324.0, 810324.0, 810324.0, 810324.0, 810324.0, 810324.0, 810324.0, 810324.0, 810324.0, 810324.0, 810324.0, 810324.0, 810324.0, 810324.0, 810324.0, 810324.0, 810324.0, 810324.0, 810324.0, 810324.0, 810324.0, 810324.0, 810324.0, 810324.0, 810324.0, 810324.0, 810324.0, 810324.0, 810324.0, 810324.0, 810324.0, 810324.0, 810324.0, 810324.0, 810324.0, 810324.0, 810324.0, 810324.0, 810324.0, 810324.0, 810324.0, 810324.0, 810324.0, 807331.5759035868, 810324.0, 810324.0, 810324.0, 810324.0, 810324.0, 810324.0, 810324.0, 810324.0, 810324.0, 810324.0, 810324.0, 810324.0, 810324.0, 810324.0, 810324.0, 810324.0, 810324.0, 810324.0, 810324.0, 810324.0, 810324.0, 494185.81741940894, 810237.2266164239, 
20.041871627160027, 20.041871627160027, 10007.310623040265, 8685.179923382031, 7167.229069702556, 810324.0, 810324.0, 810324.0, 810324.0, 810324.0, 810324.0, 810324.0, 810324.0, 810324.0, 810324.0, 810324.0, 810324.0, 810324.0, 810324.0, 810324.0, 810324.0, 810185.081343263, 810324.0, 810324.0, 810324.0, 810324.0, 810324.0, 810324.0, 810324.0, 810324.0, 810324.0, 810324.0, 810324.0, 810324.0, 810324.0, 810324.0, 810324.0, 810324.0, 810324.0, 810324.0, 810324.0, 810324.0, 810324.0, 810324.0, 810324.0, 810324.0, 810324.0, 810324.0, 810324.0, 810324.0, 810324.0, 810324.0, 810324.0, 810324.0, 809564.9618865987, 810324.0, 810324.0, 810324.0, 810324.0, 810324.0, 810324.0, 810324.0, 810324.0, 810324.0, 810324.0, 810324.0, 810324.0, 810324.0, 810324.0, 810324.0, 810324.0, 810324.0, 810324.0, 810324.0, 810324.0, 810324.0, 810324.0, 810324.0, 810324.0, 810324.0, 810200.6902123869, 810324.0, 810324.0, 810324.0, 810324.0, 810324.0, 810324.0, 810324.0, 810324.0, 810324.0, 810324.0, 810324.0, 810324.0, 810324.0, 810324.0, 810324.0, 810324.0, 504492.10441919527, 810286.4918245662, 
20.378917176830413, 20.378917176830413, 8747.762384250495, 8747.762384250495, 8747.762384250495, 810324.0, 810324.0, 810324.0, 810324.0, 810324.0, 810324.0, 810324.0, 810324.0, 810324.0, 810324.0, 810324.0, 810324.0, 810324.0, 810324.0, 810324.0, 810324.0, 810013.913236056, 810324.0, 810324.0, 810324.0, 810324.0, 810324.0, 810324.0, 810324.0, 810324.0, 810324.0, 810324.0, 810324.0, 810324.0, 810324.0, 810324.0, 810324.0, 810324.0, 810324.0, 810324.0, 810324.0, 810324.0, 810324.0, 810324.0, 810324.0, 810324.0, 810324.0, 810324.0, 810324.0, 808859.6372112117, 810324.0, 810324.0, 810324.0, 810324.0, 809398.0724382745, 810324.0, 810324.0, 810324.0, 810324.0, 810324.0, 808303.0674711198, 808548.6942724744, 810324.0, 810324.0, 810324.0, 810324.0, 810324.0, 810324.0, 810324.0, 810324.0, 810324.0, 810324.0, 810324.0, 810324.0, 809233.0785338196, 809061.5208697278, 810324.0, 810324.0, 810324.0, 810324.0, 810324.0, 810324.0, 810324.0, 810324.0, 810324.0, 810324.0, 810324.0, 810321.7074349609, 810321.7074349609, 810324.0, 810324.0, 810324.0, 810324.0, 810324.0, 810324.0, 810324.0, 810324.0, 511422.9998835721, 810322.3873085139, 
23.959788499182967, 133.93496769029917, 9313.728840829808, 8472.699154838127, 7577.189965989455, 808217.1558401719, 810324.0, 810324.0, 810324.0, 810324.0, 810303.041031926, 810324.0, 810324.0, 810324.0, 810324.0, 810324.0, 810324.0, 810324.0, 810324.0, 810324.0, 810324.0, 810324.0, 810324.0, 810324.0, 810324.0, 810324.0, 810324.0, 810324.0, 810324.0, 810324.0, 810324.0, 810324.0, 810324.0, 810324.0, 810324.0, 810324.0, 810324.0, 810324.0, 810324.0, 810324.0, 810324.0, 810324.0, 810324.0, 810324.0, 810324.0, 810324.0, 810324.0, 810324.0, 810324.0, 810324.0, 810324.0, 810324.0, 810324.0, 810324.0, 810324.0, 810324.0, 810324.0, 810324.0, 810324.0, 810324.0, 810324.0, 810324.0, 808497.3880578952, 810324.0, 810324.0, 810324.0, 810324.0, 809484.0842981891, 810163.9001006478, 810324.0, 810324.0, 810324.0, 810324.0, 810324.0, 810324.0, 810324.0, 810324.0, 810324.0, 810324.0, 810324.0, 810324.0, 810324.0, 810324.0, 810324.0, 810324.0, 810324.0, 810324.0, 810324.0, 810324.0, 810324.0, 810324.0, 810324.0, 810324.0, 810324.0, 810324.0, 810324.0, 810324.0, 508181.5792730615, 802987.328762021, 
