0.0, 0.0, 0.0, 0.0, 0.0, 11.41249015777399, 8.59221406158288, 10.189495469000185, 10.189495469000185, 10.014059057212684, 0.7593241326869631, 1.9786923845361137, 32.650188342683705, 32.650188342683705, 32.650188342683705, 32.650188342683705, 34.41727768853042, 22.180509641437993, 22.180509641437993, 22.180509641437993, 37.79226217880773, 32.36360707707897, 15.745129832026771, 15.231831320033702, 15.231831320033702, 36.523219789730156, 36.523219789730156, 36.523219789730156, 36.523219789730156, 62.72498559620457, 77.13077425364416, 77.13077425364416, 76.49224916707854, 76.49224916707854, 83.50730062189234, 99.25881137435259, 96.13942044136536, 96.13942044136536, 96.13942044136536, 94.46746583995917, 73.87928773601635, 73.87928773601635, 73.87928773601635, 68.17147664149273, 63.02238476077066, 79.490223803619, 77.89938549491654, 84.96678547182026, 84.62139118175904, 81.55239475959921, 29.197016653719967, 29.197016653719967, 30.071867538769073, 30.071867538769073, 21.998633135448507, 55.88586629649153, 55.88586629649153, 83.1679814388157, 83.1679814388157, 83.1679814388157, 71.80272770744615, 63.5122976413941, 60.4832088667722, 57.70677676997449, 75.69971467656518, 78.35823540263999, 78.35823540263999, 46.63873020682544, 44.214079332843056, 52.74021429246288, 67.1292866850583, 60.578380476227025, 61.56144342305606, 61.56144342305606, 52.317591273702845, 31.90167730012719, 31.706763116860635, 50.62623133257251, 45.44811277021208, 29.694121857652974, 25.22648702590132, 25.221077774208442, 29.88244423515153, 29.51656769188657, 29.51656769188657, 19.197047867171136, 18.895802793142735, 8.667376361542004, 8.667376361542004, 8.667376361542004, 8.667376361542004, 8.667376361542004, 0.0, 0.0, 0.0, 0.0, 0.0, 0.0, 17.87847457021182, 
0.0, 0.0, 0.0, 0.0, 0.0, 13.018461743734173, 12.068761148684231, 9.032114916458482, 9.032114916458482, 9.032114916458482, 1.681123647756877, 5.362944578839732, 33.53631123848273, 33.53631123848273, 33.53631123848273, 33.53631123848273, 36.13636767499585, 19.72116495161326, 19.20714445187657, 17.00542134597029, 30.12186122068036, 29.278259464981232, 13.116439874710068, 13.116439874710068, 13.116439874710068, 36.558220811288265, 36.558220811288265, 36.558220811288265, 36.558220811288265, 63.27740427533501, 78.89044536210837, 78.89044536210837, 78.89044536210837, 78.89044536210837, 81.91835191844751, 96.3557752837718, 96.3557752837718, 96.3557752837718, 96.3557752837718, 92.6282475753761, 75.50671849779879, 73.24281073525626, 71.0183397022952, 69.77099521701473, 60.44178274376794, 75.93390325813098, 75.93390325813098, 83.1550770245456, 83.1550770245456, 76.09015800345489, 37.172710580028514, 37.172710580028514, 39.913739938328845, 39.913739938328845, 25.89029774355962, 54.890634074731594, 54.890634074731594, 88.33414889388776, 87.75340121068142, 83.49739982478097, 65.04977247429392, 65.04977247429392, 56.593806485547674, 56.593806485547674, 71.70369499529363, 72.03099974193235, 72.03099974193235, 44.31663460361917, 43.013031784905884, 51.97345240492904, 61.59736788094969, 61.59736788094969, 61.38639430706749, 61.38639430706749, 51.054337086289266, 34.630124823410796, 34.630124823410796, 47.10043932307357, 42.70453693257048, 36.94642631441173, 22.712828492989818, 22.712828492989818, 29.18179937666037, 28.10826408642235, 28.10826408642235, 20.27341480344363, 18.129255115343867, 11.091586941030732, 10.117845520307661, 9.939634665872335, 9.510531840771193, 9.510531840771193, 0.0, 0.0, 0.0, 0.0, 0.0, 0.0, 19.36305235654106, 
0.0, 0.0, 0.0, 0.0, 0.0, 11.367631294148099, 8.696185907772357, 7.9413183730988735, 7.9413183730988735, 7.9413183730988735, 0.0, 4.619372447330706, 37.2543458714147, 37.2543458714147, 37.03417961398199, 34.717899444395854, 36.272305989383696, 19.58144073009126, 19.58144073009126, 19.58144073009126, 36.480894837443586, 28.058654425443997, 13.0672920545558, 13.0672920545558, 13.0672920545558, 36.783801991173625, 36.783801991173625, 36.783801991173625, 36.783801991173625, 60.83759029883805, 77.06632804202002, 72.88518117353581, 72.88518117353581, 72.88518117353581, 79.30252947776506, 90.23602411265348, 90.23602411265348, 90.23602411265348, 90.23602411265348, 91.12903511921455, 75.73978635768263, 70.67837999996793, 70.67837999996793, 70.67837999996793, 64.5817489057014, 81.22251213388893, 81.22251213388893, 85.43082952712987, 82.23346476460999, 76.42644635986372, 37.52773587226571, 37.52773587226571, 31.74922942283236, 31.74922942283236, 22.752988496783125, 55.02243076671877, 55.02243076671877, 83.34328689201097, 80.9172011281799, 80.9172011281799, 67.65771654131848, 67.65771654131848, 54.50766642054029, 54.29022058209135, 68.60303193515955, 69.85676226777471, 69.85676226777471, 48.51092615320412, 44.77313483929544, 53.11905144278405, 61.29925878308434, 61.29925878308434, 61.29925878308434, 60.47081779594759, 50.2411296770687, 27.85615098102832, 27.85615098102832, 43.13899587936809, 43.13899587936809, 31.388410592258033, 22.906091607209575, 22.906091607209575, 28.784170603305974, 28.784170603305974, 26.65384327385773, 16.36521089024235, 16.36521089024235, 8.178536739263883, 8.178536739263883, 8.178536739263883, 8.178536739263883, 8.178536739263883, 0.0, 0.0, 0.0, 0.0, 0.0, 0.0, 19.489687725730327, 
0.0, 0.0, 0.0, 0.0, 0.0, 11.739328359747496, 11.500303400543082, 14.05245324979519, 7.364538560396753, 7.364538560396753, 2.2504609772052344, 8.35563356990066, 34.54054101242457, 34.54054101242457, 34.54054101242457, 34.54054101242457, 35.31047017306128, 21.66712909273648, 21.66712909273648, 17.68439857159018, 33.71888582058929, 31.33203528873898, 15.122759129435554, 14.851883666567176, 14.851883666567176, 36.45291329838811, 36.45291329838811, 36.45291329838811, 36.45291329838811, 64.59111311575928, 78.86588094169377, 78.86588094169377, 78.86588094169377, 75.51597617229481, 81.2230879606778, 95.2778612754008, 94.42520966774308, 94.42520966774308, 94.42520966774308, 93.10542602143113, 67.44227128157488, 67.44227128157488, 67.44227128157488, 67.44227128157488, 60.58762602903464, 77.02541573084065, 77.02541573084065, 83.28824162377495, 82.94813034541859, 76.11211436349524, 36.357684491272764, 36.357684491272764, 28.6040437781162, 28.6040437781162, 17.64291627759676, 47.196109708686194, 47.196109708686194, 79.05874690229048, 79.05874690229048, 79.05874690229048, 68.02178043823594, 67.79776844955597, 60.23410296445827, 60.23410296445827, 76.51201433932302, 72.79035676196719, 72.79035676196719, 50.12360556795515, 43.73231510551754, 56.13412160111081, 62.69250135107423, 62.69250135107423, 62.69250135107423, 62.69250135107423, 52.69250749742935, 35.38036303296567, 30.047532111912716, 44.8558209949861, 44.8558209949861, 34.573720004417005, 29.256436420992223, 28.774073588307346, 31.60401203331848, 27.616475874874894, 27.616475874874894, 23.367393449436598, 20.327980228742916, 15.429310827305251, 12.093964810776736, 10.531694985871056, 10.2065111971216, 10.2065111971216, 0.0, 0.0, 0.0, 0.0, 0.0, 0.0, 22.064391139315454, 
0.0, 0.0, 0.0, 0.0, 0.0, 12.461815874371842, 11.025573452404904, 11.291042701303265, 7.728872661120473, 7.728872661120473, 0.0, 3.5763982297089836, 34.184768982649445, 34.184768982649445, 34.184768982649445, 34.184768982649445, 33.41907965990395, 18.42324794120974, 18.010180058156873, 18.010180058156873, 34.533695374618546, 30.144849659260565, 13.95133490115213, 13.95133490115213, 13.95133490115213, 36.87722474937539, 36.87722474937539, 36.87722474937539, 36.87722474937539, 61.947120843384916, 76.26612025608063, 76.26612025608063, 76.26612025608063, 76.26612025608063, 81.3224837627491, 94.52975133568344, 94.52975133568344, 94.52975133568344, 94.52975133568344, 94.99738872615347, 70.33354953570165, 70.33354953570165, 70.33354953570165, 69.7163719551245, 62.088573460646586, 77.0678944552249, 77.0678944552249, 77.32363709257788, 77.32363709257788, 67.55919843167437, 32.73084678649888, 32.73084678649888, 34.3724264070686, 34.3724264070686, 17.41645624876549, 51.40857159817491, 51.40857159817491, 81.25016519101189, 81.25016519101189, 81.25016519101189, 66.84508210678138, 64.47433131392964, 59.66662960402144, 59.66662960402144, 76.77105808324065, 76.15138994310374, 76.15138994310374, 45.61142016439163, 43.44325754782048, 53.655501755856335, 59.7941139807248, 59.7941139807248, 59.7941139807248, 59.7941139807248, 48.78901807211162, 26.941427532182043, 26.941427532182043, 41.15260508183073, 41.15260508183073, 28.2628064749078, 23.074592084074112, 23.074592084074112, 26.930777990873644, 26.930777990873644, 26.930777990873644, 19.546532550275487, 19.546532550275487, 14.154743211418921, 10.271090784318844, 9.158707975535798, 9.158707975535798, 9.158707975535798, 0.0, 0.0, 0.0, 0.0, 0.0, 0.0, 17.814842811147408, 
0.0, 0.0, 0.0, 0.0, 0.0, 12.323199341700322, 8.178733679143683, 8.895316456300456, 8.895316456300456, 8.895316456300456, 0.0, 4.505226106962832, 36.47008326785729, 29.23171743837525, 29.23171743837525, 29.23171743837525, 29.0631144289223, 16.1428402853757, 16.1428402853757, 16.1428402853757, 32.50892119944135, 31.84872392354587, 15.173031533144885, 15.173031533144885, 15.173031533144885, 38.83108636672258, 38.83108636672258, 38.83108636672258, 38.83108636672258, 59.05549349826047, 74.96369673411984, 74.96369673411984, 74.96369673411984, 74.96369673411984, 82.16922935035196, 95.28973024042895, 95.28973024042895, 95.28973024042895, 93.72161566116196, 91.36468025141401, 75.48528335128444, 75.48528335128444, 70.3980939463857, 70.3980939463857, 62.65590333298831, 78.85629434118658, 76.84464883770676, 78.93181658888157, 78.93181658888157, 71.19385093525993, 32.363723904718114, 32.363723904718114, 34.53264145959217, 34.53264145959217, 19.944987705193917, 51.81504135065603, 51.81504135065603, 84.51687720383133, 84.51687720383133, 84.51687720383133, 72.81340699966945, 71.10342042979822, 59.433060888323226, 55.7793678966008, 70.67297144271862, 71.18115064913829, 71.18115064913829, 45.91591493994082, 44.65341467932814, 57.9669608657875, 63.57081778168718, 63.57081778168718, 63.57081778168718, 63.57081778168718, 52.89505913036987, 37.33734370573755, 25.149793463707283, 38.87940641185263, 38.87940641185263, 27.2425198987416, 22.602452058172663, 22.602452058172663, 25.431523504414816, 24.28074390905069, 24.28074390905069, 15.560939900541552, 15.560939900541552, 8.685755659701943, 8.685755659701943, 8.685755659701943, 8.685755659701943, 8.685755659701943, 0.0, 0.0, 0.0, 0.0, 0.0, 0.0, 18.537799492467762, 
0.0, 0.0, 0.0, 0.0, 0.0, 16.0335475297176, 10.752990405706747, 13.154071200215393, 12.178632390182216, 12.114688632405784, 0.0, 3.4691902563475097, 35.63883639510323, 35.63883639510323, 35.63883639510323, 32.46942983373363, 31.79193153454454, 17.51744662514798, 17.51744662514798, 17.51744662514798, 34.31980622877387, 32.655613732433295, 15.733989381922713, 15.045005306183599, 15.045005306183599, 37.286766152537226, 37.286766152537226, 37.286766152537226, 37.286766152537226, 64.35910743077068, 78.01137295692327, 78.01137295692327, 78.01137295692327, 78.01137295692327, 83.8307906661809, 97.49449456056293, 97.49449456056293, 96.4727269959958, 93.70401136693359, 91.5657809185331, 74.18591324678485, 70.91899683107795, 70.91899683107795, 70.91899683107795, 65.78307858790592, 78.77817717914758, 78.01581884648954, 82.76381789912128, 82.76381789912128, 74.89077643786727, 33.951860072940136, 33.951860072940136, 34.243847963024656, 31.78630395939668, 23.774606127593636, 55.52044155239898, 55.52044155239898, 84.44690315488282, 84.44690315488282, 84.44690315488282, 66.02885754766722, 65.85205286396757, 59.740566311490355, 58.929675848193746, 74.80708505681474, 73.3637378879368, 73.3637378879368, 45.12227357651839, 45.12227357651839, 56.77071340982273, 66.60356838246366, 63.79740455449301, 64.90262872129269, 61.00846464534985, 53.2326076056008, 29.479344361478024, 29.479344361478024, 48.27784929528062, 48.27784929528062, 36.08675448670104, 28.229336675715565, 28.229336675715565, 29.660947872028, 28.763694217545105, 28.763694217545105, 15.940797142408705, 15.940797142408705, 9.201733626324526, 8.84178852069319, 8.84178852069319, 8.84178852069319, 8.84178852069319, 0.0, 0.0, 0.0, 0.0, 0.0, 0.0, 19.89077980769197, 
0.0, 0.0, 0.0, 0.0, 0.0, 13.970782380863472, 10.211158494182849, 9.640140167890456, 9.640140167890456, 9.640140167890456, 2.783392718112605, 6.323526108179804, 37.15469469878612, 36.58648763275558, 34.664315767033784, 34.664315767033784, 37.998222395566046, 22.984708057678695, 16.43172152051181, 16.43172152051181, 34.168938860897455, 32.48872244483408, 15.910607938805281, 15.902099353713615, 15.291012416616397, 37.566601033100085, 37.566601033100085, 36.159531327303874, 36.159531327303874, 63.67370347396141, 81.5467076283457, 80.56450349987409, 80.56450349987409, 79.6581921352039, 82.38219112647593, 95.13630980551036, 95.13630980551036, 95.13630980551036, 95.13630980551036, 92.03141839126896, 69.63705109292195, 68.19985780433687, 68.19985780433687, 68.19985780433687, 62.175950015291065, 77.10993219770211, 77.10993219770211, 84.37976650700958, 82.74353008055735, 75.27008350239068, 34.81701376227339, 34.81701376227339, 33.9517306111957, 33.9517306111957, 27.020477143113464, 53.74413581989783, 53.74413581989783, 86.68550973959543, 86.68550973959543, 83.97231486874341, 66.3134842454456, 66.3134842454456, 59.640585013668904, 58.82493297104675, 71.44302639908494, 76.79547827287767, 70.19747952198502, 45.62939433108933, 45.62939433108933, 54.5199717378771, 65.25172195897741, 60.15398488589062, 60.15398488589062, 59.76554582116273, 50.86703459068147, 30.470103389110392, 30.470103389110392, 48.68793692529373, 48.63842745939856, 32.56975377790634, 28.831671617570223, 26.367298943823158, 29.91276082087901, 29.29447428454291, 29.29447428454291, 18.00272726286181, 17.72664344418397, 9.010143708535871, 9.002722006955434, 9.002722006955434, 9.002722006955434, 9.002722006955434, 0.0, 0.0, 0.0, 0.0, 0.0, 0.0, 19.36523608542109, 
0.0, 0.0, 0.0, 0.0, 0.0, 11.27942310746001, 9.159860100352624, 10.184412287024102, 6.596071186236195, 6.596071186236195, 2.6861744821102516, 7.47733915515677, 38.9010666061104, 37.52328850424839, 37.04456226001298, 34.71963663772508, 33.79494297953232, 21.343856106646562, 21.343856106646562, 21.343856106646562, 38.416102787576406, 31.99426118102758, 15.306983862107451, 15.306983862107451, 16.47086651697036, 37.28588758324125, 37.28588758324125, 37.28588758324125, 37.28588758324125, 66.80180363898899, 78.70219063050504, 78.07568071344801, 77.5780862389339, 77.5780862389339, 84.24208269030973, 99.31044111233207, 99.31044111233207, 98.55634659972695, 98.55634659972695, 97.06676609709632, 73.88782477722013, 72.25071587629199, 72.25071587629199, 72.25071587629199, 65.34135149678167, 78.71128996892199, 77.22791285058324, 82.9248550566727, 82.9248550566727, 70.9017473807621, 42.93406038728327, 40.44794734492547, 36.808814399595555, 34.70207567555801, 26.595114256322496, 57.425395935387634, 56.66718110162188, 88.10104546981945, 82.72517056230669, 82.72517056230669, 64.98333960232961, 64.98333960232961, 56.09277411490561, 56.09277411490561, 71.65464147062663, 73.8731305726541, 73.8731305726541, 47.85101391981191, 47.85101391981191, 51.29822184431461, 59.516867342007515, 59.516867342007515, 59.516867342007515, 59.516867342007515, 56.97268751929286, 30.742527250080656, 30.742527250080656, 47.78884110856892, 47.78884110856892, 27.973565728476935, 25.068621916161554, 25.068621916161554, 28.335353419608126, 27.599773918592753, 27.599773918592753, 19.236912941701906, 17.550071495889146, 13.33068454694845, 10.531780794325599, 10.516638585009332, 10.516638585009332, 7.626523457955457, 0.0, 0.0, 0.0, 0.0, 0.0, 0.0, 23.465464151573954, 
0.0, 0.0, 0.0, 0.0, 0.0, 11.95578382894965, 11.95578382894965, 12.213566624150308, 10.454395690625923, 8.354609880912086, 0.3179989041041651, 1.8032354036586185, 33.85484563667998, 33.85484563667998, 33.85484563667998, 33.85484563667998, 36.38683272393435, 17.54636601956345, 17.54636601956345, 17.54636601956345, 32.64062106666648, 31.26442797299145, 13.443387344448695, 13.443387344448695, 13.443387344448695, 38.49601775363593, 38.49601775363593, 37.637136066109726, 37.637136066109726, 62.6693983364612, 78.87355381753989, 78.87355381753989, 78.87355381753989, 71.16475507992097, 79.11683041886955, 93.77791101006697, 93.77791101006697, 93.77791101006697, 93.77791101006697, 92.04033496484813, 70.84024895629712, 70.84024895629712, 70.84024895629712, 70.84024895629712, 66.15677299369342, 82.72966507943761, 75.11527664066674, 81.95797379325444, 81.95797379325444, 71.25698717535435, 33.18909387665241, 33.18909387665241, 34.24899934882304, 34.24899934882304, 20.251098506875735, 52.545504286756056, 52.545504286756056, 84.24792146907801, 83.34251853620285, 81.87434021433516, 68.21791257269413, 66.11679934164358, 60.72237031723675, 60.72237031723675, 71.12375477140377, 74.82889064059562, 74.82889064059562, 48.366430332865235, 44.43660545200821, 53.401514117304096, 62.376582490004616, 62.376582490004616, 62.79453938318729, 62.79453938318729, 53.47902366340161, 27.11144177982547, 27.11144177982547, 44.70423978537117, 44.70423978537117, 28.43281876736701, 21.041432726623793, 21.041432726623793, 26.4776307934246, 26.4776307934246, 26.4776307934246, 17.622538784249194, 17.622538784249194, 9.651768734596821, 9.651768734596821, 9.564637503448541, 8.667453577016012, 8.667453577016012, 0.0, 0.0, 0.0, 0.0, 0.0, 0.0, 19.129475979993245, 
0.0, 0.0, 0.0, 0.0, 0.0, 10.189613509329769, 10.189613509329769, 12.704900089038958, 12.704900089038958, 7.940389765564255, 0.0, 5.328397304081477, 30.91478731321719, 28.43028032453132, 28.43028032453132, 28.43028032453132, 30.256179548421468, 17.365390419530826, 17.365390419530826, 17.365390419530826, 31.92615784254345, 30.100258618653303, 14.560767423012624, 14.560767423012624, 14.560767423012624, 37.60100895641993, 37.60100895641993, 37.60100895641993, 37.60100895641993, 62.55318051307009, 75.267889578159, 75.267889578159, 75.267889578159, 75.267889578159, 80.68024051358553, 92.04103507220304, 92.04103507220304, 92.04103507220304, 92.04103507220304, 90.22488523904661, 72.40106222869115, 72.40106222869115, 72.40106222869115, 72.39115706262979, 65.00744085325333, 81.56885729401105, 81.56885729401105, 90.39392851373121, 82.47084797483565, 73.48804961892787, 26.3326475966097, 26.3326475966097, 26.92612189776894, 26.92612189776894, 15.782058307096879, 47.18867140021622, 47.18867140021622, 78.37603408925318, 78.37603408925318, 78.37603408925318, 72.11582390094134, 71.18816593170928, 60.93585117926392, 60.93585117926392, 76.09851371795045, 73.77932509072664, 73.77932509072664, 49.81169740454642, 43.45714821250226, 52.14593784145977, 59.33826196974063, 59.33826196974063, 59.33826196974063, 59.33826196974063, 47.43569837612928, 34.182806726138544, 33.5984429437022, 43.65573031988402, 43.65573031988402, 28.375452323029954, 25.71920523122781, 24.63240895866477, 26.25900993381466, 26.25900993381466, 26.25900993381466, 20.823936923247736, 18.79966153706718, 11.101666651506218, 10.387436010137181, 9.201015372589477, 9.064357911489783, 9.064357911489783, 0.0, 0.0, 0.0, 0.0, 0.0, 0.0, 19.9964495304918, 
0.0, 0.0, 0.0, 0.0, 0.0, 13.164395212654801, 11.657764349050202, 14.191316744192074, 8.261327962568803, 8.261327962568803, 0.0, 5.557037144427699, 35.2959691521239, 35.2959691521239, 35.2959691521239, 35.2959691521239, 33.05043448345702, 20.7057405886694, 16.44494401097502, 16.44494401097502, 28.352208765252342, 26.3182258949059, 11.907264754277321, 11.907264754277321, 11.907264754277321, 36.84271427200911, 36.84271427200911, 36.84271427200911, 36.54319464555452, 65.83756342548776, 73.62110131632406, 73.62110131632406, 73.62110131632406, 73.62110131632406, 81.46664243004767, 98.37724716161591, 97.71008589125789, 96.70176824698054, 96.70176824698054, 98.65102733615691, 76.80341756405456, 72.72777474813252, 72.72777474813252, 72.72777474813252, 67.55415361585375, 80.5379640186707, 77.84221634562726, 84.12799011052189, 84.12799011052189, 70.50714572193064, 38.531609122917786, 37.221259483124655, 37.70043608848813, 37.70043608848813, 24.70185969554283, 56.25618672135954, 56.25618672135954, 86.82767335298075, 84.95524249354334, 82.834108706803, 70.76677895427281, 70.76677895427281, 60.457573182630135, 58.8549880145749, 73.89733909446778, 73.79303810387194, 73.79303810387194, 43.905950921746765, 43.905950921746765, 55.97811363232527, 65.23432643614262, 62.931917557046916, 62.931917557046916, 62.931917557046916, 51.68917122824209, 27.06123802200075, 27.06123802200075, 41.82223148781043, 41.82223148781043, 28.463041165543572, 25.083411527973205, 25.083411527973205, 27.85989854253384, 27.85989854253384, 27.85989854253384, 17.537480480370316, 17.537480480370316, 8.537166569781856, 8.537166569781856, 8.537166569781856, 8.537166569781856, 8.537166569781856, 0.0, 0.0, 0.0, 0.0, 0.0, 0.0, 18.715485445926397, 
0.0, 0.0, 0.0, 0.0, 0.0, 8.997371740777456, 8.997371740777456, 10.286938819447487, 10.286938819447487, 10.286938819447487, 0.0, 3.9271963563648704, 35.83961824580968, 35.83961824580968, 35.83961824580968, 35.83961824580968, 34.68370862616142, 22.97269140648728, 16.964056514209158, 16.964056514209158, 30.516374893274403, 28.65581313409836, 13.552318379065245, 13.552318379065245, 13.552318379065245, 36.79243862052277, 36.79243862052277, 36.79243862052277, 35.4084592931595, 63.62666908110897, 75.14311419329697, 72.43275067488094, 72.43275067488094, 72.43275067488094, 77.86867899573953, 93.96978874300625, 93.96978874300625, 93.96978874300625, 93.96978874300625, 92.40277376157695, 72.2084895406581, 72.2084895406581, 68.86798517284818, 68.86798517284818, 63.935522246473646, 82.15118286542301, 76.38813975640309, 84.15412780231257, 84.15412780231257, 80.34166543769402, 36.64975236978506, 35.28555483316577, 39.244931464382915, 30.633480565232677, 17.80679637612422, 50.6719800913161, 50.6719800913161, 82.27104821637907, 82.27104821637907, 82.27104821637907, 69.47314119896785, 69.47314119896785, 55.90514901099193, 54.5431286512938, 68.14604235847752, 69.8869460624246, 69.8869460624246, 47.91586810405534, 41.32536418982585, 55.25993339632262, 63.58760906401898, 63.58760906401898, 63.58760906401898, 63.58760906401898, 52.22481470663112, 28.747903598811725, 28.747903598811725, 45.145173171130736, 45.145173171130736, 31.38357059866823, 26.743684973715645, 26.743684973715645, 26.759285204484257, 28.013468809810615, 28.013468809810615, 18.05515144924638, 18.05515144924638, 10.32740393922661, 9.980235352915903, 9.980235352915903, 7.460783543526379, 7.460783543526379, 0.0, 0.0, 0.0, 0.0, 0.0, 0.0, 18.45426470095218, 
0.0, 0.0, 0.0, 0.0, 0.0, 10.608043932616699, 10.608043932616699, 10.607633812954719, 10.607633812954719, 10.607633812954719, 0.0, 3.800264850929242, 34.34765685476432, 34.34765685476432, 34.34765685476432, 34.34765685476432, 32.441100107735274, 19.07615832666801, 18.227223287962804, 16.499324974571422, 30.754606383977844, 29.726418827866027, 11.894103263810418, 11.894103263810418, 11.894103263810418, 34.994460344688925, 34.994460344688925, 34.994460344688925, 34.994460344688925, 58.74071191345912, 71.17245242906085, 71.17245242906085, 71.17245242906085, 71.17245242906085, 77.71015480725207, 92.64564356830365, 92.64564356830365, 92.64564356830365, 92.64564356830365, 89.87957673739155, 74.6924112282437, 70.18243030356794, 70.18243030356794, 70.18243030356794, 58.11899057518133, 73.22887761397163, 73.22887761397163, 79.72156651802275, 79.72156651802275, 74.8974557733434, 41.910690684607644, 36.36756004749749, 31.25613652510954, 31.25613652510954, 18.54067526136144, 51.94618609205832, 51.94618609205832, 83.65567261183573, 83.65567261183573, 83.65567261183573, 68.84921197639557, 68.84921197639557, 59.60446714648857, 55.44529255307282, 69.41054534563197, 72.18745218062948, 72.18745218062948, 47.03671357791217, 46.395520541274536, 55.44288623343937, 64.37698089168755, 61.90773792094655, 60.43070673787813, 60.43070673787813, 50.064721479986815, 28.783699735758155, 28.783699735758155, 43.2557938242593, 43.2557938242593, 28.959987177067077, 24.159112250165165, 24.159112250165165, 25.866690585585882, 25.866690585585882, 25.866690585585882, 16.179672423921858, 16.179672423921858, 9.924273258244193, 9.816295286025206, 9.816295286025206, 9.816295286025206, 9.816295286025206, 0.0, 0.0, 0.0, 0.0, 0.0, 0.0, 22.286541428666773, 
0.0, 0.0, 0.0, 0.0, 0.0, 11.202590265050857, 11.202590265050857, 13.692647809071767, 9.431192298112759, 9.431192298112759, 0.0, 1.9113907656532518, 33.586547168346804, 33.586547168346804, 33.586547168346804, 33.586547168346804, 32.098547050873954, 16.510095299499476, 16.510095299499476, 16.510095299499476, 32.38647730411843, 31.963086655938028, 14.74885081737414, 14.74885081737414, 14.74885081737414, 36.88161956927509, 36.88161956927509, 36.041372246986874, 36.041372246986874, 63.53236604996678, 75.6418660617749, 75.6418660617749, 74.79868595505462, 74.79868595505462, 80.36990736128112, 95.19483944197799, 95.19483944197799, 95.19483944197799, 95.19483944197799, 94.76984315458489, 71.80028112012424, 71.80028112012424, 71.80028112012424, 71.80028112012424, 62.88940989991278, 80.20212221579771, 80.20212221579771, 82.30307492870293, 82.30307492870293, 72.65462715113392, 34.96488522362045, 34.96488522362045, 38.27561216710022, 27.747037925634107, 23.371866501476795, 55.761002286607074, 55.761002286607074, 86.54896956025472, 81.48247733654827, 81.48247733654827, 68.12399176916614, 65.31456266670418, 59.387991010501906, 59.387991010501906, 75.43011051467221, 75.784599097567, 75.784599097567, 44.10131817769923, 44.10131817769923, 56.31758846759985, 63.6587834859363, 63.6587834859363, 63.72744105441159, 62.157556967535974, 53.27172604170529, 29.009419490458896, 29.009419490458896, 47.15149073488158, 47.15149073488158, 30.760362151698537, 29.364911256048718, 29.364911256048718, 33.395533219186675, 31.499259756223893, 30.607475719150482, 17.75396269985177, 17.695113097846843, 10.776707663495463, 10.228539081804616, 10.228539081804616, 10.228539081804616, 9.795720320847938, 0.0, 0.0, 0.0, 0.0, 0.0, 0.0, 17.319908140486795, 
0.0, 0.0, 0.0, 0.0, 0.0, 10.534102324067128, 10.534102324067128, 11.635881250805857, 10.458948688774617, 10.458948688774617, 2.067531885434194, 5.57248786604038, 33.35762674836177, 33.35762674836177, 33.35762674836177, 33.35762674836177, 34.835961570738476, 20.39265254814351, 17.304220570221865, 17.304220570221865, 35.23680806702438, 35.23680806702438, 16.635698711529773, 14.623437459414063, 14.623437459414063, 39.3085404233253, 38.155037480537956, 38.155037480537956, 38.155037480537956, 68.3920176295778, 80.03309416415459, 76.30499378643648, 76.30499378643648, 76.30499378643648, 83.76821097795808, 99.58362489916604, 99.58362489916604, 95.72533457406931, 95.72533457406931, 93.31244326748379, 74.10398754118427, 71.33184475528701, 71.33184475528701, 71.33184475528701, 65.6586444174674, 80.76295573509195, 80.76295573509195, 85.7153540672911, 85.7153540672911, 79.49294306496601, 36.2347841444797, 36.2347841444797, 37.64221327125817, 37.64221327125817, 24.276364665243406, 56.575544645653366, 54.17873411418174, 85.62646207931044, 85.62646207931044, 84.5193568887847, 74.50216033895907, 66.46143106202499, 57.60466186003099, 57.60466186003099, 71.69546096954033, 75.58438333632618, 75.58438333632618, 46.191198488624075, 46.191198488624075, 56.6089064869168, 61.547461373244275, 61.547461373244275, 62.70446980435487, 62.70446980435487, 56.776075757637244, 39.007179954101815, 30.298393341966058, 45.284155605049534, 45.7471306034395, 29.69084488967122, 25.744993109202323, 25.308232478250055, 24.647100717943026, 24.647100717943026, 24.647100717943026, 14.962438820520063, 14.962438820520063, 8.179885194554277, 8.179885194554277, 8.179885194554277, 7.636408000248011, 7.636408000248011, 0.0, 0.0, 0.0, 0.0, 0.0, 0.0, 18.729578373559868, 
0.0, 0.0, 0.0, 0.0, 0.0, 13.08813927314906, 10.61823894037981, 13.660876761627797, 13.660876761627797, 12.157671102205297, 0.0, 2.144289085359013, 33.95160298663302, 33.85445394926466, 33.85445394926466, 33.85445394926466, 33.88828387075074, 18.69572677029032, 18.69572677029032, 17.272109824099577, 33.9973648793009, 30.944615173387724, 14.862878650063942, 13.574449607100636, 13.574449607100636, 36.51147986390289, 36.51147986390289, 36.51147986390289, 36.51147986390289, 60.44037520773002, 72.49658356100372, 72.49658356100372, 72.49658356100372, 72.49658356100372, 77.39261150201324, 93.3111937212229, 93.3111937212229, 93.3111937212229, 93.3111937212229, 92.99649137392258, 65.56981368174752, 65.56981368174752, 65.56981368174752, 65.56981368174752, 60.5648486852445, 77.19615894827592, 77.19615894827592, 84.08731303808673, 84.08731303808673, 75.58703110559183, 42.359310274908275, 34.22541190020125, 36.88018094342764, 36.88018094342764, 17.39404894834475, 49.755511802831876, 49.755511802831876, 81.17859344742527, 81.17859344742527, 81.17859344742527, 67.32418555922169, 67.32418555922169, 59.78588084459848, 58.70810098219791, 75.30357397311658, 79.19862488899585, 73.41450988460457, 51.886481756039046, 46.701907663159524, 54.99944649704525, 60.092322525812484, 60.092322525812484, 60.24846950734129, 60.24846950734129, 50.80512967404456, 30.230068870046832, 30.069143267864177, 46.235502201535866, 46.235502201535866, 31.786772925834107, 27.842302780205124, 24.38463148642319, 28.107731977839506, 28.107731977839506, 28.107731977839506, 17.04875622243516, 17.04875622243516, 9.397417412227348, 9.397417412227348, 8.48486345401151, 8.48486345401151, 8.48486345401151, 0.0, 0.0, 0.0, 0.0, 0.0, 0.0, 19.5035079888795, 
0.0, 0.0, 0.0, 0.0, 0.0, 11.690396001435468, 9.31060876994454, 11.471623247947742, 11.471623247947742, 11.471623247947742, 0.2252020569273192, 0.0, 30.60165534706782, 30.60165534706782, 30.60165534706782, 30.60165534706782, 30.60165534706782, 14.414372527682112, 14.414372527682112, 14.414372527682112, 27.68740049313428, 27.68740049313428, 13.273027965452169, 13.273027965452169, 13.273027965452169, 34.50852140846282, 34.50852140846282, 34.50852140846282, 34.50852140846282, 57.12420833575037, 71.65784387516334, 71.65784387516334, 71.65784387516334, 71.65784387516334, 79.1695109031393, 91.84474765149399, 91.84474765149399, 91.84474765149399, 91.84474765149399, 91.22397680300092, 78.59605781755235, 68.64182772354859, 68.64182772354859, 68.64182772354859, 60.31912307251257, 76.24079488716532, 76.24079488716532, 83.44834780419698, 83.44834780419698, 75.42939984313807, 37.65003028182186, 37.65003028182186, 40.10405024490488, 36.669899794638, 26.99058387981578, 56.31256318077558, 56.18031465069478, 83.02228507139851, 83.02228507139851, 83.02228507139851, 64.86252566418949, 63.95278034816977, 56.78255364725351, 56.78255364725351, 69.00240586558704, 69.48194279031134, 69.48194279031134, 42.24482788066666, 41.7931019511944, 50.55893766855275, 65.88410039888632, 65.73720981032363, 62.16410728877671, 62.16410728877671, 56.684885766965, 31.41602465337774, 27.629219510083303, 42.27521592916499, 42.27521592916499, 31.209971298083467, 25.329275556823923, 22.535653084767898, 25.276500614043428, 25.276500614043428, 24.89683232967992, 18.511174365696622, 18.511174365696622, 9.877132540435486, 9.094184962084586, 8.146931694578935, 8.146931694578935, 8.146931694578935, 0.0, 0.0, 0.0, 0.0, 0.0, 0.0, 19.90094096198716, 
0.0, 0.0, 0.0, 0.0, 0.0, 10.259512475606304, 9.683715501737746, 12.935036576552868, 11.307009243908205, 11.307009243908205, 3.4045722119992323, 1.1286663194686852, 32.33392259071668, 32.33392259071668, 32.33392259071668, 31.510412132381806, 31.775814629428787, 19.946024500644107, 16.220217364540694, 16.220217364540694, 34.509192124189354, 34.462698106452095, 16.303500452958062, 16.081833414738732, 16.081833414738732, 36.951177614313025, 36.951177614313025, 36.951177614313025, 36.951177614313025, 64.31279643091807, 78.91977972571135, 78.91977972571135, 78.91977972571135, 78.91977972571135, 82.14234223811653, 96.50487264606804, 94.99255890989613, 94.99255890989613, 94.99255890989613, 92.73769235233686, 72.87330206663552, 72.87330206663552, 69.60139188252585, 69.60139188252585, 62.346408617931694, 77.89830247263444, 77.89830247263444, 85.5000863171608, 85.5000863171608, 77.55124176053887, 34.01848732799415, 34.01848732799415, 37.70384414374276, 37.70384414374276, 22.911718269508576, 54.01419918931467, 54.01419918931467, 84.47765721596065, 82.84060600672461, 82.84060600672461, 73.50665336020933, 69.876581807407, 62.645677344050284, 61.16178387111388, 76.06058534231482, 80.25255027095724, 75.52014835389, 46.70580905892486, 45.70378521008199, 54.58182588200652, 62.429776071305234, 62.429776071305234, 62.429776071305234, 61.285215174561095, 55.45193918869917, 32.83566475802477, 30.183870612068873, 44.501163030995095, 44.501163030995095, 28.805813622177777, 25.202428560799405, 25.202428560799405, 28.75642880388012, 21.617884826510537, 21.617884826510537, 15.124668980361115, 15.124668980361115, 9.104665590487166, 9.104665590487166, 9.104665590487166, 9.104665590487166, 9.104665590487166, 0.0, 0.0, 0.0, 0.0, 0.0, 0.0, 17.728190091425184, 
0.0, 0.0, 0.0, 0.0, 0.0, 10.154966488336788, 10.154966488336788, 13.735423626672963, 9.432986237932445, 9.432986237932445, 0.8860452996238148, 0.12009863683013222, 30.624607840778747, 30.624607840778747, 30.624607840778747, 30.624607840778747, 31.899383881685832, 16.38080917428553, 16.38080917428553, 16.38080917428553, 31.32829362745161, 29.456066207329293, 14.947484453166082, 14.947484453166082, 14.947484453166082, 37.50036137561592, 37.50036137561592, 37.50036137561592, 34.244183997515194, 59.93883361324717, 77.23305182212277, 77.23305182212277, 76.04651248589548, 76.04651248589548, 81.28688035043457, 94.55139666039267, 93.35571363432007, 93.35571363432007, 93.35571363432007, 93.82630566465093, 68.75394831721928, 68.75394831721928, 68.75394831721928, 68.75394831721928, 61.5364754459728, 76.5621754122563, 75.36808024962332, 81.17087711516618, 81.17087711516618, 74.35108645059037, 40.8192175449185, 40.340605882065326, 36.0165863221021, 33.388026801797814, 23.358249269403352, 56.96366704825261, 55.73090450738344, 84.08377685520082, 84.08377685520082, 84.08377685520082, 69.20267194349387, 66.82283902666934, 52.66887156955043, 52.66887156955043, 65.88649915648887, 66.99723688827757, 66.99723688827757, 41.535961398255836, 41.535961398255836, 52.074220471646385, 63.430234736524426, 63.430234736524426, 64.58306256358331, 64.58306256358331, 54.96096222617551, 27.604929594801085, 27.604929594801085, 44.954455989878824, 45.67865128166998, 30.68642337378137, 27.187398615950098, 27.187398615950098, 30.686390964709954, 28.570847444588495, 28.570847444588495, 20.54600799551953, 18.166315803159268, 12.0020009087446, 8.426733132415379, 8.426733132415379, 8.426733132415379, 8.426733132415379, 0.0, 0.0, 0.0, 0.0, 0.0, 0.0, 21.404078023796686, 
0.0, 0.0, 0.0, 0.0, 0.0, 12.126895445314059, 10.457525173890309, 11.208162142438143, 8.064515247188368, 8.064515247188368, 1.5706495077848626, 4.18880886765378, 36.70569385906735, 36.70569385906735, 35.61288606412502, 35.61288606412502, 37.87036700991522, 20.0769308091325, 18.4379978106066, 18.4379978106066, 32.85550347629231, 32.73467396690988, 15.252259762677738, 15.252259762677738, 14.705611855649568, 37.80617574614607, 37.80617574614607, 36.9411730617639, 36.9411730617639, 66.64829206915783, 81.42798572156033, 75.92474516352797, 75.92474516352797, 75.92474516352797, 83.58736701968877, 96.38728061394545, 96.38728061394545, 96.38728061394545, 96.38728061394545, 92.58588099846347, 70.80145729515799, 70.7606982981059, 70.7606982981059, 70.7606982981059, 64.50728646506957, 79.34721310785174, 79.34721310785174, 91.06954710017153, 87.99460219135827, 81.20556304864692, 36.37996391233332, 36.37996391233332, 34.924637081867246, 34.924637081867246, 24.62032589726858, 50.1966818258973, 50.1966818258973, 83.13722813537534, 83.13722813537534, 83.13722813537534, 67.35066176157164, 67.35066176157164, 56.744429593445545, 56.744429593445545, 72.23355049073042, 72.54580554488936, 72.54580554488936, 43.45613963825187, 43.45613963825187, 47.50503586199413, 60.5307779293175, 60.5307779293175, 60.5307779293175, 60.5307779293175, 51.251460529115235, 27.501806208165583, 27.501806208165583, 42.60984031417405, 42.60984031417405, 28.57928213049502, 26.14955154689609, 24.580965501924226, 26.14507938983903, 26.582216262002177, 26.582216262002177, 16.905212254906466, 16.905212254906466, 9.732354375086022, 9.732354375086022, 9.732354375086022, 7.715779989932521, 7.715779989932521, 0.0, 0.0, 0.0, 0.0, 0.0, 0.0, 20.696304386544853, 
0.0, 0.0, 0.0, 0.0, 0.0, 12.039234427969507, 10.506890801520786, 14.155026206714103, 13.192467814771723, 11.02726748350427, 0.5250471931051006, 3.4645079494639823, 37.740617409305216, 37.740617409305216, 37.740617409305216, 36.741791418813754, 37.5381251492058, 20.724433181923903, 20.724433181923903, 20.724433181923903, 34.891380957168636, 30.63056927154033, 14.952053386244204, 14.952053386244204, 14.952053386244204, 37.38164248729627, 37.14133779742684, 36.137860300765276, 35.58617288197514, 61.893854948521465, 75.67493470806885, 75.67493470806885, 75.67493470806885, 75.67493470806885, 80.64203404505409, 96.03546813657817, 95.18417198413692, 95.18417198413692, 95.18417198413692, 94.89757059129867, 68.69307269470131, 68.69307269470131, 68.69307269470131, 68.69307269470131, 63.46622517571456, 78.89871007165229, 78.20857193590523, 80.28038918075521, 80.28038918075521, 70.82401030702258, 40.39218357946136, 37.08920213817486, 35.99077307079304, 35.99077307079304, 22.9147772881116, 54.29085816276552, 54.29085816276552, 85.53196974487494, 85.53196974487494, 82.95457163749637, 66.27397462855093, 66.27397462855093, 57.22590820742881, 57.22590820742881, 74.44023388358968, 77.86741861021048, 74.13461339561823, 48.09753245554103, 48.09753245554103, 55.12263828760683, 64.85260719772096, 61.483979238432156, 62.43835766248569, 62.43835766248569, 60.52306111830637, 35.0371567140137, 35.0371567140137, 46.8851796032117, 46.2278850242007, 30.677475715864574, 25.727253063855983, 25.727253063855983, 28.946176381819026, 26.24597209237828, 26.24597209237828, 17.32790876116451, 17.32790876116451, 9.981183527474675, 9.981183527474675, 9.817911104758325, 9.472711227625535, 9.258878828787662, 0.0, 0.0, 0.0, 0.0, 0.0, 0.0, 19.856417813356963, 
0.0, 0.0, 0.0, 0.0, 0.0, 12.3896136632973, 9.541367405340521, 8.505262197559055, 8.505262197559055, 8.505262197559055, 0.018753658105191917, 3.957726516662765, 36.79793488091643, 36.79793488091643, 36.279717872588705, 33.97108861053332, 30.867870578196925, 18.020652985909976, 18.020652985909976, 18.020652985909976, 34.126137602332946, 26.77248931704856, 13.62261774526445, 13.62261774526445, 11.889853052084945, 34.95841808552492, 34.95841808552492, 34.95841808552492, 34.95841808552492, 58.585671151760515, 75.47541886769453, 75.47541886769453, 75.47541886769453, 75.34152251931954, 83.6002013831068, 96.94836334017569, 96.94836334017569, 96.94836334017569, 96.94836334017569, 93.84182116753138, 71.55273696831281, 71.55273696831281, 71.55273696831281, 71.55273696831281, 63.65330628348015, 78.69391852789624, 78.51475269792715, 85.55550121048066, 85.55550121048066, 71.64339492215012, 40.364547807948824, 40.164858780238504, 39.78461582578056, 31.529390932908726, 26.073621477838625, 52.67722461045506, 50.941304063359276, 83.79001476684536, 83.26452302774754, 83.26452302774754, 70.80757801269294, 69.74387921109754, 57.682191353544766, 57.682191353544766, 68.62854545122376, 68.18381919133417, 68.18381919133417, 46.51866549408881, 45.41213663978188, 57.01548895008281, 67.97771817657761, 64.74030739077561, 64.36120650191086, 64.36120650191086, 51.68271015798126, 35.05206083943293, 34.95314392436802, 48.8627110431445, 49.57673562520938, 32.4181952426816, 27.61380779154385, 23.953185122030433, 27.48739784384276, 27.48739784384276, 27.48739784384276, 18.525623505555266, 18.525623505555266, 11.473914867277054, 10.0532753653414, 7.854336964552825, 7.854336964552825, 7.854336964552825, 0.0, 0.0, 0.0, 0.0, 0.0, 0.0, 18.5527414916274, 
0.0, 0.0, 0.0, 0.0, 0.0, 13.500451268326676, 11.897729599596447, 11.90879783477869, 11.279756541071526, 11.279756541071526, 1.490033678523993, 6.798521444412264, 40.85176206981449, 36.21497415949798, 36.21497415949798, 36.21497415949798, 36.426242134814274, 24.61534625637249, 23.915251537278152, 22.85451297955218, 41.62126976096041, 29.591113747584224, 14.313064616310566, 14.313064616310566, 14.313064616310566, 39.05283230343264, 39.05283230343264, 38.957744155666894, 36.76182551287533, 68.0767609212985, 85.95380068199475, 79.79550441745312, 79.79550441745312, 79.79550441745312, 86.27875090103163, 99.69294458132205, 97.00510437592553, 94.7686996165925, 94.7686996165925, 96.00047909674528, 69.93524678651858, 69.93524678651858, 69.93524678651858, 69.93524678651858, 63.79267064229585, 79.85082067459857, 79.85082067459857, 83.14431164889443, 83.14431164889443, 68.33951393013041, 39.54087661627182, 36.13968167032967, 38.07087498981514, 38.07087498981514, 22.767423295406406, 53.65307611121892, 53.65307611121892, 85.3875355651985, 85.3875355651985, 83.85148589604603, 66.95919159094953, 66.80446455433928, 60.76402327758519, 58.895502366806326, 72.66342435680478, 76.72977613236702, 76.72977613236702, 47.02925455050277, 47.02925455050277, 57.676391956740986, 63.06915095486724, 63.06915095486724, 63.06915095486724, 63.06915095486724, 51.76636346655125, 33.86544195071254, 33.211715483334785, 46.47911057600113, 45.48611426456554, 31.788700978571384, 26.399994005990184, 26.399994005990184, 27.975584589582308, 27.556347947391004, 27.556347947391004, 17.41018496810678, 17.41018496810678, 12.674656109537748, 8.965020509634517, 8.823757303527984, 8.823757303527984, 8.823757303527984, 0.0, 0.0, 0.0, 0.0, 0.0, 0.0, 19.767130399117587, 
0.0, 0.0, 0.0, 0.0, 0.0, 13.100101237493528, 12.067471527749968, 15.864686052337944, 9.095467893764223, 9.095467893764223, 2.134454965715081, 0.893437197780024, 32.2982076431716, 32.2982076431716, 32.2982076431716, 32.2982076431716, 33.16946411101998, 19.70146584597659, 16.2118817520906, 14.089846858466831, 27.65998750504183, 27.65998750504183, 13.570140646574998, 13.570140646574998, 13.570140646574998, 34.78203969276055, 34.78203969276055, 34.78203969276055, 34.78203969276055, 57.549999341977895, 70.88866748784908, 70.88866748784908, 70.88866748784908, 70.88866748784908, 79.1788233685838, 93.85025820457926, 92.93864124147382, 92.93864124147382, 92.93864124147382, 92.40885324040455, 73.29126679824233, 71.17124144045135, 71.17124144045135, 68.3872495055304, 62.79628994914372, 78.43454381115274, 77.94068831204923, 87.22825465082903, 87.22825465082903, 78.06320904591583, 36.310850390551025, 36.310850390551025, 35.97624878138657, 35.97624878138657, 20.538547517345997, 53.07499264552139, 53.07499264552139, 85.76527406967159, 85.76527406967159, 85.76527406967159, 63.86802229995449, 63.86802229995449, 58.36642301629139, 58.36642301629139, 72.41911908326867, 74.97134757558507, 74.97134757558507, 48.376959447329625, 45.99893499755757, 56.62957713334271, 62.89412887975721, 60.070913820710814, 60.070913820710814, 60.070913820710814, 50.757991652083824, 35.23877443735447, 32.29721764359498, 48.70558320842632, 38.695430250440396, 26.248454090246014, 22.73002152617256, 22.73002152617256, 25.926460310522245, 25.926460310522245, 25.926460310522245, 16.751471130575244, 16.751471130575244, 7.601228370772656, 7.601228370772656, 7.601228370772656, 7.601228370772656, 7.601228370772656, 0.0, 0.0, 0.0, 0.0, 0.0, 0.0, 18.517714023121947, 
0.0, 0.0, 0.0, 0.0, 0.0, 11.596996685986342, 10.184601881479615, 13.392248159283485, 13.260504456940243, 13.104979294542806, 0.0, 4.707892596720587, 38.090911508509485, 38.090911508509485, 33.42325329689329, 33.42325329689329, 32.63075663779711, 17.76718918526131, 17.76718918526131, 17.76718918526131, 33.743779728980364, 31.454421060009917, 15.976590543719055, 15.976590543719055, 15.976590543719055, 38.46368089397368, 38.46368089397368, 38.41350318434068, 36.28564481255746, 64.092240300671, 81.07570954032136, 81.07570954032136, 78.79621527770301, 78.79621527770301, 80.49368649170549, 93.9447342695792, 93.9447342695792, 93.9447342695792, 93.9447342695792, 91.26733412709781, 72.21193668551135, 71.50219374228993, 71.50219374228993, 71.50219374228993, 64.20235156618196, 78.63588892829577, 78.63588892829577, 85.52840781965924, 85.52840781965924, 76.24191384199524, 35.50143905246411, 29.107835359817127, 32.459324219095905, 32.459324219095905, 18.000826237149585, 48.03962415693384, 48.03962415693384, 80.50440571573272, 80.50440571573272, 80.50440571573272, 65.04931396705479, 65.04931396705479, 57.64211096298653, 57.64211096298653, 75.13210066457509, 77.90293791616537, 72.48768240346314, 44.212116515589926, 44.212116515589926, 54.75076477163607, 65.2001983649291, 64.05705183673828, 66.17646167526689, 61.4142403209415, 50.42476531175986, 32.01225785919361, 31.854168136518854, 48.999571127051425, 51.112526773117146, 37.493869323506715, 23.641480973815824, 23.641480973815824, 26.37442404775051, 26.37442404775051, 26.37442404775051, 16.934529988210453, 16.934529988210453, 8.962146169578684, 8.962146169578684, 7.755853966686896, 7.755853966686896, 7.755853966686896, 0.0, 0.0, 0.0, 0.0, 0.0, 0.0, 20.000776265354375, 
0.0, 0.0, 0.0, 0.0, 0.0, 11.182362333358661, 9.95506951568239, 9.153233736076732, 9.125868340378059, 9.125868340378059, 0.4538410819536338, 4.582156931071854, 34.89511263785233, 34.89511263785233, 34.89511263785233, 34.89511263785233, 37.51630426618236, 19.942591478690225, 19.942591478690225, 19.942591478690225, 38.08520711944964, 29.72052527275352, 14.146069887599435, 14.146069887599435, 14.146069887599435, 38.00766593183926, 38.00766593183926, 38.00766593183926, 37.60815422133664, 65.3693328057665, 78.4695212560055, 78.4695212560055, 78.4695212560055, 76.39893870471619, 86.5048304690329, 100.54008527076678, 97.01997165420653, 97.01997165420653, 97.01997165420653, 96.0707147460648, 75.17075958950119, 75.17075958950119, 73.25629377082713, 73.08472679690746, 67.59051122668238, 77.59249817599722, 75.73547504224793, 82.77376832640472, 82.77376832640472, 79.05731319104919, 43.198704006871374, 43.198704006871374, 38.39325177597085, 35.138665134441474, 21.499300557650017, 53.67580098823553, 53.67580098823553, 82.0469296668676, 82.0469296668676, 82.0469296668676, 70.4644373447309, 67.84205535795641, 59.77298642686631, 59.77298642686631, 78.41642519301948, 72.93714111292164, 72.93714111292164, 46.03251629557511, 44.7243264209959, 53.62361558586693, 62.61907773199087, 62.53023401132486, 64.4109373141491, 64.4109373141491, 57.49117647889823, 35.52580911596518, 30.67251037892348, 44.8626004888059, 45.08103029847064, 27.097775364462745, 24.954164856339634, 24.954164856339634, 28.091913993735357, 28.091913993735357, 28.091913993735357, 16.62565427566408, 16.62565427566408, 8.117821288599277, 7.76146500121002, 7.76146500121002, 7.76146500121002, 7.76146500121002, 0.0, 0.0, 0.0, 0.0, 0.0, 0.0, 21.194873632626702, 
0.0, 0.0, 0.0, 0.0, 0.0, 13.702017068257712, 11.017717618458587, 13.57678251932214, 11.11195271631977, 9.351213608118604, 2.436427667378741, 2.2455079431603373, 31.89068740053313, 31.89068740053313, 31.89068740053313, 31.89068740053313, 30.813837475524437, 19.00627283044236, 19.00627283044236, 19.00627283044236, 35.145060721034156, 34.38665386088513, 15.442096436628004, 15.442096436628004, 15.442096436628004, 40.06163820687625, 38.87445386162294, 37.42528562594908, 37.42528562594908, 62.46576219959943, 79.65051171196694, 76.47467505573925, 75.10632960163079, 75.10632960163079, 84.01076578979132, 100.34856802255186, 99.56971062016132, 91.64049426085637, 91.64049426085637, 90.712434506781, 74.59160266192012, 73.23753552034923, 73.23753552034923, 73.23753552034923, 64.43165078114087, 80.92991259133953, 80.92991259133953, 89.01010940355562, 86.89446020769276, 76.7430381481843, 39.75053335516323, 39.75053335516323, 32.704594549669324, 32.704594549669324, 22.94694710596027, 57.378476311932204, 57.378476311932204, 84.41986180519334, 83.88041857509552, 84.35068956314475, 71.94524305238514, 71.25768151250435, 63.42934928751025, 62.92167430096698, 74.9270945913575, 79.40375845436436, 79.40375845436436, 46.631172891868275, 46.57542524141034, 52.27210413244349, 61.36956966955385, 61.36956966955385, 61.36956966955385, 61.36956966955385, 47.10125873438855, 29.04733604853071, 29.04733604853071, 46.2512243824657, 42.73154513276923, 28.731521346723273, 25.06491679300155, 25.06491679300155, 27.979509804915295, 27.93798655365977, 27.80386005181292, 20.570312057137958, 18.568087814333012, 10.482873524096808, 10.026803438330795, 9.267383647460154, 8.006240696899521, 8.006240696899521, 0.0, 0.0, 0.0, 0.0, 0.0, 0.0, 20.82922862874647, 
0.0, 0.0, 0.0, 0.0, 0.0, 9.853782872857387, 9.853782872857387, 11.004937016918335, 11.004937016918335, 11.004937016918335, 0.22980732054540276, 4.3035170717017674, 37.060417599565675, 35.118872751559245, 35.118872751559245, 35.118872751559245, 30.02337236417329, 13.756016435044046, 13.756016435044046, 13.756016435044046, 28.451235272077245, 28.451235272077245, 14.695218837033199, 14.695218837033199, 14.695218837033199, 36.18303458980573, 36.18303458980573, 36.18303458980573, 36.18303458980573, 60.317274434035994, 73.48418328739413, 73.48418328739413, 73.48418328739413, 73.48418328739413, 78.17086454564776, 90.41182205540808, 90.41182205540808, 90.41182205540808, 90.41182205540808, 89.52392013938086, 64.78799617587522, 64.78799617587522, 64.78799617587522, 64.78799617587522, 57.78106542649428, 72.19495373848767, 72.19495373848767, 76.3304718149901, 76.3304718149901, 66.69794783335544, 42.19142508821355, 31.842397998787554, 34.70386927319533, 34.70386927319533, 23.273379207906224, 54.88595823079899, 51.39720403538952, 82.54183942891876, 82.54183942891876, 82.54183942891876, 72.18266835036177, 67.37670051105933, 62.84163076961685, 58.579174960605826, 75.90765707415537, 71.99690963509785, 71.99690963509785, 47.383922965925436, 44.88399117658295, 55.97867566163899, 67.03906675241981, 65.2623744861135, 68.39626365936739, 64.96038627659331, 59.85101343437077, 34.915951114140576, 31.481042461345517, 50.17279131576414, 48.72788775101908, 36.91718556183635, 32.50691311525051, 32.50691311525051, 33.474154851836175, 27.204417321568076, 27.204417321568076, 21.547577885903618, 18.7843276933928, 11.608466302053035, 11.006781356663982, 10.630312703083444, 10.630312703083444, 9.416740336394422, 0.0, 0.0, 0.0, 0.0, 0.0, 0.0, 19.901732432576303, 
0.0, 0.0, 0.0, 0.0, 0.0, 9.139833415698625, 9.139833415698625, 9.139833415698625, 9.139833415698625, 9.139833415698625, 0.0, 5.270062991854495, 33.73384852301458, 33.73384852301458, 33.73384852301458, 33.73384852301458, 34.66802726494909, 20.11727087044882, 20.11727087044882, 20.11727087044882, 35.83198632463548, 33.264436337130995, 15.714715454186662, 15.714715454186662, 14.986413684569678, 36.36321749549033, 36.36321749549033, 36.36321749549033, 35.93529715334367, 63.980062239475544, 79.35211234865099, 79.35211234865099, 79.35211234865099, 78.91034254347876, 82.36320140211886, 95.45265836730806, 95.45265836730806, 95.45265836730806, 95.372432781747, 95.01524366920108, 74.38080330636151, 66.16625067770933, 66.16625067770933, 66.16625067770933, 61.449727451728165, 77.3963489232489, 77.3963489232489, 83.49728150758688, 83.49728150758688, 71.61223486559257, 37.8071293114886, 31.077817139391385, 33.176907252189515, 33.176907252189515, 24.36839138569103, 52.487809949429284, 52.487809949429284, 83.77659207563232, 83.77659207563232, 83.77659207563232, 68.76356882555703, 67.75175397674735, 63.951313401970445, 61.275111930704306, 77.09952752926905, 76.31331964048488, 76.31331964048488, 42.77404801041287, 42.77404801041287, 54.559334374063084, 65.36705587443764, 65.36705587443764, 64.77823699029244, 64.77823699029244, 54.54475537760986, 34.29061934696888, 25.396277016636027, 39.854343553277936, 39.854343553277936, 29.216146447099355, 23.045156545769395, 23.045156545769395, 23.786105273890783, 23.786105273890783, 23.786105273890783, 18.04967545264291, 18.04967545264291, 9.525603719461554, 9.194667981938036, 9.194667981938036, 9.194667981938036, 9.194667981938036, 0.0, 0.0, 0.0, 0.0, 0.0, 0.0, 19.40914159438018, 
