0.0, 6.869, 16.064, 37.978, 30.375, 22.219, 0.0, 4.21908343940758, 0.0, 0.0, 0.0, 0.0, 0.0, 0.0, 5.184000000000001, 0.0, 0.0, 1.425593258720907, 0.0, 0.0, 0.0, 0.0, 0.0, 0.0, 0.0, 0.0, 0.0, 0.0, 0.0, 7.010650110428459, 14.440000000000001, 7.902000000000001, 17.854000000000003, 17.833000000000002, 25.058, 39.752, 50.835, 36.743, 33.071, 18.862000000000002, 40.45, 52.467, 59.208999999999996, 60.87500000000001, 50.808, 43.965, 40.904, 51.198, 32.743, 22.503, 28.153, 4.987000000000002, 4.078000000000001, 9.536000000000001, 0.4610000000000021, 0.0, 0.0, 0.0, 0.6850000000000023, 7.677000000000003, 2.8130000000000006, 0.0, 0.0, 12.133000000000003, 0.0, 0.0, 0.0, 0.0, 0.0, 0.0, 4.896000000000001, 1.9270750228882498, 0.0, 0.0, 0.0, 0.0, 0.0, 0.0, 0.0, 0.0, 0.0, 0.0, 0.0, 0.0, 0.0, 0.0, 0.0, 0.0, 0.0, 0.0, 0.0, 0.0, 0.0, 0.0, 0.0, 0.0, 0.0, 0.0, 0.0, 
0.0, 6.869, 16.064, 37.978, 30.375, 22.219, 0.0, 4.2087799612838594, 0.0, 0.0, 0.0, 0.0, 0.0, 0.0, 5.184000000000001, 0.0, 0.0, 1.4060000000000006, 0.0, 0.0, 0.0, 0.0, 0.0, 0.0, 0.0, 0.0, 0.0, 0.0, 0.0, 7.0070000000000014, 14.440000000000001, 7.902000000000001, 17.854000000000003, 17.833000000000002, 25.058, 39.752, 50.835, 36.743, 33.071, 18.862000000000002, 40.45, 52.467, 59.208999999999996, 60.87500000000001, 50.808, 43.965, 40.904, 51.198, 32.743, 22.503, 28.153, 4.987000000000002, 4.078000000000001, 9.536000000000001, 0.4610000000000021, 0.0, 0.0, 0.0, 0.6855943958447668, 7.677000000000003, 2.8130000000000006, 0.0, 0.0, 12.133000000000003, 0.0, 0.0, 0.0, 0.0, 0.0, 0.0, 4.911641587182318, 1.926000000000002, 0.0, 0.0, 0.0, 0.0, 0.0, 0.0, 0.0, 0.0, 0.0, 0.0, 0.0, 0.0, 0.0, 0.0, 0.0, 0.0, 0.0, 0.0, 0.0, 0.0, 0.0, 0.0, 0.0, 0.0, 0.0, 0.0, 0.0, 
0.0, 6.869, 16.064, 37.978, 30.375, 22.219, 0.0, 4.207000000000001, 0.0, 0.0, 0.0, 0.0, 0.0, 0.0, 5.184000000000001, 0.0, 0.0, 1.4060000000000006, 0.0, 0.0, 0.0, 0.0, 0.0, 0.0, 0.0, 0.0, 0.0, 0.0, 0.0, 7.0070000000000014, 14.440000000000001, 7.902000000000001, 17.854000000000003, 17.833000000000002, 25.058, 39.752, 50.835, 36.744617815609516, 33.071, 18.862000000000002, 40.45, 52.467, 59.208999999999996, 60.87500000000001, 50.808, 43.96599077202534, 40.90646897670756, 51.198, 32.74790326111769, 22.503, 28.153, 4.987000000000002, 4.078000000000001, 9.536000000000001, 0.4610000000000021, 0.0, 0.0, 0.0, 0.6850000000000023, 7.677000000000003, 2.8130000000000006, 0.0, 0.0, 12.133000000000003, 0.0, 0.0, 0.0, 0.0, 0.0, 0.0, 4.896000000000001, 1.926000000000002, 0.0, 0.0, 0.0, 0.0, 0.0, 0.0, 0.0, 0.0, 0.0, 0.0, 0.0, 0.0, 0.0, 0.0, 0.0, 0.0, 0.0, 0.0, 0.0, 0.0, 0.0, 0.0, 0.0, 0.0, 0.0, 0.0, 0.0, 
0.0, 6.869, 16.064, 37.978, 30.375, 22.219, 0.0, 4.207272936535013, 0.0, 0.0, 0.0, 0.0, 0.0, 0.0, 5.184000000000001, 0.0, 0.0, 1.4060000000000006, 0.0, 0.0, 0.0, 0.0, 0.0, 0.0, 0.0, 0.0, 0.0, 0.0, 0.0, 7.0070000000000014, 14.440000000000001, 7.902000000000001, 17.854000000000003, 17.833000000000002, 25.058, 39.752, 50.835, 36.743, 33.071, 18.862000000000002, 40.45, 52.467, 59.208999999999996, 60.87500000000001, 50.808, 43.965, 40.904, 51.198, 32.743, 22.503, 28.153, 4.987028028523117, 4.078000000000001, 9.536000000000001, 0.4610000000000021, 0.0, 0.0, 0.0, 0.6850000000000023, 7.677000000000003, 2.8130000000000006, 0.0, 0.0, 12.138635347432292, 0.0, 0.0, 0.0, 0.0, 0.0, 0.0, 4.896000000000001, 1.926000000000002, 0.0, 0.0, 0.0, 0.0, 0.0, 0.0, 0.0, 0.0, 0.0, 0.0, 0.0, 0.0, 0.0, 0.0, 0.0, 0.0, 0.0, 0.0, 0.0, 0.0, 0.0, 0.0, 0.0, 0.0, 0.0, 0.0, 0.0, 
0.0, 6.869, 16.064, 37.978, 30.375, 22.219, 0.0, 4.207315126672398, 0.0, 0.0, 0.0, 0.0, 0.0, 0.0, 5.20023515479021, 0.0, 0.0, 1.4060000000000006, 0.0, 0.0, 0.0, 0.0, 0.0, 0.0, 0.0, 0.0, 0.0, 0.0, 0.0, 7.0070000000000014, 14.440000000000001, 7.902000000000001, 17.854000000000003, 17.833000000000002, 25.058, 39.752, 50.835, 36.743, 33.07959082648924, 18.862000000000002, 40.45, 52.467, 59.208999999999996, 60.87500000000001, 50.808, 43.97082315273582, 40.904, 51.198, 32.74303338367875, 22.503, 28.153, 4.987000000000002, 4.078000000000001, 9.536000000000001, 0.4610000000000021, 0.0, 0.0, 0.0, 0.6905906675325753, 7.677000000000003, 2.8130000000000006, 0.0, 0.0, 12.133000000000003, 0.0, 0.0, 0.0, 0.0, 0.0, 0.0, 4.896000000000001, 1.926000000000002, 0.0, 0.0, 0.0, 0.0, 0.0, 0.0, 0.0, 0.0, 0.0, 0.0, 0.0, 0.0, 0.0, 0.0, 0.0, 0.0, 0.0, 0.0, 0.0, 0.0, 0.0, 0.0, 0.0, 0.0, 0.0, 0.0, 0.0, 
0.0, 6.8691862517115965, 16.064186251711597, 37.978, 30.375, 22.219, 0.0, 4.246907219484381, 0.0, 0.0, 0.0, 0.0, 0.0, 0.0, 5.184000000000001, 0.0, 0.0, 1.4060000000000006, 0.0, 0.0, 0.0, 0.0, 0.0, 0.0, 0.0, 0.0, 0.0, 0.0, 0.0, 7.0070000000000014, 14.440000000000001, 7.907592954550374, 17.854000000000003, 17.833000000000002, 25.058, 39.752, 50.835, 36.743, 33.071, 18.862000000000002, 40.45, 52.467, 59.208999999999996, 60.87500000000001, 50.808, 43.96535305192448, 40.9057476048538, 51.198, 32.743, 22.503, 28.153, 4.987000000000002, 4.078000000000001, 9.536000000000001, 0.4610000000000021, 0.0, 0.0, 0.0, 0.6850000000000023, 7.677000000000003, 2.8130000000000006, 0.0, 0.0, 12.133001492728015, 0.0, 0.0, 0.0, 0.0, 0.0, 0.0, 4.896000000000001, 1.926000000000002, 0.0, 0.0, 0.0, 0.0, 0.0, 0.0, 0.0, 0.0, 0.0, 0.0, 0.0, 0.0, 0.0, 0.0, 0.0, 0.0, 0.0, 0.0, 0.0, 0.0, 0.0, 0.0, 0.0, 0.0, 0.0, 0.0, 0.0, 
0.0, 6.869, 16.064, 37.978, 30.375, 22.219, 0.0, 4.207000000000001, 0.0, 0.0, 0.0, 0.0, 0.0, 0.0, 5.184000000000001, 0.0, 0.0, 1.4060000000000006, 0.0, 0.0, 0.0, 0.0, 0.0, 0.0, 0.0, 0.0, 0.0, 0.0, 0.0, 7.013882098791342, 14.440000000000001, 7.902000000000001, 17.854000000000003, 17.833000000000002, 25.058, 39.752, 50.835, 36.74559608633874, 33.07126135211888, 18.862000000000002, 40.45, 52.467, 59.208999999999996, 60.87500000000001, 50.808, 43.965, 40.904, 51.198, 32.744034148649106, 22.503, 28.153, 4.988015763775074, 4.078033322443114, 9.536000000000001, 0.4610000000000021, 0.0, 0.0, 0.0, 0.6965941465963965, 7.677000000000003, 2.8130000000000006, 0.0, 0.0, 12.133000000000003, 0.0, 0.0, 0.0, 0.0, 0.0, 0.0, 4.912302556335902, 1.926000000000002, 0.0, 0.0, 0.0, 0.0, 0.0, 0.0, 0.0, 0.0, 0.0, 0.0, 0.0, 0.0, 0.0, 0.0, 0.0, 0.0, 0.0, 0.0, 0.0, 0.0, 0.0, 0.0, 0.0, 0.0, 0.0, 0.0, 0.0, 
0.0, 6.870277693216831, 16.064, 37.978, 30.375, 22.219, 0.0, 4.207000000000001, 0.0, 0.0, 0.0, 0.0, 0.0, 0.0, 5.184000000000001, 0.0, 0.0, 1.4060000000000006, 0.0, 0.0, 0.0, 0.0, 0.0, 0.0, 0.0, 0.0, 0.0, 0.0, 0.0, 7.009453964916432, 14.440000000000001, 7.902000000000001, 17.854000000000003, 17.833000000000002, 25.058, 39.752, 50.835, 36.743, 33.071, 18.862000000000002, 40.45, 52.467, 59.208999999999996, 60.87500000000001, 50.808, 43.98388062249057, 40.904, 51.198, 32.746221443109434, 22.503, 28.153, 4.987000000000002, 4.078000000000001, 9.536000000000001, 0.4610000000000021, 0.0, 0.0, 0.0, 0.6880349275077258, 7.677000000000003, 2.8130000000000006, 0.0, 0.0, 12.133589996192786, 0.0, 0.0, 0.0, 0.0, 0.0, 0.0, 4.896000000000001, 1.926000000000002, 0.0, 0.0, 0.0, 0.0, 0.0, 0.0, 0.0, 0.0, 0.0, 0.0, 0.0, 0.0, 0.0, 0.0, 0.0, 0.0, 0.0, 0.0, 0.0, 0.0, 0.0, 0.0, 0.0, 0.0, 0.0, 0.0, 0.0, 
0.0, 6.872134274251167, 16.064, 37.978, 30.381813834027366, 22.219, 0.0, 4.207000000000001, 0.0, 0.0, 0.0, 0.0, 0.0, 0.0, 5.184000000000001, 0.0, 0.0, 1.4060000000000006, 0.0, 0.0, 0.0, 0.0, 0.0, 0.0, 0.0, 0.0, 0.0, 0.0, 0.0, 7.0070000000000014, 14.440000000000001, 7.904832140693848, 17.854000000000003, 17.833000000000002, 25.058, 39.752, 50.835, 36.743, 33.071, 18.862000000000002, 40.45, 52.467, 59.208999999999996, 60.87500000000001, 50.808, 43.965, 40.904, 51.198, 32.743, 22.503, 28.153, 4.987000000000002, 4.078000000000001, 9.536000000000001, 0.46488034497360076, 0.0, 0.0, 0.0, 0.6850000000000023, 7.677000000000003, 2.8130000000000006, 0.0, 0.0, 12.146328295605823, 0.0, 0.0, 0.0, 0.0, 0.0, 0.0, 4.896000000000001, 1.926000000000002, 0.0, 0.0, 0.0, 0.0, 0.0, 0.0, 0.0, 0.0, 0.0, 0.0, 0.0, 0.0, 0.0, 0.0, 0.0, 0.0, 0.0, 0.0, 0.0, 0.0, 0.0, 0.0, 0.0, 0.0, 0.0, 0.0, 0.0, 
0.0, 7.105862991623944, 16.064, 37.978, 30.375, 22.219, 0.0, 4.2345601109664734, 0.0, 0.0, 0.0, 0.0, 0.0, 0.0, 5.184000000000001, 0.0, 0.0, 1.4060000000000006, 0.0, 0.0, 0.0, 0.0, 0.0, 0.0, 0.0, 0.0, 0.0, 0.0, 0.0, 7.0070000000000014, 14.440000000000001, 7.902000000000001, 17.854000000000003, 17.833000000000002, 25.058, 39.752, 50.835, 36.743, 33.07182358885396, 18.864434204967882, 40.45, 52.467, 59.208999999999996, 60.87500000000001, 50.808, 43.965, 40.904, 51.198, 32.743, 22.503, 28.153, 4.987000000000002, 4.078000000000001, 9.536000000000001, 0.4610000000000021, 0.0, 0.0, 0.0, 0.6850000000000023, 7.677000000000003, 2.8130000000000006, 0.0, 0.0, 12.133000000000003, 0.0, 0.0, 0.0, 0.0, 0.0, 0.0, 4.896000000000001, 1.926000000000002, 0.0, 0.0, 0.0, 0.0, 0.0, 0.0, 0.0, 0.0, 0.0, 0.0, 0.0, 0.0, 0.0, 0.0, 0.0, 0.0, 0.0, 0.0, 0.0, 0.0, 0.0, 0.0, 0.0, 0.0, 0.0, 0.0, 0.0, 
0.0, 6.877706544971108, 16.064, 37.978, 30.375, 22.219, 0.0, 4.207000000000001, 0.0, 0.0, 0.0, 0.0, 0.0, 0.0, 5.184000000000001, 0.0, 0.0, 1.4060000000000006, 0.0, 0.0, 0.0, 0.0, 0.0, 0.0, 0.0, 0.0, 0.0, 0.0, 0.0, 7.0070000000000014, 14.440000000000001, 7.902000000000001, 17.854000000000003, 17.833000000000002, 25.058, 39.752, 50.835, 36.743, 33.071, 18.865697323527026, 40.45, 52.467, 59.208999999999996, 60.87500000000001, 50.808, 43.965, 40.90414007064925, 51.198140070649245, 32.745748203355234, 22.503, 28.153, 4.987000000000002, 4.078000000000001, 9.536000000000001, 0.4610000000000021, 0.0, 0.0, 0.0, 0.6850000000000023, 7.677000000000003, 2.8130000000000006, 0.0, 0.0, 12.133000000000003, 0.0, 0.0, 0.0, 0.0, 0.0, 0.0, 4.896000000000001, 1.926000000000002, 0.0, 0.0, 0.0, 0.0, 0.0, 0.0, 0.0, 0.0, 0.0, 0.0, 0.0, 0.0, 0.0, 0.0, 0.0, 0.0, 0.0, 0.0, 0.0, 0.0, 0.0, 0.0, 0.0, 0.0, 0.0, 0.0, 0.0, 
0.0, 6.877499840806609, 16.064, 37.978, 30.375, 22.219, 0.0, 4.214999336092131, 0.0, 0.0, 0.0, 0.0, 0.0, 0.0, 5.226348114510259, 0.0, 0.0, 1.4060000000000006, 0.0, 0.0, 0.0, 0.0, 0.0, 0.0, 0.0, 0.0, 0.0, 0.0, 0.0, 7.0070000000000014, 14.440000000000001, 7.902000000000001, 17.854000000000003, 17.833000000000002, 25.058, 39.752, 50.835, 36.743, 33.07290351841545, 18.862000000000002, 40.45, 52.467, 59.208999999999996, 60.87500000000001, 50.808, 43.965, 40.904, 51.198, 32.764656371084726, 22.503, 28.153, 4.987000000000002, 4.078000000000001, 9.536000000000001, 0.47367864334583487, 0.0, 0.0, 0.0, 0.6850000000000023, 7.677000000000003, 2.8130000000000006, 0.0, 0.0, 12.168029256498617, 0.0, 0.0, 0.0, 0.0, 0.0, 0.0, 4.896000000000001, 1.9271995440807892, 0.0, 0.0, 0.0, 0.0, 0.0, 0.0, 0.0, 0.0, 0.0, 0.0, 0.0, 0.0, 0.0, 0.0, 0.0, 0.0, 0.0, 0.0, 0.0, 0.0, 0.0, 0.0, 0.0, 0.0, 0.0, 0.0, 0.0, 
0.0, 6.869, 16.064, 37.978, 30.375, 22.219, 0.0, 4.215427472326143, 0.0, 0.0, 0.0, 0.0, 0.0, 0.0, 5.188622520598344, 0.0, 0.0, 1.4060000000000006, 0.0, 0.0, 0.0, 0.0, 0.0, 0.0, 0.0, 0.0, 0.0, 0.0, 0.0, 7.00784436517737, 14.440786700754913, 7.902000000000001, 17.854000000000003, 17.833000000000002, 25.058, 39.752, 50.835, 36.743, 33.071, 18.862000000000002, 40.45, 52.467, 59.208999999999996, 60.87500000000001, 50.808, 43.965, 40.904, 51.198, 32.743, 22.503, 28.153, 4.987000000000002, 4.078000000000001, 9.536000000000001, 0.4610000000000021, 0.0, 0.0, 0.0, 0.6850000000000023, 7.677000000000003, 2.822050043329492, 0.0, 0.0, 12.133194956482974, 0.0, 0.0, 0.0, 0.0, 0.0, 0.0, 4.896000000000001, 1.926000000000002, 0.0, 0.0, 0.0, 0.0, 0.0, 0.0, 0.0, 0.0, 0.0, 0.0, 0.0, 0.0, 0.0, 0.0, 0.0, 0.0, 0.0, 0.0, 0.0, 0.0, 0.0, 0.0, 0.0, 0.0, 0.0, 0.0, 0.0, 
0.0, 6.869, 16.064, 37.978, 30.37818965515118, 22.219, 0.0, 4.208088208214221, 0.0, 0.0, 0.0, 0.0, 0.0, 0.0, 5.184000000000001, 0.0, 0.0, 1.4060000000000006, 0.0, 0.0, 0.0, 0.0, 0.0, 0.0, 0.0, 0.0, 0.0, 0.0, 0.0, 7.007817984641241, 14.440000000000001, 7.902000000000001, 17.854000000000003, 17.833000000000002, 25.058, 39.752, 50.835, 36.743, 33.071, 18.862000000000002, 40.45, 52.467, 59.208999999999996, 60.87500000000001, 50.808, 43.965, 40.91008885629297, 51.198, 32.74525010927529, 22.503, 28.153, 4.987598038689317, 4.078000000000001, 9.536000000000001, 0.4610000000000021, 0.0, 0.0, 0.0, 0.6850000000000023, 7.677000000000003, 2.8130000000000006, 0.0, 0.0, 12.133056447872754, 0.0, 0.0, 0.0, 0.0, 0.0, 0.0, 4.896000000000001, 1.926000000000002, 0.0, 0.0, 0.0, 0.0, 0.0, 0.0, 0.0, 0.0, 0.0, 0.0, 0.0, 0.0, 0.0, 0.0, 0.0, 0.0, 0.0, 0.0, 0.0, 0.0, 0.0, 0.0, 0.0, 0.0, 0.0, 0.0, 0.0, 
0.0, 6.869, 16.064, 37.978, 30.375, 22.219, 0.0, 4.207000000000001, 0.0, 0.0, 0.0, 0.0, 0.0, 0.0, 5.184000000000001, 0.0, 0.0, 1.4095889605379437, 0.0, 0.0, 0.0, 0.0, 0.0, 0.0, 0.0, 0.0, 0.0, 0.0, 0.0, 7.0070000000000014, 14.440000000000001, 7.902000000000001, 17.854000000000003, 17.833000000000002, 25.058, 39.752, 50.835, 36.75842240957667, 33.071, 18.862000000000002, 40.45, 52.467, 59.208999999999996, 60.87500000000001, 50.808, 43.965, 40.90712662946251, 51.198, 32.743, 22.503, 28.153, 4.987000000000002, 4.078000000000001, 9.536000000000001, 0.4610000000000021, 0.0, 0.0, 0.0, 0.6851988291547393, 7.677000000000003, 2.8130000000000006, 0.0, 0.0, 12.133000000000003, 0.0, 0.0, 0.0, 0.0, 0.0, 0.0, 4.900986012555052, 1.926000000000002, 0.0, 0.0, 0.0, 0.0, 0.0, 0.0, 0.0, 0.0, 0.0, 0.0, 0.0, 0.0, 0.0, 0.0, 0.0, 0.0, 0.0, 0.0, 0.0, 0.0, 0.0, 0.0, 0.0, 0.0, 0.0, 0.0, 0.0, 
0.0, 6.869, 16.064, 37.978, 30.375, 22.219, 0.0, 4.211891911555558, 0.0, 0.0, 0.0, 0.0, 0.0, 0.0, 5.196998563052393, 0.0, 0.0, 1.4060000000000006, 0.0, 0.0, 0.0, 0.0, 0.0, 0.0, 0.0, 0.0, 0.0, 0.0, 0.0, 7.0070000000000014, 14.440000000000001, 7.902000000000001, 17.854000000000003, 17.833000000000002, 25.058, 39.752, 50.835, 36.743, 33.071, 18.86208976221517, 40.45008976221517, 52.467, 59.208999999999996, 60.87500000000001, 50.808, 43.965, 40.905315343041465, 51.19931534304146, 32.743, 22.503, 28.153, 4.987000000000002, 4.078000000000001, 9.536000000000001, 0.4610000000000021, 0.0, 0.0, 0.0, 0.6850000000000023, 7.677000000000003, 2.8130000000000006, 0.0, 0.0, 12.133000000000003, 0.0, 0.0, 0.0, 0.0, 0.0, 0.0, 4.896000000000001, 1.9272217359788968, 0.0, 0.0, 0.0, 0.0, 0.0, 0.0, 0.0, 0.0, 0.0, 0.0, 0.0, 0.0, 0.0, 0.0, 0.0, 0.0, 0.0, 0.0, 0.0, 0.0, 0.0, 0.0, 0.0, 0.0, 0.0, 0.0, 0.0, 
0.0, 6.874133001502818, 16.064, 37.978, 30.375, 22.226414845590057, 0.0, 4.207000000000001, 0.0, 0.0, 0.0, 0.0, 0.0, 0.0, 5.184000000000001, 0.0, 0.0, 1.4060000000000006, 0.0, 0.0, 0.0, 0.0, 0.0, 0.0, 0.0, 0.0, 0.0, 0.0, 0.0, 7.020089585003877, 14.440000000000001, 7.902000000000001, 17.854000000000003, 17.833000000000002, 25.058, 39.752, 50.835, 36.743, 33.071, 18.865406188216777, 40.45, 52.467, 59.208999999999996, 60.87500000000001, 50.808, 43.965, 40.904, 51.198, 32.743, 22.503, 28.153, 4.987000000000002, 4.078000000000001, 9.536000000000001, 0.4610000000000021, 0.0, 0.0, 0.0, 0.6869164001580934, 7.677000000000003, 2.814126776394394, 0.0, 0.0, 12.133000000000003, 0.0, 0.0, 0.0, 0.0, 0.0, 0.0, 4.896000000000001, 1.926000000000002, 0.0, 0.0, 0.0, 0.0, 0.0, 0.0, 0.0, 0.0, 0.0, 0.0, 0.0, 0.0, 0.0, 0.0, 0.0, 0.0, 0.0, 0.0, 0.0, 0.0, 0.0, 0.0, 0.0, 0.0, 0.0, 0.0, 0.0, 
0.0, 6.869069276816351, 16.064, 37.978, 30.375, 22.219, 0.0, 4.207301603560293, 0.0, 0.0, 0.0, 0.0, 0.0, 0.0, 5.184000000000001, 0.0, 0.0, 1.4060000000000006, 0.0, 0.0, 0.0, 0.0, 0.0, 0.0, 0.0, 0.0, 0.0, 0.0, 0.0, 7.0070000000000014, 14.440000000000001, 7.902000000000001, 17.854000000000003, 17.833000000000002, 25.058, 39.752, 50.835, 36.743, 33.071, 18.86455322312372, 40.45, 52.467, 59.208999999999996, 60.87500000000001, 50.808, 43.965, 40.905651800841994, 51.198, 32.743, 22.503, 28.153, 4.987000000000002, 4.078000000000001, 9.536000000000001, 0.4610000000000021, 0.0, 0.0, 0.0, 0.6850000000000023, 7.677000000000003, 2.8130000000000006, 0.0, 0.0, 12.133000000000003, 0.0, 0.0, 0.0, 0.0, 0.0, 0.0, 4.896000000000001, 1.926000000000002, 0.0, 0.0, 0.0, 0.0, 0.0, 0.0, 0.0, 0.0, 0.0, 0.0, 0.0, 0.0, 0.0, 0.0, 0.0, 0.0, 0.0, 0.0, 0.0, 0.0, 0.0, 0.0, 0.0, 0.0, 0.0, 0.0, 0.0, 
0.0, 6.869, 16.064, 37.978, 30.375, 22.219, 0.0, 4.207000000000001, 0.0, 0.0, 0.0, 0.0, 0.0, 0.0, 5.184000000000001, 0.0, 0.0, 1.4060000000000006, 0.0, 0.0, 0.0, 0.0, 0.0, 0.0, 0.0, 0.0, 0.0, 0.0, 0.0, 7.0070000000000014, 14.440000000000001, 7.904246976413582, 17.856246976413583, 17.833000000000002, 25.058, 39.752, 50.835, 36.743, 33.071, 18.862000000000002, 40.45, 52.467, 59.208999999999996, 60.87500000000001, 50.808, 43.965, 40.904, 51.198, 32.743, 22.503, 28.153, 4.987000000000002, 4.078271123261066, 9.536000000000001, 0.4610000000000021, 0.0, 0.0, 0.0, 0.6850000000000023, 7.677000000000003, 2.848342243039239, 0.0, 0.0, 12.133000000000003, 0.0, 0.0, 0.0, 0.0, 0.0, 0.0, 4.896000000000001, 1.9262993686593148, 0.0, 0.0, 0.0, 0.0, 0.0, 0.0, 0.0, 0.0, 0.0, 0.0, 0.0, 0.0, 0.0, 0.0, 0.0, 0.0, 0.0, 0.0, 0.0, 0.0, 0.0, 0.0, 0.0, 0.0, 0.0, 0.0, 0.0, 
0.0, 6.8693724748784355, 16.064, 37.978, 30.375, 22.219, 0.0, 4.207000000000001, 0.0, 0.0, 0.0, 0.0, 0.0, 0.0, 5.184757625972416, 0.0, 0.0, 1.4060000000000006, 0.0, 0.0, 0.0, 0.0, 0.0, 0.0, 0.0, 0.0, 0.0, 0.0, 0.0, 7.0070000000000014, 14.440000000000001, 7.902000000000001, 17.854000000000003, 17.833000000000002, 25.058, 39.752, 50.835, 36.74811059343554, 33.071, 18.86905370480639, 40.45, 52.467, 59.208999999999996, 60.87500000000001, 50.808, 43.965, 40.904, 51.198, 32.743, 22.503, 28.153, 4.987000000000002, 4.078000000000001, 9.536000000000001, 0.4610000000000021, 0.0, 0.0, 0.0, 0.6850000000000023, 7.677000000000003, 2.8152244233947403, 0.0, 0.0, 12.135422654369094, 0.0, 0.0, 0.0, 0.0, 0.0, 0.0, 4.896000000000001, 1.926000000000002, 0.0, 0.0, 0.0, 0.0, 0.0, 0.0, 0.0, 0.0, 0.0, 0.0, 0.0, 0.0, 0.0, 0.0, 0.0, 0.0, 0.0, 0.0, 0.0, 0.0, 0.0, 0.0, 0.0, 0.0, 0.0, 0.0, 0.0, 
0.0, 6.869, 16.064, 37.978, 30.375, 22.219, 0.0, 4.207000000000001, 0.0, 0.0, 0.0, 0.0, 0.0, 0.0, 5.184000000000001, 0.0, 0.0, 1.4060000000000006, 0.0, 0.0, 0.0, 0.0, 0.0, 0.0, 0.0, 0.0, 0.0, 0.0, 0.0, 7.009744014535606, 14.440000000000001, 7.902000000000001, 17.854000000000003, 17.833000000000002, 25.058, 39.752, 50.835, 36.743, 33.07138833043575, 18.862000000000002, 40.45, 52.467, 59.208999999999996, 60.87500000000001, 50.808, 43.965, 40.904, 51.198, 32.743, 22.503, 28.153, 4.987000000000002, 4.078000000000001, 9.536000000000001, 0.4610000000000021, 0.0, 0.0, 0.0, 0.6941470087411545, 7.677000000000003, 2.8130470005977077, 0.0, 0.0, 12.133000000000003, 0.0, 0.0, 0.0, 0.0, 0.0, 0.0, 4.89678714263043, 1.926000000000002, 0.0, 0.0, 0.0, 0.0, 0.0, 0.0, 0.0, 0.0, 0.0, 0.0, 0.0, 0.0, 0.0, 0.0, 0.0, 0.0, 0.0, 0.0, 0.0, 0.0, 0.0, 0.0, 0.0, 0.0, 0.0, 0.0, 0.0, 
0.0, 6.869, 16.064, 37.978, 30.375, 22.219, 0.0, 4.207000000000001, 0.0, 0.0, 0.0, 0.0, 0.0, 0.0, 5.184000000000001, 0.0, 0.0, 1.4060000000000006, 0.0, 0.0, 0.0, 0.0, 0.0, 0.0, 0.0, 0.0, 0.0, 0.0, 0.0, 7.0070000000000014, 14.440000000000001, 7.902000000000001, 17.854000000000003, 17.833000000000002, 25.058, 39.752, 50.835, 36.743, 33.071, 18.873307809158916, 40.45075101814888, 52.467, 59.208999999999996, 60.87500000000001, 50.808, 43.965, 40.904, 51.198, 32.743, 22.503, 28.153, 4.987000000000002, 4.078000000000001, 9.536000000000001, 0.4610000000000021, 0.0, 0.0, 0.0, 0.6850000000000023, 7.677000000000003, 2.8153376497004796, 0.0, 0.0, 12.133000000000003, 0.0, 0.0, 0.0, 0.0, 0.0, 0.0, 4.89997760308842, 1.926000000000002, 0.0, 0.0, 0.0, 0.0, 0.0, 0.0, 0.0, 0.0, 0.0, 0.0, 0.0, 0.0, 0.0, 0.0, 0.0, 0.0, 0.0, 0.0, 0.0, 0.0, 0.0, 0.0, 0.0, 0.0, 0.0, 0.0, 0.0, 
0.0, 6.8696925135557265, 16.064, 37.978, 30.375, 22.219, 0.0, 4.207000000000001, 0.0, 0.0, 0.0, 0.0, 0.0, 0.0, 5.19529997091788, 0.0, 0.0, 1.4078437027345867, 0.0, 0.0, 0.0, 0.0, 0.0, 0.0, 0.0, 0.0, 0.0, 0.0, 0.0, 7.0070000000000014, 14.440000000000001, 7.902000000000001, 17.854000000000003, 17.833000000000002, 25.058, 39.752, 50.835, 36.743, 33.071, 18.86399261104989, 40.45199261104989, 52.467, 59.208999999999996, 60.87500000000001, 50.808, 43.96708250984538, 40.906877206558526, 51.19958613567494, 32.743, 22.503, 28.153, 4.987000000000002, 4.078000000000001, 9.536000000000001, 0.46571120975550073, 0.0, 0.0, 0.0, 0.6850000000000023, 7.677000000000003, 2.8130000000000006, 0.0, 0.0, 12.133860777608554, 0.0, 0.0, 0.0, 0.0, 0.0, 0.0, 4.896000000000001, 1.926031053690462, 0.0, 0.0, 0.0, 0.0, 0.0, 0.0, 0.0, 0.0, 0.0, 0.0, 0.0, 0.0, 0.0, 0.0, 0.0, 0.0, 0.0, 0.0, 0.0, 0.0, 0.0, 0.0, 0.0, 0.0, 0.0, 0.0, 0.0, 
0.0, 6.869, 16.064, 37.978, 30.375, 22.219, 0.0, 4.207000000000001, 0.0, 0.0, 0.0, 0.0, 0.0, 0.0, 5.192564102626273, 0.0, 0.0, 1.4060000000000006, 0.0, 0.0, 0.0, 0.0, 0.0, 0.0, 0.0, 0.0, 0.0, 0.0, 0.0, 7.0070000000000014, 14.440000000000001, 7.902000000000001, 17.854000000000003, 17.833000000000002, 25.058, 39.752, 50.835, 36.743, 33.071, 18.862000000000002, 40.45, 52.467, 59.208999999999996, 60.87500000000001, 50.808, 43.965, 40.904, 51.198, 32.743, 22.503, 28.153, 4.987000000000002, 4.078000000000001, 9.536000000000001, 0.4610000000000021, 0.0, 0.0, 0.0, 0.6850000000000023, 7.677000000000003, 2.8130000000000006, 0.0, 0.0, 12.133000000000003, 0.0, 0.0, 0.0, 0.0, 0.0, 0.0, 4.896000000000001, 1.926000000000002, 0.0, 0.0, 0.0, 0.0, 0.0, 0.0, 0.0, 0.0, 0.0, 0.0, 0.0, 0.0, 0.0, 0.0, 0.0, 0.0, 0.0, 0.0, 0.0, 0.0, 0.0, 0.0, 0.0, 0.0, 0.0, 0.0, 0.0, 
0.0, 6.883000335204581, 16.064, 37.978, 30.375, 22.219, 0.0, 4.207000000000001, 0.0, 0.0, 0.0, 0.0, 0.0, 0.0, 5.184000000000001, 0.0, 0.0, 1.4060000000000006, 0.0, 0.0, 0.0, 0.0, 0.0, 0.0, 0.0, 0.0, 0.0, 0.0, 0.0, 7.008065625608683, 14.441065625608683, 7.903234324439566, 17.854000000000003, 17.833000000000002, 25.058, 39.752, 50.835, 36.743, 33.071, 18.862000000000002, 40.45, 52.467, 59.208999999999996, 60.87500000000001, 50.808, 43.965, 40.9040675844939, 51.198, 32.743, 22.503, 28.153, 5.00680121159326, 4.078000000000001, 9.536000000000001, 0.4610000000000021, 0.0, 0.0, 0.0, 0.6862669388444687, 7.677000000000003, 2.8130000000000006, 0.0, 0.0, 12.133000000000003, 0.0, 0.0, 0.0, 0.0, 0.0, 0.0, 4.896000000000001, 1.926000000000002, 0.0, 0.0, 0.0, 0.0, 0.0, 0.0, 0.0, 0.0, 0.0, 0.0, 0.0, 0.0, 0.0, 0.0, 0.0, 0.0, 0.0, 0.0, 0.0, 0.0, 0.0, 0.0, 0.0, 0.0, 0.0, 0.0, 0.0, 
0.0, 6.869, 16.064, 37.978, 30.375, 22.219, 0.0, 4.207000000000001, 0.0, 0.0, 0.0, 0.0, 0.0, 0.0, 5.184000000000001, 0.0, 0.0, 1.4060000000000006, 0.0, 0.0, 0.0, 0.0, 0.0, 0.0, 0.0, 0.0, 0.0, 0.0, 0.0, 7.013873606287962, 14.440000000000001, 7.902000000000001, 17.854000000000003, 17.833000000000002, 25.058, 39.752, 50.835, 36.743, 33.071, 18.862000000000002, 40.45, 52.467, 59.208999999999996, 60.87500000000001, 50.808, 43.965882431134894, 40.904, 51.198, 32.743, 22.503, 28.153, 4.987000000000002, 4.078000000000001, 9.536000000000001, 0.4624330348724577, 0.0, 0.0, 0.0, 0.6850000000000023, 7.677000000000003, 2.8130000000000006, 0.0, 0.0, 12.133000000000003, 0.0, 0.0, 0.0, 0.0, 0.0, 0.0, 4.896000000000001, 1.926000000000002, 0.0, 0.0, 0.0, 0.0, 0.0, 0.0, 0.0, 0.0, 0.0, 0.0, 0.0, 0.0, 0.0, 0.0, 0.0, 0.0, 0.0, 0.0, 0.0, 0.0, 0.0, 0.0, 0.0, 0.0, 0.0, 0.0, 0.0, 
0.0, 6.869, 16.064, 37.978, 30.375, 22.219, 0.0, 4.207000000000001, 0.0, 0.0, 0.0, 0.0, 0.0, 0.0, 5.184000000000001, 0.0, 0.0, 1.4060000000000006, 0.0, 0.0, 0.0, 0.0, 0.0, 0.0, 0.0, 0.0, 0.0, 0.0, 0.0, 7.0070000000000014, 14.440000000000001, 7.902000000000001, 17.854000000000003, 17.833000000000002, 25.058, 39.752, 50.835, 36.743, 33.071, 18.862000000000002, 40.45, 52.467, 59.208999999999996, 60.87500000000001, 50.808, 43.968751010300394, 40.904, 51.198, 32.743, 22.503, 28.153, 4.987000000000002, 4.078000000000001, 9.536000000000001, 0.4610000000000021, 0.0, 0.0, 0.0, 0.6850000000000023, 7.677000000000003, 2.8130000000000006, 0.0, 0.0, 12.133000000000003, 0.0, 0.0, 0.0, 0.0, 0.0, 0.0, 4.896000000000001, 1.926000000000002, 0.0, 0.0, 0.0, 0.0, 0.0, 0.0, 0.0, 0.0, 0.0, 0.0, 0.0, 0.0, 0.0, 0.0, 0.0, 0.0, 0.0, 0.0, 0.0, 0.0, 0.0, 0.0, 0.0, 0.0, 0.0, 0.0, 0.0, 
0.0, 6.87133237784645, 16.064, 37.978, 30.375, 22.221819116204216, 0.0, 4.208064870213665, 0.0, 0.0, 0.0, 0.0, 0.0, 0.0, 5.184000000000001, 0.0, 0.0, 1.4079893321010015, 0.0, 0.0, 0.0, 0.0, 0.0, 0.0, 0.0, 0.0, 0.0, 0.0, 0.0, 7.0070000000000014, 14.440000000000001, 7.902000000000001, 17.854000000000003, 17.833000000000002, 25.058, 39.752, 50.835, 36.743, 33.071, 18.869290839074267, 40.45, 52.467, 59.208999999999996, 60.87500000000001, 50.808, 43.965, 40.904, 51.198, 32.743, 22.503, 28.153, 4.987000000000002, 4.078000000000001, 9.536000000000001, 0.4610000000000021, 0.0, 0.0, 0.0, 0.6850000000000023, 7.677000000000003, 2.8130000000000006, 0.0, 0.0, 12.133000000000003, 0.0, 0.0, 0.0, 0.0, 0.0, 0.0, 4.896000000000001, 1.926000000000002, 0.0, 0.0, 0.0, 0.0, 0.0, 0.0, 0.0, 0.0, 0.0, 0.0, 0.0, 0.0, 0.0, 0.0, 0.0, 0.0, 0.0, 0.0, 0.0, 0.0, 0.0, 0.0, 0.0, 0.0, 0.0, 0.0, 0.0, 
0.0, 6.8690928085355765, 16.064, 37.978, 30.375, 22.219, 0.0, 4.207000000000001, 0.0, 0.0, 0.0, 0.0, 0.0, 0.0, 5.184000000000001, 0.0, 0.0, 1.4060000000000006, 0.0, 0.0, 0.0, 0.0, 0.0, 0.0, 0.0, 0.0, 0.0, 0.0, 0.0, 7.0070000000000014, 14.440000000000001, 7.902000000000001, 17.854000000000003, 17.833000000000002, 25.058, 39.752, 50.835, 36.743, 33.071, 18.86228973561144, 40.45, 52.467, 59.208999999999996, 60.87500000000001, 50.808, 43.965, 40.904, 51.198, 32.743, 22.503, 28.153, 4.987000000000002, 4.078000000000001, 9.536000000000001, 0.4717472187830154, 0.0, 0.0, 0.0, 0.7855812409294529, 7.6968109421886, 2.8130000000000006, 0.0, 0.0, 12.133000000000003, 0.0, 0.0, 0.0, 0.0, 0.0, 0.0, 4.896000000000001, 1.926000000000002, 0.0, 0.0, 0.0, 0.0, 0.0, 0.0, 0.0, 0.0, 0.0, 0.0, 0.0, 0.0, 0.0, 0.0, 0.0, 0.0, 0.0, 0.0, 0.0, 0.0, 0.0, 0.0, 0.0, 0.0, 0.0, 0.0, 0.0, 
0.0, 6.871548460414164, 16.064, 37.978, 30.375, 22.219, 0.0, 4.207000000000001, 0.0, 0.0, 0.0, 0.0, 0.0, 0.0, 5.184000000000001, 0.0, 0.0, 1.4062795163321713, 0.0, 0.0, 0.0, 0.0, 0.0, 0.0, 0.0, 0.0, 0.0, 0.0, 0.0, 7.0070000000000014, 14.440000000000001, 7.902000000000001, 17.854000000000003, 17.833000000000002, 25.058, 39.752, 50.835, 36.743, 33.071, 18.862000000000002, 40.45, 52.467, 59.208999999999996, 60.87500000000001, 50.808, 43.965, 40.904, 51.198, 32.743, 22.503, 28.153, 4.987000000000002, 4.078000000000001, 9.536000000000001, 0.4610000000000021, 0.0, 0.0, 0.0, 0.6850000000000023, 7.677000000000003, 2.8130000000000006, 0.0, 0.0, 12.133000000000003, 0.0, 0.0, 0.0, 0.0, 0.0, 0.0, 4.896000000000001, 1.926000000000002, 0.0, 0.0, 0.0, 0.0, 0.0, 0.0, 0.0, 0.0, 0.0, 0.0, 0.0, 0.0, 0.0, 0.0, 0.0, 0.0, 0.0, 0.0, 0.0, 0.0, 0.0, 0.0, 0.0, 0.0, 0.0, 0.0, 0.0, 
