0.0, 0.0, 0.0, 0.0, 0.0, 0.0, 0.0, 0.0, 0.49900000000000055, 3.575000000000003, 3.575000000000003, 3.575000000000003, 3.575000000000003, 8.117000000000004, 8.154000000000003, 8.154000000000003, 8.154000000000003, 8.154000000000003, 4.498000000000003, 1.5310000000000024, 1.5310000000000024, 1.5310000000000024, 1.5310000000000024, 0.1460000000000008, 1.3130000000000006, 1.3130000000000006, 1.3130000000000006, 1.3130000000000006, 4.151000000000002, 2.838000000000001, 4.410000000000002, 4.410000000000002, 4.410000000000002, 1.572000000000001, 1.572000000000001, 12.124000000000002, 12.124000000000002, 12.124000000000002, 12.124000000000002, 12.124000000000002, 9.125, 9.125, 9.125, 9.125, 9.125, 3.9460000000000015, 3.9460000000000015, 3.9460000000000015, 8.278000000000002, 8.278000000000002, 7.029000000000002, 13.125000000000004, 13.125000000000004, 8.793000000000003, 8.793000000000003, 7.753000000000004, 8.785000000000002, 12.115000000000004, 13.176000000000005, 13.176000000000005, 11.519000000000004, 6.143000000000004, 2.8130000000000024, 6.6320000000000014, 6.6320000000000014, 6.6320000000000014, 10.879000000000001, 10.879000000000001, 8.555896984898006, 8.554000000000002, 8.554000000000002, 9.521000000000003, 9.521000000000003, 6.966000000000001, 6.966000000000001, 6.966000000000001, 13.753, 13.753, 13.753, 13.753, 13.753, 15.089000000000002, 15.089000000000002, 15.089000000000002, 15.089000000000002, 15.089000000000002, 16.742, 16.742, 16.742, 16.742, 16.742, 14.16989977757769, 14.157, 14.157, 14.157, 14.157, 9.174000000000003, 9.174000000000003, 9.174000000000003, 
0.0, 0.0, 0.0, 0.0, 0.0, 0.0, 0.0, 0.0, 0.49900000000000055, 3.575000000000003, 3.575000000000003, 3.575000000000003, 3.575000000000003, 8.117000000000004, 8.154000000000003, 8.154000000000003, 8.154000000000003, 8.154000000000003, 4.509394015923837, 1.5310000000000024, 1.5310000000000024, 1.5310000000000024, 1.5310000000000024, 0.1460000000000008, 1.3130000000000006, 1.3130000000000006, 1.3130000000000006, 1.3130000000000006, 4.151000000000002, 2.838000000000001, 4.410000000000002, 4.410000000000002, 4.410000000000002, 1.572000000000001, 1.572000000000001, 12.124000000000002, 12.124000000000002, 12.124000000000002, 12.124000000000002, 12.124000000000002, 9.125, 9.125, 9.125, 9.125, 9.125, 3.9460000000000015, 3.9460000000000015, 3.9460000000000015, 8.278000000000002, 8.278000000000002, 7.029000000000002, 13.125000000000004, 13.125000000000004, 8.793000000000003, 8.793000000000003, 7.753000000000004, 8.785000000000002, 12.115000000000004, 13.176000000000005, 13.176000000000005, 11.5190376539646, 6.24431757313857, 2.8130000000000024, 6.6320000000000014, 6.6320000000000014, 6.6320000000000014, 10.879000000000001, 10.879000000000001, 8.554000000000002, 8.554000000000002, 8.554000000000002, 9.521000000000003, 9.521000000000003, 6.97229974066509, 6.966000000000001, 6.966000000000001, 13.753, 13.753, 13.753, 13.753, 13.753, 15.089000000000002, 15.089000000000002, 15.089000000000002, 15.089000000000002, 15.089000000000002, 16.742, 16.742, 16.742, 16.742, 16.742, 14.157, 14.157, 14.157, 14.157, 14.157, 9.174000000000003, 9.174000000000003, 9.174000000000003, 
0.0, 0.0, 0.0, 0.0, 0.0, 0.0, 0.0, 0.0, 0.49900000000000055, 3.575000000000003, 3.575000000000003, 3.575000000000003, 3.575000000000003, 8.117000000000004, 8.154000000000003, 8.154000000000003, 8.154000000000003, 8.154000000000003, 4.498000000000003, 1.5310000000000024, 1.5310000000000024, 1.5310000000000024, 1.5310000000000024, 0.1460000000000008, 1.3130000000000006, 1.3130000000000006, 1.3130000000000006, 1.3130000000000006, 4.151000000000002, 2.8434203000711307, 4.41547890489217, 4.41364212675701, 4.410000000000002, 1.572000000000001, 1.572000000000001, 12.124000000000002, 12.124000000000002, 12.124000000000002, 12.124000000000002, 12.124000000000002, 9.125, 9.125, 9.125, 9.125, 9.125, 3.9460000000000015, 3.9460000000000015, 3.9460000000000015, 8.278000000000002, 8.278000000000002, 7.029000000000002, 13.125000000000004, 13.125000000000004, 8.793000000000003, 8.793000000000003, 7.753000000000004, 8.785000000000002, 12.115000000000004, 13.176000000000005, 13.176000000000005, 11.519000000000004, 6.143000000000004, 2.8130000000000024, 6.6320000000000014, 6.6320000000000014, 6.6320000000000014, 10.879000000000001, 10.879000000000001, 8.578461821873525, 8.554000000000002, 8.554000000000002, 9.521000000000003, 9.521000000000003, 6.966000000000001, 6.966000000000001, 6.966000000000001, 13.753, 13.753, 13.753, 13.753, 13.753, 15.089000000000002, 15.089000000000002, 15.089000000000002, 15.089000000000002, 15.089000000000002, 16.742, 16.742, 16.742, 16.742, 16.742, 14.157, 14.157, 14.157, 14.157, 14.157, 9.174000000000003, 9.174000000000003, 9.174000000000003, 
0.0, 0.0, 0.0, 0.0, 0.0, 0.0, 0.0, 0.0, 0.501531843138709, 3.575000000000003, 3.575000000000003, 3.575000000000003, 3.575000000000003, 8.117000000000004, 8.154000000000003, 8.154000000000003, 8.154000000000003, 8.154000000000003, 4.498000000000003, 1.5310000000000024, 1.5310000000000024, 1.5310000000000024, 1.5310000000000024, 0.1460000000000008, 1.3130000000000006, 1.3130000000000006, 1.3130000000000006, 1.3130000000000006, 4.151000000000002, 2.838000000000001, 4.410000000000002, 4.410000000000002, 4.410000000000002, 1.572000000000001, 1.572000000000001, 12.124000000000002, 12.124000000000002, 12.124000000000002, 12.124000000000002, 12.124000000000002, 9.125, 9.125, 9.125, 9.125, 9.125, 3.9460000000000015, 3.9460000000000015, 3.9460000000000015, 8.278000000000002, 8.278000000000002, 7.029000000000002, 13.125000000000004, 13.125000000000004, 8.793000000000003, 8.793000000000003, 7.753000000000004, 8.785000000000002, 12.115000000000004, 13.176000000000005, 13.176000000000005, 11.546931343948634, 6.146336437828207, 2.8130000000000024, 6.6320000000000014, 6.6320000000000014, 6.6320000000000014, 10.879000000000001, 10.879000000000001, 8.554000000000002, 8.554000000000002, 8.554000000000002, 9.521000000000003, 9.521000000000003, 6.966000000000001, 6.966000000000001, 6.966000000000001, 13.753, 13.753, 13.753, 13.753, 13.753, 15.089000000000002, 15.089000000000002, 15.089000000000002, 15.089000000000002, 15.089000000000002, 16.742, 16.742, 16.742, 16.742, 16.742, 14.157, 14.157, 14.157, 14.157, 14.157, 9.174000000000003, 9.174000000000003, 9.174000000000003, 
0.0, 0.0, 0.0, 0.0, 0.0, 0.0, 0.0, 0.0, 0.49900000000000055, 3.575000000000003, 3.575000000000003, 3.575000000000003, 3.575000000000003, 8.117000000000004, 8.154000000000003, 8.154000000000003, 8.154000000000003, 8.154000000000003, 4.498000000000003, 1.5310000000000024, 1.5310000000000024, 1.5310000000000024, 1.5310000000000024, 0.1460000000000008, 1.3130000000000006, 1.3130000000000006, 1.3130000000000006, 1.3130000000000006, 4.151000000000002, 2.838000000000001, 4.410000000000002, 4.410000000000002, 4.410000000000002, 1.572000000000001, 1.572000000000001, 12.124000000000002, 12.124000000000002, 12.124000000000002, 12.124000000000002, 12.124000000000002, 9.125, 9.125, 9.125, 9.125, 9.125, 3.9460000000000015, 3.9460000000000015, 3.9460000000000015, 8.278000000000002, 8.278000000000002, 7.029000000000002, 13.125000000000004, 13.125000000000004, 8.793000000000003, 8.793000000000003, 7.753000000000004, 8.785000000000002, 12.115000000000004, 13.176000000000005, 13.176000000000005, 11.519000000000004, 6.143000000000004, 2.8130000000000024, 6.6320000000000014, 6.6320000000000014, 6.6320000000000014, 10.879000000000001, 10.879000000000001, 8.554000000000002, 8.554000000000002, 8.554000000000002, 9.521000000000003, 9.521000000000003, 6.966000000000001, 6.966000000000001, 6.966000000000001, 13.753, 13.753, 13.753, 13.753, 13.753, 15.089000000000002, 15.089000000000002, 15.089000000000002, 15.089000000000002, 15.089000000000002, 16.742, 16.742, 16.742, 16.742, 16.742, 14.157, 14.157, 14.157, 14.157, 14.157, 9.181537010917303, 9.174000000000003, 9.174000000000003, 
0.0, 0.0, 0.0, 0.0, 0.0, 0.0, 0.0, 0.0, 0.49900000000000055, 3.575000000000003, 3.575000000000003, 3.575000000000003, 3.575000000000003, 8.117000000000004, 8.154000000000003, 8.154000000000003, 8.154000000000003, 8.154000000000003, 4.498000000000003, 1.5310000000000024, 1.5310000000000024, 1.5310000000000024, 1.5310000000000024, 0.1646837571214128, 1.3130000000000006, 1.3130000000000006, 1.3130000000000006, 1.3130000000000006, 4.151000000000002, 2.838000000000001, 4.410000000000002, 4.410000000000002, 4.410000000000002, 1.572000000000001, 1.572000000000001, 12.124000000000002, 12.124000000000002, 12.124000000000002, 12.124000000000002, 12.124000000000002, 9.125, 9.125, 9.125, 9.125, 9.125, 3.946431419314891, 3.9460000000000015, 3.9460000000000015, 8.278000000000002, 8.278000000000002, 7.029000000000002, 13.125000000000004, 13.125000000000004, 8.793000000000003, 8.793000000000003, 7.753000000000004, 8.785000000000002, 12.115000000000004, 13.176000000000005, 13.176000000000005, 11.519000000000004, 6.143000000000004, 2.8130000000000024, 6.6320000000000014, 6.6320000000000014, 6.6320000000000014, 10.879000000000001, 10.879000000000001, 8.554000000000002, 8.554000000000002, 8.554000000000002, 9.521000000000003, 9.521000000000003, 6.966000000000001, 6.966000000000001, 6.966000000000001, 13.753, 13.753, 13.753, 13.753, 13.753, 15.089000000000002, 15.089000000000002, 15.089000000000002, 15.089000000000002, 15.089000000000002, 16.742, 16.742, 16.742, 16.742, 16.742, 14.157, 14.157, 14.157, 14.157, 14.157, 9.174000000000003, 9.174000000000003, 9.174000000000003, 
0.0, 0.0, 0.0, 0.0, 0.0, 0.0, 0.0, 0.0, 0.49900000000000055, 3.575000000000003, 3.575000000000003, 3.575000000000003, 3.575000000000003, 8.117000000000004, 8.154000000000003, 8.154000000000003, 8.154000000000003, 8.154000000000003, 4.498000000000003, 1.5310000000000024, 1.5310000000000024, 1.5310000000000024, 1.5310000000000024, 0.1460000000000008, 1.3130000000000006, 1.3130000000000006, 1.3130000000000006, 1.3130000000000006, 4.151000000000002, 2.8394123788058927, 4.410000000000002, 4.410000000000002, 4.410000000000002, 1.572000000000001, 1.572000000000001, 12.124000000000002, 12.124000000000002, 12.124000000000002, 12.124000000000002, 12.124000000000002, 9.125, 9.125, 9.125, 9.125, 9.125, 3.9460000000000015, 3.9460000000000015, 3.9460000000000015, 8.278000000000002, 8.278000000000002, 7.212627219769592, 13.13457803357884, 13.125000000000004, 8.793000000000003, 8.793000000000003, 7.753000000000004, 8.785000000000002, 12.115000000000004, 13.176000000000005, 13.176000000000005, 11.56500201367169, 6.143000000000004, 2.8130000000000024, 6.6320000000000014, 6.6320000000000014, 6.6320000000000014, 10.879000000000001, 10.879000000000001, 8.554000000000002, 8.554000000000002, 8.554000000000002, 9.521000000000003, 9.521000000000003, 6.966000000000001, 6.966000000000001, 6.966000000000001, 13.753, 13.753, 13.753, 13.753, 13.753, 15.089000000000002, 15.089000000000002, 15.089000000000002, 15.089000000000002, 15.089000000000002, 16.742, 16.742, 16.742, 16.742, 16.742, 14.157, 14.157, 14.157, 14.157, 14.157, 9.176754700203219, 9.174000000000003, 9.174000000000003, 
0.0, 0.0, 0.0, 0.0, 0.0, 0.0, 0.0, 0.0, 0.49900000000000055, 3.575000000000003, 3.575000000000003, 3.575000000000003, 3.575000000000003, 8.117000000000004, 8.154000000000003, 8.154000000000003, 8.154000000000003, 8.154000000000003, 4.498000000000003, 1.5310000000000024, 1.5310000000000024, 1.5310000000000024, 1.5310000000000024, 0.1460000000000008, 1.3130000000000006, 1.3130000000000006, 1.3130000000000006, 1.3130000000000006, 4.151000000000002, 2.838000000000001, 4.410000000000002, 4.410000000000002, 4.410000000000002, 1.572000000000001, 1.572000000000001, 12.124000000000002, 12.124000000000002, 12.124000000000002, 12.124000000000002, 12.124000000000002, 9.125, 9.125, 9.125, 9.125, 9.125, 3.9460000000000015, 3.9460000000000015, 3.9460000000000015, 8.278000000000002, 8.278000000000002, 7.029000000000002, 13.125000000000004, 13.125000000000004, 8.793000000000003, 8.793000000000003, 7.753000000000004, 8.785000000000002, 12.115000000000004, 13.176000000000005, 13.176000000000005, 11.519000000000004, 6.143000000000004, 2.8130000000000024, 6.6320000000000014, 6.6320000000000014, 6.6320000000000014, 10.879000000000001, 10.879000000000001, 8.554000000000002, 8.554000000000002, 8.554000000000002, 9.521000000000003, 9.521000000000003, 6.966000000000001, 6.966000000000001, 6.966000000000001, 13.753, 13.753, 13.753, 13.753, 13.753, 15.089000000000002, 15.089000000000002, 15.089000000000002, 15.089000000000002, 15.089000000000002, 16.742, 16.742, 16.742, 16.742, 16.742, 14.169107185680467, 14.157, 14.157, 14.157, 14.157, 9.174000000000003, 9.174000000000003, 9.174000000000003, 
0.0, 0.0, 0.0, 0.0, 0.0, 0.0, 0.0, 0.0, 0.49900000000000055, 3.575000000000003, 3.575000000000003, 3.575000000000003, 3.575000000000003, 8.117000000000004, 8.154000000000003, 8.154000000000003, 8.154000000000003, 8.154000000000003, 4.498040228652092, 1.5310000000000024, 1.5310000000000024, 1.5310000000000024, 1.5310000000000024, 0.1460000000000008, 1.3130000000000006, 1.3130000000000006, 1.3130000000000006, 1.3130000000000006, 4.151000000000002, 2.838000000000001, 4.410000000000002, 4.410000000000002, 4.410000000000002, 1.572000000000001, 1.572000000000001, 12.124000000000002, 12.124000000000002, 12.124000000000002, 12.124000000000002, 12.124000000000002, 9.127000928081213, 9.125, 9.125, 9.125, 9.125, 3.9460000000000015, 3.9460000000000015, 3.9460000000000015, 8.278000000000002, 8.278000000000002, 7.029000000000002, 13.125000000000004, 13.125000000000004, 8.793000000000003, 8.793000000000003, 7.753000000000004, 8.785000000000002, 12.115000000000004, 13.176000000000005, 13.176000000000005, 11.519000000000004, 6.143000000000004, 2.8130215087710795, 6.6320000000000014, 6.6320000000000014, 6.6320000000000014, 10.879000000000001, 10.879000000000001, 8.554000000000002, 8.554000000000002, 8.554000000000002, 9.521000000000003, 9.521000000000003, 6.966875515772358, 6.966875515772358, 6.966875515772358, 13.753, 13.753, 13.753, 13.753, 13.753, 15.089000000000002, 15.089000000000002, 15.089000000000002, 15.089000000000002, 15.089000000000002, 16.742, 16.742, 16.742, 16.742, 16.742, 14.157081778148875, 14.157081778148875, 14.157, 14.157, 14.157, 9.174000000000003, 9.174000000000003, 9.174000000000003, 
0.0, 0.0, 0.0, 0.0, 0.0, 0.0, 0.0, 0.0, 0.49900000000000055, 3.575000000000003, 3.575000000000003, 3.575000000000003, 3.575000000000003, 8.117000000000004, 8.154000000000003, 8.154000000000003, 8.154000000000003, 8.154000000000003, 4.498000000000003, 1.5416135020484738, 1.5310000000000024, 1.5310000000000024, 1.5310000000000024, 0.1460000000000008, 1.3130000000000006, 1.3130000000000006, 1.3130000000000006, 1.3130000000000006, 4.151000000000002, 2.838000000000001, 4.410000000000002, 4.410000000000002, 4.410000000000002, 1.572000000000001, 1.572000000000001, 12.124000000000002, 12.124000000000002, 12.124000000000002, 12.124000000000002, 12.124000000000002, 9.126362895564558, 9.125, 9.125, 9.125, 9.125, 3.9460000000000015, 3.9460000000000015, 3.9460000000000015, 8.278000000000002, 8.278000000000002, 7.043775611982545, 13.126079053165597, 13.125000000000004, 8.793000000000003, 8.793000000000003, 7.753000000000004, 8.785000000000002, 12.115000000000004, 13.176000000000005, 13.176000000000005, 11.519000000000004, 6.143000000000004, 2.8130000000000024, 6.6320000000000014, 6.6320000000000014, 6.6320000000000014, 10.879000000000001, 10.879000000000001, 8.554000000000002, 8.554000000000002, 8.554000000000002, 9.521000000000003, 9.521000000000003, 6.966000000000001, 6.966000000000001, 6.966000000000001, 13.753, 13.753, 13.753, 13.753, 13.753, 15.089000000000002, 15.089000000000002, 15.089000000000002, 15.089000000000002, 15.089000000000002, 16.742, 16.742, 16.742, 16.742, 16.742, 14.157, 14.157, 14.157, 14.157, 14.157, 9.174000000000003, 9.174000000000003, 9.174000000000003, 
0.0, 0.0, 0.0, 0.0, 0.0, 0.0, 0.0, 0.0, 0.5072429207680624, 3.575000000000003, 3.575000000000003, 3.575000000000003, 3.575000000000003, 8.117000000000004, 8.154000000000003, 8.154000000000003, 8.154000000000003, 8.154000000000003, 4.498000000000003, 1.5310000000000024, 1.5310000000000024, 1.5310000000000024, 1.5310000000000024, 0.1460000000000008, 1.3130000000000006, 1.3130000000000006, 1.3130000000000006, 1.3130000000000006, 4.151000000000002, 2.8398491783007067, 4.410000000000002, 4.410000000000002, 4.410000000000002, 1.572000000000001, 1.572000000000001, 12.124000000000002, 12.124000000000002, 12.124000000000002, 12.124000000000002, 12.124000000000002, 9.125, 9.125, 9.125, 9.125, 9.125, 3.9460000000000015, 3.9460000000000015, 3.9460000000000015, 8.278000000000002, 8.278000000000002, 7.029000000000002, 13.125000000000004, 13.125000000000004, 8.793000000000003, 8.793000000000003, 7.753000000000004, 8.785000000000002, 12.115000000000004, 13.176000000000005, 13.176000000000005, 11.519000000000004, 6.143000000000004, 2.8130000000000024, 6.6320000000000014, 6.6320000000000014, 6.6320000000000014, 10.879000000000001, 10.879000000000001, 8.554000000000002, 8.554000000000002, 8.554000000000002, 9.521000000000003, 9.521000000000003, 6.966000000000001, 6.966000000000001, 6.966000000000001, 13.753, 13.753, 13.753, 13.753, 13.753, 15.089000000000002, 15.089000000000002, 15.089000000000002, 15.089000000000002, 15.089000000000002, 16.742, 16.742, 16.742, 16.742, 16.742, 14.157, 14.157, 14.157, 14.157, 14.157, 9.174000000000003, 9.174000000000003, 9.174000000000003, 
0.0, 0.0, 0.0, 0.0, 0.0, 0.0, 0.0, 0.0, 0.501152568672973, 3.575000000000003, 3.575000000000003, 3.575000000000003, 3.575000000000003, 8.117000000000004, 8.154000000000003, 8.154000000000003, 8.154000000000003, 8.154000000000003, 4.498000000000003, 1.5310000000000024, 1.5310000000000024, 1.5310000000000024, 1.5310000000000024, 0.1460000000000008, 1.3130000000000006, 1.3130000000000006, 1.3130000000000006, 1.3130000000000006, 4.151000000000002, 2.838000000000001, 4.410000000000002, 4.410000000000002, 4.410000000000002, 1.572000000000001, 1.572000000000001, 12.124000000000002, 12.124000000000002, 12.124000000000002, 12.124000000000002, 12.124000000000002, 9.127599119485279, 9.127599119485279, 9.125, 9.125, 9.125, 3.960765845829517, 3.9460000000000015, 3.9460000000000015, 8.278000000000002, 8.278000000000002, 7.029000000000002, 13.125000000000004, 13.125000000000004, 8.793000000000003, 8.793000000000003, 7.753000000000004, 8.785000000000002, 12.115000000000004, 13.176000000000005, 13.176000000000005, 11.519000000000004, 6.143000000000004, 2.8130000000000024, 6.6320000000000014, 6.6320000000000014, 6.6320000000000014, 10.879000000000001, 10.879000000000001, 8.554000000000002, 8.554000000000002, 8.554000000000002, 9.521000000000003, 9.521000000000003, 6.9677730215200775, 6.966000000000001, 6.966000000000001, 13.753, 13.753, 13.753, 13.753, 13.753, 15.089000000000002, 15.089000000000002, 15.089000000000002, 15.089000000000002, 15.089000000000002, 16.742, 16.742, 16.742, 16.742, 16.742, 14.157, 14.157, 14.157, 14.157, 14.157, 9.176242140981568, 9.174000000000003, 9.174000000000003, 
0.0, 0.0, 0.0, 0.0, 0.0, 0.0, 0.0, 0.0, 0.49900000000000055, 3.575000000000003, 3.575000000000003, 3.575000000000003, 3.575000000000003, 8.117000000000004, 8.154000000000003, 8.154000000000003, 8.154000000000003, 8.154000000000003, 4.498000000000003, 1.5312582407097786, 1.5312582407097786, 1.5312582407097786, 1.5310000000000024, 0.1460000000000008, 1.3130000000000006, 1.3130000000000006, 1.3130000000000006, 1.3130000000000006, 4.151000000000002, 2.838000000000001, 4.410000000000002, 4.410000000000002, 4.410000000000002, 1.572000000000001, 1.572000000000001, 12.124000000000002, 12.124000000000002, 12.124000000000002, 12.124000000000002, 12.124000000000002, 9.125, 9.125, 9.125, 9.125, 9.125, 3.9460000000000015, 3.9460000000000015, 3.9460000000000015, 8.278000000000002, 8.278000000000002, 7.033906781177391, 13.125000000000004, 13.125000000000004, 8.804465546422332, 8.793000000000003, 7.753000000000004, 8.785000000000002, 12.115000000000004, 13.176000000000005, 13.176000000000005, 11.519000000000004, 6.143000000000004, 2.8130000000000024, 6.6320000000000014, 6.6320000000000014, 6.6320000000000014, 10.879000000000001, 10.879000000000001, 8.56834976897813, 8.554000000000002, 8.554000000000002, 9.521000000000003, 9.521000000000003, 6.966000000000001, 6.966000000000001, 6.966000000000001, 13.753, 13.753, 13.753, 13.753, 13.753, 15.089000000000002, 15.089000000000002, 15.089000000000002, 15.089000000000002, 15.089000000000002, 16.742, 16.742, 16.742, 16.742, 16.742, 14.157, 14.157, 14.157, 14.157, 14.157, 9.17707873315965, 9.174000000000003, 9.174000000000003, 
0.0, 0.0, 0.0, 0.0, 0.0, 0.0, 0.0, 0.0, 0.49900000000000055, 3.575000000000003, 3.575000000000003, 3.575000000000003, 3.575000000000003, 8.117000000000004, 8.154000000000003, 8.154000000000003, 8.154000000000003, 8.154000000000003, 4.498000000000003, 1.5310000000000024, 1.5310000000000024, 1.5310000000000024, 1.5310000000000024, 0.1460000000000008, 1.3130000000000006, 1.3130000000000006, 1.3130000000000006, 1.3130000000000006, 4.151000000000002, 2.845324914151334, 4.424649828302668, 4.410000000000002, 4.410000000000002, 1.572000000000001, 1.572000000000001, 12.124000000000002, 12.124000000000002, 12.124000000000002, 12.124000000000002, 12.124000000000002, 9.125, 9.125, 9.125, 9.125, 9.125, 3.946208177117221, 3.946208177117221, 3.9460000000000015, 8.278000000000002, 8.278000000000002, 7.029000000000002, 13.125000000000004, 13.125000000000004, 8.793000000000003, 8.793000000000003, 7.753000000000004, 8.785000000000002, 12.115000000000004, 13.176000000000005, 13.176000000000005, 11.519000000000004, 6.143000000000004, 2.8130000000000024, 6.6320000000000014, 6.6320000000000014, 6.6320000000000014, 10.879000000000001, 10.879000000000001, 8.554000000000002, 8.554000000000002, 8.554000000000002, 9.521000000000003, 9.521000000000003, 6.966000000000001, 6.966000000000001, 6.966000000000001, 13.753, 13.753, 13.753, 13.753, 13.753, 15.089000000000002, 15.089000000000002, 15.089000000000002, 15.089000000000002, 15.089000000000002, 16.742, 16.742, 16.742, 16.742, 16.742, 14.158203135932904, 14.157, 14.157, 14.157, 14.157, 9.174000000000003, 9.174000000000003, 9.174000000000003, 
0.0, 0.0, 0.0, 0.0, 0.0, 0.0, 0.0, 0.0, 0.503516174672475, 3.575317868833892, 3.575000000000003, 3.575000000000003, 3.575000000000003, 8.117000000000004, 8.154000000000003, 8.154000000000003, 8.154000000000003, 8.154000000000003, 4.498000000000003, 1.5310000000000024, 1.5310000000000024, 1.5310000000000024, 1.5310000000000024, 0.1460000000000008, 1.3130000000000006, 1.3130000000000006, 1.3130000000000006, 1.3130000000000006, 4.151000000000002, 2.838000000000001, 4.410000000000002, 4.410000000000002, 4.410000000000002, 1.572000000000001, 1.572000000000001, 12.124000000000002, 12.124000000000002, 12.124000000000002, 12.124000000000002, 12.124000000000002, 9.125, 9.125, 9.125, 9.125, 9.125, 3.9460000000000015, 3.9460000000000015, 3.9460000000000015, 8.278000000000002, 8.278000000000002, 7.029000000000002, 13.125000000000004, 13.125000000000004, 8.793000000000003, 8.793000000000003, 7.753000000000004, 8.785000000000002, 12.115000000000004, 13.176000000000005, 13.176000000000005, 11.519000000000004, 6.143000000000004, 2.8130000000000024, 6.6320000000000014, 6.6320000000000014, 6.6320000000000014, 10.879000000000001, 10.879000000000001, 8.554000000000002, 8.554000000000002, 8.554000000000002, 9.521000000000003, 9.521000000000003, 6.968434405400174, 6.966000000000001, 6.966000000000001, 13.753, 13.753, 13.753, 13.753, 13.753, 15.089000000000002, 15.089000000000002, 15.089000000000002, 15.089000000000002, 15.089000000000002, 16.742, 16.742, 16.742, 16.742, 16.742, 14.157, 14.157, 14.157, 14.157, 14.157, 9.174000000000003, 9.174000000000003, 9.174000000000003, 
0.0, 0.0, 0.0, 0.0, 0.0, 0.0, 0.0, 0.0, 0.49900000000000055, 3.575000000000003, 3.575000000000003, 3.575000000000003, 3.575000000000003, 8.117000000000004, 8.154000000000003, 8.154000000000003, 8.154000000000003, 8.154000000000003, 4.498000000000003, 1.5310000000000024, 1.5310000000000024, 1.5310000000000024, 1.5310000000000024, 0.1460000000000008, 1.3130000000000006, 1.3130000000000006, 1.3130000000000006, 1.3130000000000006, 4.151000000000002, 2.838508749922884, 4.411017499845768, 4.410000000000002, 4.410000000000002, 1.572000000000001, 1.572000000000001, 12.124000000000002, 12.124000000000002, 12.124000000000002, 12.124000000000002, 12.124000000000002, 9.125, 9.125, 9.125, 9.125, 9.125, 3.9460000000000015, 3.9460000000000015, 3.9460000000000015, 8.278000000000002, 8.278000000000002, 7.029000000000002, 13.125000000000004, 13.125000000000004, 8.793000000000003, 8.793000000000003, 7.753000000000004, 8.785000000000002, 12.115000000000004, 13.176000000000005, 13.176000000000005, 11.519000000000004, 6.143000000000004, 2.8196755178676227, 6.6320000000000014, 6.6320000000000014, 6.6320000000000014, 10.879000000000001, 10.879000000000001, 8.554000000000002, 8.554000000000002, 8.554000000000002, 9.521000000000003, 9.521000000000003, 6.966000000000001, 6.966000000000001, 6.966000000000001, 13.753, 13.753, 13.753, 13.753, 13.753, 15.089000000000002, 15.089000000000002, 15.089000000000002, 15.089000000000002, 15.089000000000002, 16.742, 16.742, 16.742, 16.742, 16.742, 14.157, 14.157, 14.157, 14.157, 14.157, 9.174000000000003, 9.174000000000003, 9.174000000000003, 
0.0, 0.0, 0.0, 0.0, 0.0, 0.0, 0.0, 0.0, 0.49900000000000055, 3.575000000000003, 3.575000000000003, 3.575000000000003, 3.575000000000003, 8.117000000000004, 8.154000000000003, 8.154000000000003, 8.154000000000003, 8.154000000000003, 4.498000000000003, 1.5310000000000024, 1.5310000000000024, 1.5310000000000024, 1.5310000000000024, 0.1460000000000008, 1.3130000000000006, 1.3130000000000006, 1.3130000000000006, 1.3130000000000006, 4.151000000000002, 2.838000000000001, 4.410000000000002, 4.410000000000002, 4.410000000000002, 1.572000000000001, 1.572000000000001, 12.124000000000002, 12.124000000000002, 12.124000000000002, 12.124000000000002, 12.124000000000002, 9.125, 9.125, 9.125, 9.125, 9.125, 3.9460000000000015, 3.9460000000000015, 3.9460000000000015, 8.278000000000002, 8.278000000000002, 7.029000000000002, 13.125000000000004, 13.125000000000004, 8.793000000000003, 8.793000000000003, 7.753000000000004, 8.785000000000002, 12.115000000000004, 13.176000000000005, 13.176000000000005, 11.519214600190677, 6.143000000000004, 2.8130000000000024, 6.6320000000000014, 6.6320000000000014, 6.6320000000000014, 10.879000000000001, 10.879000000000001, 8.554000000000002, 8.554000000000002, 8.554000000000002, 9.521000000000003, 9.521000000000003, 6.966000000000001, 6.966000000000001, 6.966000000000001, 13.753, 13.753, 13.753, 13.753, 13.753, 15.089000000000002, 15.089000000000002, 15.089000000000002, 15.089000000000002, 15.089000000000002, 16.742, 16.742, 16.742, 16.742, 16.742, 14.157, 14.157, 14.157, 14.157, 14.157, 9.174000000000003, 9.174000000000003, 9.174000000000003, 
0.0, 0.0, 0.0, 0.0, 0.0, 0.0, 0.0, 0.0, 0.49900000000000055, 3.575000000000003, 3.575000000000003, 3.575000000000003, 3.575000000000003, 8.117000000000004, 8.154000000000003, 8.154000000000003, 8.154000000000003, 8.154000000000003, 4.498000000000003, 1.5310000000000024, 1.5310000000000024, 1.5310000000000024, 1.5310000000000024, 0.1460000000000008, 1.3130000000000006, 1.3130000000000006, 1.3130000000000006, 1.3130000000000006, 4.151000000000002, 2.8471867989359403, 4.410000000000002, 4.410000000000002, 4.410000000000002, 1.572000000000001, 1.572000000000001, 12.124000000000002, 12.124000000000002, 12.124000000000002, 12.124000000000002, 12.124000000000002, 9.125, 9.125, 9.125, 9.125, 9.125, 3.9460000000000015, 3.9460000000000015, 3.9460000000000015, 8.278000000000002, 8.278000000000002, 7.049368027763036, 13.125000000000004, 13.125000000000004, 8.793000000000003, 8.793000000000003, 7.753000000000004, 8.785000000000002, 12.115000000000004, 13.176000000000005, 13.176000000000005, 11.519000000000004, 6.158432447422609, 2.813631003423886, 6.6320000000000014, 6.6320000000000014, 6.6320000000000014, 10.879000000000001, 10.879000000000001, 8.554000000000002, 8.554000000000002, 8.554000000000002, 9.521000000000003, 9.521000000000003, 6.966000000000001, 6.966000000000001, 6.966000000000001, 13.753, 13.753, 13.753, 13.753, 13.753, 15.089000000000002, 15.089000000000002, 15.089000000000002, 15.089000000000002, 15.089000000000002, 16.742, 16.742, 16.742, 16.742, 16.742, 14.157, 14.157, 14.157, 14.157, 14.157, 9.174000000000003, 9.174000000000003, 9.174000000000003, 
0.0, 0.0, 0.0, 0.0, 0.0, 0.0, 0.0, 0.0, 0.49900000000000055, 3.575000000000003, 3.575000000000003, 3.575000000000003, 3.575000000000003, 8.117000000000004, 8.154000000000003, 8.154000000000003, 8.154000000000003, 8.154000000000003, 4.500803710156331, 1.5310000000000024, 1.5310000000000024, 1.5310000000000024, 1.5310000000000024, 0.1460000000000008, 1.3130000000000006, 1.3130000000000006, 1.3130000000000006, 1.3130000000000006, 4.151000000000002, 2.838000000000001, 4.410000000000002, 4.410000000000002, 4.410000000000002, 1.572000000000001, 1.572000000000001, 12.124000000000002, 12.124000000000002, 12.124000000000002, 12.124000000000002, 12.124000000000002, 9.125, 9.125, 9.125, 9.125, 9.125, 3.94934769370429, 3.948604597294139, 3.948604597294139, 8.278000000000002, 8.278000000000002, 7.029000000000002, 13.125000000000004, 13.125000000000004, 8.793000000000003, 8.793000000000003, 7.753000000000004, 8.785000000000002, 12.115000000000004, 13.176000000000005, 13.176000000000005, 11.52007634143333, 6.143000000000004, 2.8270722277528435, 6.6320000000000014, 6.6320000000000014, 6.6320000000000014, 10.879000000000001, 10.879000000000001, 8.554641548741294, 8.554000000000002, 8.554000000000002, 9.521000000000003, 9.521000000000003, 6.967101338270339, 6.967101338270339, 6.967101338270339, 13.754101338270338, 13.753, 13.753, 13.753, 13.753, 15.089000000000002, 15.089000000000002, 15.089000000000002, 15.089000000000002, 15.089000000000002, 16.742, 16.742, 16.742, 16.742, 16.742, 14.157, 14.157, 14.157, 14.157, 14.157, 9.174000000000003, 9.174000000000003, 9.174000000000003, 
0.0, 0.0, 0.0, 0.0, 0.0, 0.0, 0.0, 0.0, 0.49900000000000055, 3.575000000000003, 3.575000000000003, 3.575000000000003, 3.575000000000003, 8.117000000000004, 8.154000000000003, 8.154000000000003, 8.154000000000003, 8.154000000000003, 4.5036851123419535, 1.532814078542092, 1.5310000000000024, 1.5310000000000024, 1.5310000000000024, 0.1482900066848849, 1.3152900066848847, 1.3130000000000006, 1.3130000000000006, 1.3130000000000006, 4.151000000000002, 2.838028355500512, 4.410000000000002, 4.410000000000002, 4.410000000000002, 1.572000000000001, 1.572000000000001, 12.124000000000002, 12.124000000000002, 12.124000000000002, 12.124000000000002, 12.124000000000002, 9.125, 9.125, 9.125, 9.125, 9.125, 3.9460000000000015, 3.9460000000000015, 3.9460000000000015, 8.278000000000002, 8.278000000000002, 7.043399295495183, 13.125000000000004, 13.125000000000004, 8.793000000000003, 8.793000000000003, 7.753000000000004, 8.785000000000002, 12.115000000000004, 13.176000000000005, 13.176000000000005, 11.520030694463403, 6.143000000000004, 2.813053917061872, 6.6320000000000014, 6.6320000000000014, 6.6320000000000014, 10.879000000000001, 10.879000000000001, 8.554000000000002, 8.554000000000002, 8.554000000000002, 9.521000000000003, 9.521000000000003, 6.966000000000001, 6.966000000000001, 6.966000000000001, 13.753, 13.753, 13.753, 13.753, 13.753, 15.089000000000002, 15.089000000000002, 15.089000000000002, 15.089000000000002, 15.089000000000002, 16.742, 16.742, 16.742, 16.742, 16.742, 14.157, 14.157, 14.157, 14.157, 14.157, 9.174000000000003, 9.174000000000003, 9.174000000000003, 
0.0, 0.0, 0.0, 0.0, 0.0, 0.0, 0.0, 0.0, 0.49900000000000055, 3.575000000000003, 3.575000000000003, 3.575000000000003, 3.575000000000003, 8.117000000000004, 8.154000000000003, 8.154000000000003, 8.154000000000003, 8.154000000000003, 4.498000000000003, 1.5310000000000024, 1.5310000000000024, 1.5310000000000024, 1.5310000000000024, 0.1460000000000008, 1.3130000000000006, 1.3130000000000006, 1.3130000000000006, 1.3130000000000006, 4.151000000000002, 2.838000000000001, 4.410000000000002, 4.410000000000002, 4.410000000000002, 1.572000000000001, 1.572000000000001, 12.124000000000002, 12.124000000000002, 12.124000000000002, 12.124000000000002, 12.124000000000002, 9.125072974767907, 9.125072974767907, 9.125, 9.125, 9.125, 3.9460000000000015, 3.9460000000000015, 3.9460000000000015, 8.278000000000002, 8.278000000000002, 7.038350036937912, 13.125000000000004, 13.125000000000004, 8.793000000000003, 8.793000000000003, 7.753000000000004, 8.785000000000002, 12.115000000000004, 13.176000000000005, 13.176000000000005, 11.520375647151118, 6.143000000000004, 2.8130000000000024, 6.6320000000000014, 6.6320000000000014, 6.6320000000000014, 10.879000000000001, 10.879000000000001, 8.554000000000002, 8.554000000000002, 8.554000000000002, 9.521000000000003, 9.521000000000003, 6.966000000000001, 6.966000000000001, 6.966000000000001, 13.753, 13.753, 13.753, 13.753, 13.753, 15.089000000000002, 15.089000000000002, 15.089000000000002, 15.089000000000002, 15.089000000000002, 16.742, 16.742, 16.742, 16.742, 16.742, 14.168095559566606, 14.157, 14.157, 14.157, 14.157, 9.174000000000003, 9.174000000000003, 9.174000000000003, 
0.0, 0.0, 0.0, 0.0, 0.0, 0.0, 0.0, 0.0, 0.49900000000000055, 3.575000000000003, 3.575000000000003, 3.575000000000003, 3.575000000000003, 8.117000000000004, 8.154000000000003, 8.154000000000003, 8.154000000000003, 8.154000000000003, 4.498000000000003, 1.5342893619586029, 1.5310000000000024, 1.5310000000000024, 1.5310000000000024, 0.1460000000000008, 1.3130000000000006, 1.3130000000000006, 1.3130000000000006, 1.3130000000000006, 4.151000000000002, 2.844349477311578, 4.410000000000002, 4.410000000000002, 4.410000000000002, 1.572000000000001, 1.572000000000001, 12.124000000000002, 12.124000000000002, 12.124000000000002, 12.124000000000002, 12.124000000000002, 9.125, 9.125, 9.125, 9.125, 9.125, 3.953046952781669, 3.9460000000000015, 3.9460000000000015, 8.278000000000002, 8.278000000000002, 7.029000000000002, 13.125000000000004, 13.125000000000004, 8.793000000000003, 8.793000000000003, 7.753000000000004, 8.785000000000002, 12.115000000000004, 13.176000000000005, 13.176000000000005, 11.519000000000004, 6.143000000000004, 2.8130000000000024, 6.6320000000000014, 6.6320000000000014, 6.6320000000000014, 10.879000000000001, 10.879000000000001, 8.554000000000002, 8.554000000000002, 8.554000000000002, 9.521000000000003, 9.521000000000003, 6.966000000000001, 6.966000000000001, 6.966000000000001, 13.753, 13.753, 13.753, 13.753, 13.753, 15.089000000000002, 15.089000000000002, 15.089000000000002, 15.089000000000002, 15.089000000000002, 16.742, 16.742, 16.742, 16.742, 16.742, 14.157, 14.157, 14.157, 14.157, 14.157, 9.174000000000003, 9.174000000000003, 9.174000000000003, 
0.0, 0.0, 0.0, 0.0, 0.0, 0.0, 0.0, 0.0, 0.49900000000000055, 3.575000000000003, 3.575000000000003, 3.575000000000003, 3.575000000000003, 8.117000000000004, 8.154000000000003, 8.154000000000003, 8.154000000000003, 8.154000000000003, 4.498000000000003, 1.5310000000000024, 1.5310000000000024, 1.5310000000000024, 1.5310000000000024, 0.1460000000000008, 1.3130000000000006, 1.3130000000000006, 1.3130000000000006, 1.3130000000000006, 4.151000000000002, 2.838000000000001, 4.410000000000002, 4.410000000000002, 4.410000000000002, 1.572000000000001, 1.572000000000001, 12.124000000000002, 12.124000000000002, 12.124000000000002, 12.124000000000002, 12.124000000000002, 9.12801505985701, 9.125, 9.125, 9.125, 9.125, 3.9460000000000015, 3.9460000000000015, 3.9460000000000015, 8.278000000000002, 8.278000000000002, 7.034221435282701, 13.125000000000004, 13.125000000000004, 8.793000000000003, 8.793000000000003, 7.753000000000004, 8.785000000000002, 12.115000000000004, 13.176000000000005, 13.176000000000005, 11.519000000000004, 6.143000000000004, 2.8130000000000024, 6.6320000000000014, 6.6320000000000014, 6.6320000000000014, 10.879000000000001, 10.879000000000001, 8.554000000000002, 8.554000000000002, 8.554000000000002, 9.521000000000003, 9.521000000000003, 6.967405053734236, 6.966000000000001, 6.966000000000001, 13.753, 13.753, 13.753, 13.753, 13.753, 15.089000000000002, 15.089000000000002, 15.089000000000002, 15.089000000000002, 15.089000000000002, 16.742, 16.742, 16.742, 16.742, 16.742, 14.157, 14.157, 14.157, 14.157, 14.157, 9.174000000000003, 9.174000000000003, 9.174000000000003, 
0.0, 0.0, 0.0, 0.0, 0.0, 0.0, 0.0, 0.0, 0.49998374738541607, 3.575000000000003, 3.575000000000003, 3.575000000000003, 3.575000000000003, 8.117000000000004, 8.154000000000003, 8.154000000000003, 8.154000000000003, 8.154000000000003, 4.498000000000003, 1.5310000000000024, 1.5310000000000024, 1.5310000000000024, 1.5310000000000024, 0.1460000000000008, 1.3130000000000006, 1.3130000000000006, 1.3130000000000006, 1.3130000000000006, 4.151000000000002, 2.8380071621893634, 4.410014324378727, 4.410000000000002, 4.410000000000002, 1.572000000000001, 1.572000000000001, 12.124000000000002, 12.124000000000002, 12.124000000000002, 12.124000000000002, 12.124000000000002, 9.125, 9.125, 9.125, 9.125, 9.125, 3.9473209808664755, 3.946576232512026, 3.946576232512026, 8.278000000000002, 8.278000000000002, 7.029000000000002, 13.125000000000004, 13.125000000000004, 8.793000000000003, 8.793000000000003, 7.753000000000004, 8.785000000000002, 12.115000000000004, 13.176000000000005, 13.176000000000005, 11.519000000000004, 6.143000000000004, 2.8130000000000024, 6.6320000000000014, 6.6320000000000014, 6.6320000000000014, 10.879000000000001, 10.879000000000001, 8.554000000000002, 8.554000000000002, 8.554000000000002, 9.521000000000003, 9.521000000000003, 6.966000000000001, 6.966000000000001, 6.966000000000001, 13.753, 13.753, 13.753, 13.753, 13.753, 15.089000000000002, 15.089000000000002, 15.089000000000002, 15.089000000000002, 15.089000000000002, 16.742, 16.742, 16.742, 16.742, 16.742, 14.157, 14.157, 14.157, 14.157, 14.157, 9.174000000000003, 9.174000000000003, 9.174000000000003, 
0.0, 0.0, 0.0, 0.0, 0.0, 0.0, 0.0, 0.0, 0.5014774131394422, 3.575000000000003, 3.575000000000003, 3.575000000000003, 3.575000000000003, 8.117000000000004, 8.154000000000003, 8.154000000000003, 8.154000000000003, 8.154000000000003, 4.498000000000003, 1.5310000000000024, 1.5310000000000024, 1.5310000000000024, 1.5310000000000024, 0.15504820083025805, 1.3130000000000006, 1.3130000000000006, 1.3130000000000006, 1.3130000000000006, 4.151000000000002, 2.838000000000001, 4.410000000000002, 4.410000000000002, 4.410000000000002, 1.572000000000001, 1.572000000000001, 12.124000000000002, 12.124000000000002, 12.124000000000002, 12.124000000000002, 12.124000000000002, 9.13845004027265, 9.125, 9.125, 9.125, 9.125, 3.9460000000000015, 3.9460000000000015, 3.9460000000000015, 8.278000000000002, 8.278000000000002, 7.029000000000002, 13.125000000000004, 13.125000000000004, 8.793000000000003, 8.793000000000003, 7.753000000000004, 8.785000000000002, 12.115000000000004, 13.176000000000005, 13.176000000000005, 11.519000000000004, 6.156343595955889, 2.8130000000000024, 6.6320000000000014, 6.6320000000000014, 6.6320000000000014, 10.879000000000001, 10.879000000000001, 8.554000000000002, 8.554000000000002, 8.554000000000002, 9.521000000000003, 9.521000000000003, 6.966000000000001, 6.966000000000001, 6.966000000000001, 13.753, 13.753, 13.753, 13.753, 13.753, 15.089000000000002, 15.089000000000002, 15.089000000000002, 15.089000000000002, 15.089000000000002, 16.742, 16.742, 16.742, 16.742, 16.742, 14.157, 14.157, 14.157, 14.157, 14.157, 9.174000000000003, 9.174000000000003, 9.174000000000003, 
0.0, 0.0, 0.0, 0.0, 0.0, 0.0, 0.0, 0.0, 0.49900000000000055, 3.575000000000003, 3.575000000000003, 3.575000000000003, 3.575000000000003, 8.117000000000004, 8.154000000000003, 8.154000000000003, 8.154000000000003, 8.154000000000003, 4.498000000000003, 1.5310000000000024, 1.5310000000000024, 1.5310000000000024, 1.5310000000000024, 0.1460000000000008, 1.3130000000000006, 1.3130000000000006, 1.3130000000000006, 1.3130000000000006, 4.151000000000002, 2.838000000000001, 4.410000000000002, 4.410000000000002, 4.410000000000002, 1.572000000000001, 1.572000000000001, 12.124000000000002, 12.124000000000002, 12.124000000000002, 12.124000000000002, 12.124000000000002, 9.125, 9.125, 9.125, 9.125, 9.125, 3.9460000000000015, 3.9460000000000015, 3.9460000000000015, 8.278000000000002, 8.278000000000002, 7.0453047282379, 13.125000000000004, 13.125000000000004, 8.793000000000003, 8.793000000000003, 7.753000000000004, 8.785000000000002, 12.115000000000004, 13.176000000000005, 13.176000000000005, 11.519000000000004, 6.145185725582611, 2.8144571503884066, 6.6320000000000014, 6.6320000000000014, 6.6320000000000014, 10.879000000000001, 10.879000000000001, 8.55574765839718, 8.554000000000002, 8.554000000000002, 9.521000000000003, 9.521000000000003, 6.966000000000001, 6.966000000000001, 6.966000000000001, 13.753, 13.753, 13.753, 13.753, 13.753, 15.089000000000002, 15.089000000000002, 15.089000000000002, 15.089000000000002, 15.089000000000002, 16.742, 16.742, 16.742, 16.742, 16.742, 14.157, 14.157, 14.157, 14.157, 14.157, 9.174000000000003, 9.174000000000003, 9.174000000000003, 
0.0, 0.0, 0.0, 0.0, 0.0, 0.0, 0.0, 0.0, 0.49900000000000055, 3.575000000000003, 3.575000000000003, 3.575000000000003, 3.575000000000003, 8.117000000000004, 8.154000000000003, 8.154000000000003, 8.154000000000003, 8.154000000000003, 4.501000319062859, 1.5372807588326047, 1.5354703626656665, 1.5331758265418465, 1.5310000000000024, 0.1460000000000008, 1.3130000000000006, 1.3130000000000006, 1.3130000000000006, 1.3130000000000006, 4.151000000000002, 2.838000000000001, 4.410000000000002, 4.410000000000002, 4.410000000000002, 1.572000000000001, 1.572000000000001, 12.124000000000002, 12.124000000000002, 12.124000000000002, 12.124000000000002, 12.124000000000002, 9.125, 9.125, 9.125, 9.125, 9.125, 3.9460000000000015, 3.9460000000000015, 3.9460000000000015, 8.278000000000002, 8.278000000000002, 7.029000000000002, 13.125000000000004, 13.125000000000004, 8.793000000000003, 8.793000000000003, 7.753000000000004, 8.785000000000002, 12.115000000000004, 13.176000000000005, 13.176000000000005, 11.519609161238511, 6.143000000000004, 2.8130000000000024, 6.6320000000000014, 6.6320000000000014, 6.6320000000000014, 10.879000000000001, 10.879000000000001, 8.554000000000002, 8.554000000000002, 8.554000000000002, 9.521000000000003, 9.521000000000003, 6.971320511767935, 6.966000000000001, 6.966000000000001, 13.753, 13.753, 13.753, 13.753, 13.753, 15.089000000000002, 15.089000000000002, 15.089000000000002, 15.089000000000002, 15.089000000000002, 16.742, 16.742, 16.742, 16.742, 16.742, 14.157, 14.157, 14.157, 14.157, 14.157, 9.17424403446445, 9.174000000000003, 9.174000000000003, 
0.0, 0.0, 0.0, 0.0, 0.0, 0.0, 0.0, 0.0, 0.5024059255084712, 3.575000000000003, 3.575000000000003, 3.575000000000003, 3.575000000000003, 8.117000000000004, 8.154000000000003, 8.154000000000003, 8.154000000000003, 8.154000000000003, 4.498000000000003, 1.5310000000000024, 1.5310000000000024, 1.5310000000000024, 1.5310000000000024, 0.1460000000000008, 1.3130000000000006, 1.3130000000000006, 1.3130000000000006, 1.3130000000000006, 4.151000000000002, 2.838000000000001, 4.410000000000002, 4.410000000000002, 4.410000000000002, 1.572000000000001, 1.572000000000001, 12.124000000000002, 12.124000000000002, 12.124000000000002, 12.124000000000002, 12.124000000000002, 9.125, 9.125, 9.125, 9.125, 9.125, 3.9460000000000015, 3.9460000000000015, 3.9460000000000015, 8.278000000000002, 8.278000000000002, 7.029000000000002, 13.125000000000004, 13.125000000000004, 8.8128484935514, 8.793000000000003, 7.753000000000004, 8.785000000000002, 12.115000000000004, 13.176000000000005, 13.176000000000005, 11.519000000000004, 6.143000000000004, 2.8130000000000024, 6.6320000000000014, 6.6320000000000014, 6.6320000000000014, 10.879000000000001, 10.879000000000001, 8.554000000000002, 8.554000000000002, 8.554000000000002, 9.521000000000003, 9.521000000000003, 6.966000000000001, 6.966000000000001, 6.966000000000001, 13.753, 13.753, 13.753, 13.753, 13.753, 15.089000000000002, 15.089000000000002, 15.089000000000002, 15.089000000000002, 15.089000000000002, 16.742, 16.742, 16.742, 16.742, 16.742, 14.157, 14.157, 14.157, 14.157, 14.157, 9.174000000000003, 9.174000000000003, 9.174000000000003, 
0.0, 0.0, 0.0, 0.0, 0.0, 0.0, 0.0, 0.0, 0.49900000000000055, 3.575000000000003, 3.575000000000003, 3.575000000000003, 3.575000000000003, 8.117000000000004, 8.154000000000003, 8.154000000000003, 8.154000000000003, 8.154000000000003, 4.498000000000003, 1.5310000000000024, 1.5310000000000024, 1.5310000000000024, 1.5310000000000024, 0.1460000000000008, 1.3130000000000006, 1.3130000000000006, 1.3130000000000006, 1.3130000000000006, 4.151000000000002, 2.838000000000001, 4.410000000000002, 4.410000000000002, 4.410000000000002, 1.572000000000001, 1.572000000000001, 12.124000000000002, 12.124000000000002, 12.124000000000002, 12.124000000000002, 12.124000000000002, 9.125, 9.125, 9.125, 9.125, 9.125, 3.9460000000000015, 3.9460000000000015, 3.9460000000000015, 8.278000000000002, 8.278000000000002, 7.029000000000002, 13.125000000000004, 13.125000000000004, 8.807497488405506, 8.793000000000003, 7.753000000000004, 8.785000000000002, 12.115000000000004, 13.176000000000005, 13.176000000000005, 11.519000000000004, 6.143000000000004, 2.8130000000000024, 6.6320000000000014, 6.6320000000000014, 6.6320000000000014, 10.879000000000001, 10.879000000000001, 8.554000000000002, 8.554000000000002, 8.554000000000002, 9.521000000000003, 9.521000000000003, 6.967803902304258, 6.966000000000001, 6.966000000000001, 13.753, 13.753, 13.753, 13.753, 13.753, 15.089000000000002, 15.089000000000002, 15.089000000000002, 15.089000000000002, 15.089000000000002, 16.742, 16.742, 16.742, 16.742, 16.742, 14.157, 14.157, 14.157, 14.157, 14.157, 9.174000000000003, 9.174000000000003, 9.174000000000003, 
0.0, 0.0, 0.0, 0.0, 0.0, 0.0, 0.0, 0.0, 0.49900000000000055, 3.575000000000003, 3.575000000000003, 3.575000000000003, 3.575000000000003, 8.117000000000004, 8.154000000000003, 8.154000000000003, 8.154000000000003, 8.154000000000003, 4.525481953028246, 1.5310000000000024, 1.5310000000000024, 1.5310000000000024, 1.5310000000000024, 0.1460000000000008, 1.3130000000000006, 1.3130000000000006, 1.3130000000000006, 1.3130000000000006, 4.151000000000002, 2.838000000000001, 4.410000000000002, 4.410000000000002, 4.410000000000002, 1.572000000000001, 1.572000000000001, 12.124000000000002, 12.124000000000002, 12.124000000000002, 12.124000000000002, 12.124000000000002, 9.125, 9.125, 9.125, 9.125, 9.125, 3.946567585743029, 3.9460000000000015, 3.9460000000000015, 8.278000000000002, 8.278000000000002, 7.029000000000002, 13.125000000000004, 13.125000000000004, 8.813293102083232, 8.793000000000003, 7.753000000000004, 8.785000000000002, 12.115000000000004, 13.176000000000005, 13.176000000000005, 11.519000000000004, 6.143000000000004, 2.813020937038033, 6.6320000000000014, 6.6320000000000014, 6.6320000000000014, 10.879000000000001, 10.879000000000001, 8.554000000000002, 8.554000000000002, 8.554000000000002, 9.521000000000003, 9.521000000000003, 6.966000000000001, 6.966000000000001, 6.966000000000001, 13.753, 13.753, 13.753, 13.753, 13.753, 15.089000000000002, 15.089000000000002, 15.089000000000002, 15.089000000000002, 15.089000000000002, 16.742, 16.742, 16.742, 16.742, 16.742, 14.157, 14.157, 14.157, 14.157, 14.157, 9.174000000000003, 9.174000000000003, 9.174000000000003, 
