11.895975465594333, 11.895975465594333, 11.895975465594333, 140.6736574259422, 253.85866032644873, 279.9987483904907, 279.9987483904907, 279.9987483904907, 279.9987483904907, 277.63117128342986, 230.2830956770292, 224.8178348173209, 224.8178348173209, 224.8178348173209, 211.5957814165644, 44.762822566167685, 44.762822566167685, 43.532246847119715, 36.84586442238456, 32.517484541638694, 32.517484541638694, 32.517484541638694, 32.517484541638694, 32.517484541638694, 128.09321187619918, 186.46929167568976, 176.97858478325367, 164.64250201083118, 162.0687286471155, 162.0687286471155, 241.26722660447453, 241.26722660447453, 241.26722660447453, 264.1763397054931, 259.6924212716451, 259.6924212716451, 259.6924212716451, 259.6924212716451, 273.2849123297484, 267.9118012592418, 267.9118012592418, 263.77003580597756, 263.77003580597756, 263.77003580597756, 263.77003580597756, 256.86746403960217, 273.64844712877095, 273.64844712877095, 273.64844712877095, 262.57080475082034, 247.0145892552071, 268.9944311146188, 268.9944311146188, 276.54917535382003, 263.50363685386696, 263.50363685386696, 263.50363685386696, 256.9575924384973, 259.8005822125716, 259.8005822125716, 259.8005822125716, 259.8005822125716, 259.8005822125716, 253.89858479895074, 253.89858479895074, 240.31828333041256, 253.7012989091918, 284.3497518809969, 289.11710009284616, 289.11710009284616, 252.54166915353284, 262.667224992142, 254.77711501769707, 254.77711501769707, 254.77711501769707, 254.77711501769707, 254.77711501769707, 254.77711501769707, 254.77711501769707, 254.77711501769707, 254.77711501769707, 254.77711501769707, 254.77711501769707, 254.77711501769707, 276.4001890862928, 276.4001890862928, 259.8386270848317, 259.8386270848317, 259.8386270848317, 259.8386270848317, 276.2050551195334, 276.2050551195334, 271.04916411310063, 265.53371542133283, 265.53371542133283, 293.93723753536426, 293.93723753536426, 250.15393167075223, 259.22497931909874, 
20.55825166935088, 20.55825166935088, 20.55825166935088, 137.9321408181547, 276.06499266517187, 259.4793290981723, 259.4793290981723, 259.4793290981723, 259.4793290981723, 263.10867813249354, 242.21517288829094, 211.9525110284295, 211.9525110284295, 211.9525110284295, 211.9525110284295, 40.67788510390002, 40.67788510390002, 40.67788510390002, 40.64140554133051, 40.64140554133051, 40.64140554133051, 40.64140554133051, 40.64140554133051, 40.64140554133051, 148.79738294708164, 178.84776076256384, 171.68373109568572, 170.0107762328979, 170.0107762328979, 170.0107762328979, 229.65687820219276, 229.65687820219276, 271.0508458667141, 271.0508458667141, 271.0508458667141, 271.0508458667141, 271.0508458667141, 271.0508458667141, 271.0508458667141, 271.0508458667141, 271.0508458667141, 271.0508458667141, 257.89964813450615, 258.30882372159334, 258.30882372159334, 298.90112600934424, 298.90112600934424, 249.35966169166576, 277.7955354513604, 277.7955354513604, 273.8463752546543, 274.60576313814227, 274.60576313814227, 274.60576313814227, 266.43558859500934, 266.43558859500934, 266.43558859500934, 267.6888515219666, 263.99504118120933, 263.99504118120933, 264.8535053813624, 264.8535053813624, 264.8535053813624, 264.8535053813624, 264.8535053813624, 262.85229249732333, 262.85229249732333, 246.44588344394987, 229.05390336607488, 229.05390336607488, 253.91716941885585, 253.91716941885585, 254.41957534372125, 254.41957534372125, 270.1759247679162, 258.26236612511013, 250.00357135962702, 250.00357135962702, 250.00357135962702, 250.00357135962702, 250.00357135962702, 250.00357135962702, 250.00357135962702, 250.00357135962702, 294.0940043423869, 247.44318769225444, 255.8393320515748, 264.64159975205786, 264.64159975205786, 264.64159975205786, 266.2798582207722, 266.2798582207722, 269.14681080905416, 263.25738150630684, 263.25738150630684, 275.47912047122304, 275.47912047122304, 250.0, 250.0, 
14.822295711852362, 12.845373645179748, 12.845373645179748, 149.16690031263386, 252.31302908177423, 266.46551481726715, 266.46551481726715, 266.46551481726715, 266.46551481726715, 250.0, 219.0395562100473, 219.0395562100473, 219.0395562100473, 219.0395562100473, 219.0395562100473, 41.5113240769791, 41.5113240769791, 41.5113240769791, 41.5113240769791, 41.5113240769791, 41.5113240769791, 41.5113240769791, 35.5308978742802, 35.5308978742802, 134.71869454060322, 168.0198108679406, 168.0198108679406, 168.0198108679406, 160.77611418638818, 160.77611418638818, 241.1261886205728, 229.30284911975792, 284.91192156781386, 290.00501842032554, 271.80274028197147, 271.80274028197147, 271.80274028197147, 271.80274028197147, 271.80274028197147, 271.80274028197147, 271.80274028197147, 271.80274028197147, 243.55514084131062, 279.3189275071706, 279.3189275071706, 316.7768615554012, 233.14821981436887, 233.14821981436887, 233.14821981436887, 233.14821981436887, 270.9607240944636, 264.0357003013434, 264.0357003013434, 264.0357003013434, 264.0357003013434, 264.0357003013434, 264.0357003013434, 276.20224422528725, 303.3468961506896, 293.84372811726104, 293.84372811726104, 255.48732709832092, 275.5004139432052, 275.8392863273419, 275.8392863273419, 269.98249389278976, 259.8332178159352, 259.8332178159352, 262.55183519992045, 257.92238316899017, 234.35832162154492, 273.05894544038665, 261.67064832056417, 261.67064832056417, 248.6229156988314, 255.40037384407907, 255.40037384407907, 255.40037384407907, 255.40037384407907, 255.40037384407907, 255.40037384407907, 255.40037384407907, 255.40037384407907, 255.40037384407907, 247.85193113437927, 256.3948793971027, 256.3948793971027, 256.3948793971027, 256.3948793971027, 256.3948793971027, 263.39527520868387, 263.39527520868387, 255.87962487015818, 255.87962487015818, 255.87962487015818, 282.90908589115713, 269.22400506780184, 261.35272204123, 261.35272204123, 
16.782111542616548, 16.782111542616548, 16.782111542616548, 140.68793132871295, 253.02740958935328, 283.9895941417423, 283.9895941417423, 283.9895941417423, 283.9895941417423, 263.69195345495456, 221.84816199294988, 221.84816199294988, 221.84816199294988, 221.84816199294988, 220.9957248848763, 54.73458975307514, 54.73458975307514, 45.50921210354447, 45.50921210354447, 45.50921210354447, 41.87735349255675, 41.87735349255675, 41.87735349255675, 41.87735349255675, 135.71666746039918, 165.57927279727443, 165.57927279727443, 165.57927279727443, 165.57927279727443, 165.57927279727443, 247.58458229715532, 246.93304901876493, 255.90022745610648, 255.90022745610648, 255.90022745610648, 263.7271781086795, 263.7271781086795, 263.7271781086795, 263.7271781086795, 263.7271781086795, 263.7271781086795, 263.7271781086795, 292.5478444446871, 292.5478444446871, 259.8912128529242, 250.0, 250.0, 250.0, 250.0, 250.0, 250.0, 279.67136623743124, 248.35780893932355, 250.45169019345857, 250.45169019345857, 250.45169019345857, 252.51117199750246, 265.9111140003329, 264.66699383200165, 264.66699383200165, 264.66699383200165, 264.66699383200165, 264.66699383200165, 264.66699383200165, 264.66699383200165, 268.81438434463973, 268.81438434463973, 266.3737423974867, 268.66389555075887, 240.6957592168523, 279.5426059714434, 269.8625678417189, 280.4553048357617, 280.4553048357617, 260.1120473501661, 289.339221319628, 289.339221319628, 263.60921178452014, 263.60921178452014, 263.60921178452014, 263.60921178452014, 263.60921178452014, 263.60921178452014, 263.60921178452014, 268.086461151291, 265.5064770472621, 273.86046685612814, 301.675491180294, 301.675491180294, 301.675491180294, 259.4952152013742, 259.4952152013742, 241.64871704929976, 270.52495364680135, 236.00379509827377, 294.5446020690986, 290.58891929474606, 284.11736605406304, 284.11736605406304, 
21.490681443800455, 21.490681443800455, 21.490681443800455, 128.5397733369414, 251.4537162306131, 251.4537162306131, 265.3476188192379, 260.75740017778395, 286.48618019318394, 242.63972905122867, 233.2662020972221, 233.2662020972221, 223.54763447732054, 215.52579604434405, 215.52579604434405, 48.800104175109425, 47.89956784299728, 47.89956784299728, 47.89956784299728, 47.89956784299728, 47.89956784299728, 43.94710887970217, 43.94710887970217, 43.94710887970217, 147.08700457870327, 173.4272528694164, 173.4272528694164, 173.4272528694164, 173.4272528694164, 172.86440482261042, 263.62697999057684, 256.5851281941369, 256.5851281941369, 256.5851281941369, 256.5851281941369, 256.5851281941369, 256.5851281941369, 256.5851281941369, 266.3217511473441, 266.3217511473441, 255.6528055344392, 255.6528055344392, 300.18352609739406, 300.18352609739406, 274.824857146383, 256.05239173003986, 256.05239173003986, 267.3269525583479, 267.3269525583479, 267.3269525583479, 267.3269525583479, 256.1648485159441, 256.1648485159441, 256.1648485159441, 256.1648485159441, 256.1648485159441, 276.0050766311755, 245.08091514014984, 269.2505781478865, 292.59334081648916, 292.59334081648916, 292.59334081648916, 292.59334081648916, 243.15117227702433, 243.15117227702433, 270.685870487284, 270.685870487284, 269.94228108555626, 276.8541329199596, 276.8541329199596, 267.0542441540721, 252.32551124888155, 249.96793428334786, 249.96793428334786, 238.76838235131453, 259.1322588187767, 259.1322588187767, 268.21703350673715, 268.21703350673715, 268.21703350673715, 268.21703350673715, 268.21703350673715, 268.21703350673715, 265.3134410686174, 253.5936129276294, 253.5936129276294, 253.5936129276294, 264.2381567023209, 264.2381567023209, 264.2381567023209, 263.57106053980874, 258.80533693007715, 270.8288184111059, 256.4995986028158, 256.4995986028158, 256.82738382536127, 273.0698256479242, 295.3407655881244, 295.3407655881244, 
19.461531332604494, 19.461531332604494, 19.461531332604494, 126.73874788143297, 243.54073904737322, 243.54073904737322, 243.54073904737322, 243.54073904737322, 252.72448887552213, 279.9903066970534, 208.49693656506514, 208.3148448644447, 208.3148448644447, 208.3148448644447, 205.20377291360273, 56.07914485958997, 56.07914485958997, 37.1018270093514, 37.1018270093514, 37.1018270093514, 37.1018270093514, 37.1018270093514, 37.1018270093514, 37.1018270093514, 128.97185314001808, 181.7597791745126, 168.06901827040295, 168.06901827040295, 168.06901827040295, 168.06901827040295, 241.84083317598711, 230.40733469827717, 290.011006334869, 264.26514927769176, 264.26514927769176, 264.26514927769176, 264.26514927769176, 256.4030249159921, 256.4030249159921, 256.4030249159921, 256.4030249159921, 256.4030249159921, 265.8219971551549, 249.85478114558492, 271.7716273472897, 266.0378362309928, 266.0378362309928, 266.0378362309928, 266.0378362309928, 266.0378362309928, 266.0378362309928, 252.9731260101721, 252.9731260101721, 252.9731260101721, 252.9731260101721, 252.9731260101721, 252.9731260101721, 274.1545766860912, 275.6448514644148, 275.6448514644148, 251.41006724165362, 251.41006724165362, 251.41006724165362, 262.8467329542285, 262.8467329542285, 255.79122015910934, 255.79122015910934, 245.28540161534048, 273.83571036148425, 273.83571036148425, 262.6452051378953, 263.10213224853277, 272.24909318886773, 269.0230286570428, 274.3382644476387, 287.1510243268958, 287.1510243268958, 244.41921097818891, 244.41921097818891, 244.41921097818891, 244.41921097818891, 244.41921097818891, 244.41921097818891, 244.41921097818891, 266.9300520794753, 266.9300520794753, 260.05600954980883, 260.05600954980883, 260.05600954980883, 260.05600954980883, 244.69667468626568, 272.46830485671563, 289.13366397179726, 289.13366397179726, 243.32501984657108, 287.2693776750435, 286.7396096483914, 257.72518721978213, 257.72518721978213, 
17.414471000163118, 17.414471000163118, 17.414471000163118, 141.82680936939863, 267.61042632104244, 241.596603930035, 250.28911334325394, 250.28911334325394, 250.28911334325394, 253.4025512400811, 216.99185905983782, 216.99185905983782, 216.99185905983782, 216.99185905983782, 216.99185905983782, 54.22518029939285, 54.22518029939285, 54.22518029939285, 41.625963785808096, 41.625963785808096, 41.625963785808096, 41.625963785808096, 41.625963785808096, 41.625963785808096, 137.1657596775749, 183.09373171368784, 160.24106380818284, 160.24106380818284, 160.24106380818284, 160.24106380818284, 246.92685209191762, 246.92685209191762, 261.47413638671605, 261.47413638671605, 261.47413638671605, 261.47413638671605, 261.47413638671605, 261.47413638671605, 265.1757620682548, 265.1757620682548, 251.41946794268694, 251.41946794268694, 265.1636722760293, 265.1636722760293, 288.2121562217971, 278.48787714695044, 278.48787714695044, 250.43086509645826, 250.43086509645826, 250.43086509645826, 250.43086509645826, 285.5598726041704, 280.56990933834686, 267.22429583097164, 267.22429583097164, 267.22429583097164, 258.3501703355064, 250.16411379480888, 256.11929866612076, 256.11929866612076, 256.11929866612076, 256.11929866612076, 256.11929866612076, 256.11929866612076, 256.11929866612076, 252.51319902544645, 252.51319902544645, 283.8672835479582, 272.9933133509116, 279.7700955653286, 270.2440462402179, 263.16139289397, 272.1091211659266, 272.1091211659266, 257.7543323991928, 259.58704191914575, 260.3327704484566, 285.7349438113662, 285.7349438113662, 285.7349438113662, 285.7349438113662, 282.4749199359751, 282.4749199359751, 282.4749199359751, 300.0820523253454, 264.35025199213453, 281.42518872376024, 281.42518872376024, 281.42518872376024, 281.42518872376024, 278.0964984031326, 278.0964984031326, 238.4581918584867, 241.2345365369543, 241.2345365369543, 266.08617732561106, 266.08617732561106, 293.1182063416565, 293.1182063416565, 
14.122744390169359, 14.122744390169359, 14.122744390169359, 154.0613358043782, 275.0648880329611, 275.0648880329611, 275.0648880329611, 276.5935390457938, 276.5935390457938, 286.540005692821, 232.19629325172383, 226.74651409574335, 222.27899400110795, 221.61501817674315, 221.61501817674315, 49.072327806638256, 49.072327806638256, 49.072327806638256, 49.072327806638256, 48.55693672181738, 48.55693672181738, 48.55693672181738, 48.55693672181738, 48.55693672181738, 132.3339598035139, 175.60269810873686, 175.60269810873686, 170.91418407394008, 170.91418407394008, 170.91418407394008, 240.5891603296999, 238.02925040729352, 279.7009520332267, 281.98860869923345, 258.23843019489345, 252.40708945899502, 252.40708945899502, 252.40708945899502, 252.40708945899502, 252.40708945899502, 252.40708945899502, 252.40708945899502, 269.38834578125994, 269.38834578125994, 269.38834578125994, 254.63037965193212, 254.63037965193212, 254.63037965193212, 242.02924271217347, 242.02924271217347, 242.02924271217347, 267.2529175925285, 267.2529175925285, 259.7110133527861, 259.7110133527861, 267.8997311800196, 251.8577539330978, 246.2156755663757, 252.88169706308423, 283.76621951390734, 257.02747440636927, 257.02747440636927, 257.02747440636927, 257.02747440636927, 262.5982084647212, 286.1500926612406, 286.1500926612406, 262.4635527254735, 265.8361096986026, 265.8361096986026, 265.8695498791016, 265.8695498791016, 265.10864019336293, 265.10864019336293, 248.78169045503878, 266.2999362508617, 266.2999362508617, 247.6673165478693, 247.6673165478693, 240.34918509512744, 290.0275661833875, 290.0275661833875, 290.0275661833875, 290.0275661833875, 275.72128306611614, 275.72128306611614, 275.72128306611614, 275.72128306611614, 274.4156251772215, 274.4156251772215, 253.70315803732095, 261.47261653232533, 251.45762243406594, 268.18466765246393, 268.18466765246393, 264.89830753972944, 267.3544164713053, 253.0471595854513, 253.0471595854513, 
16.033443881100695, 16.033443881100695, 16.033443881100695, 149.69499612899028, 267.65588786254546, 250.0772299204381, 250.0772299204381, 250.0772299204381, 250.0772299204381, 277.1461289465017, 215.0864791045621, 215.0864791045621, 215.0864791045621, 215.0864791045621, 215.0864791045621, 52.485842712835144, 30.788232815390728, 30.788232815390728, 30.788232815390728, 30.788232815390728, 30.788232815390728, 30.788232815390728, 30.788232815390728, 30.788232815390728, 131.31334249948299, 177.24656986638865, 177.24656986638865, 162.7575638611557, 162.7575638611557, 162.7575638611557, 265.3390892836693, 248.79366266810612, 257.8212167542017, 257.8212167542017, 272.2981423285488, 253.16656703229995, 253.16656703229995, 253.16656703229995, 253.16656703229995, 253.16656703229995, 253.16656703229995, 253.16656703229995, 278.246026926567, 324.3294919794647, 281.78354876113326, 250.0475825153287, 284.543817648562, 260.85549901309037, 291.3583485150872, 291.3583485150872, 291.3583485150872, 264.0107766537289, 283.7547875967542, 281.0455298169654, 281.0455298169654, 281.0455298169654, 281.0455298169654, 250.80522508675364, 259.3716992704708, 256.5322901553167, 256.5322901553167, 256.5322901553167, 256.5322901553167, 256.5322901553167, 256.5322901553167, 281.09924457512653, 281.09924457512653, 250.7851728794179, 226.09172807829708, 257.91376354699514, 281.9142471761626, 281.9142471761626, 269.3944273477513, 269.3944273477513, 284.1665212869301, 284.1665212869301, 244.92286380289264, 244.92286380289264, 261.17184147088506, 261.17184147088506, 261.17184147088506, 261.17184147088506, 261.17184147088506, 261.17184147088506, 273.3245760370073, 273.3245760370073, 273.3245760370073, 273.3245760370073, 273.3245760370073, 273.3245760370073, 246.7023276713216, 258.9928806532388, 258.34770332883807, 258.34770332883807, 249.00013427296108, 246.96527211411703, 267.7958317326205, 260.48550603302795, 260.48550603302795, 
11.617107553036135, 11.617107553036135, 11.617107553036135, 131.77504605858064, 273.93096360457173, 273.93096360457173, 273.93096360457173, 273.93096360457173, 273.93096360457173, 291.97301938392644, 226.55718094721297, 218.7263024544261, 217.9930180739263, 217.9930180739263, 204.59908894925707, 46.4085877405088, 46.4085877405088, 46.4085877405088, 46.07307877831168, 46.07307877831168, 46.07307877831168, 43.68297127177013, 43.68297127177013, 42.013045579181764, 146.54098756136477, 191.49754795295178, 181.25001294604493, 163.73750630577536, 163.73750630577536, 163.73750630577536, 270.37159262091177, 242.07633207904144, 268.15627824092024, 288.43773705680564, 263.53646886354835, 263.53646886354835, 263.53646886354835, 263.53646886354835, 263.53646886354835, 263.53646886354835, 263.53646886354835, 263.53646886354835, 265.8571885488741, 265.8571885488741, 265.8571885488741, 298.2142646414618, 271.60587519888844, 271.60587519888844, 271.60587519888844, 271.60587519888844, 271.60587519888844, 295.08433390571474, 300.729122458839, 285.37621873610027, 285.37621873610027, 285.37621873610027, 270.9295957369507, 254.34077125439575, 259.1573769270743, 259.1573769270743, 259.1573769270743, 259.1573769270743, 259.1573769270743, 259.1573769270743, 259.1573769270743, 265.3419795398099, 265.3419795398099, 284.8875607267816, 250.76172536042216, 250.76172536042216, 294.8931421756374, 294.8931421756374, 247.07436064403726, 269.073562057663, 270.9376842478211, 257.6325877908579, 261.94451467417434, 261.94451467417434, 261.94451467417434, 261.94451467417434, 261.94451467417434, 261.94451467417434, 266.1194258475707, 266.1194258475707, 274.8627212033807, 252.47821489693806, 250.0, 250.0, 250.0, 250.0, 275.25288552019606, 269.0607170102384, 259.2854006835548, 253.83056575063551, 253.83056575063551, 256.6734116511417, 276.39305121066934, 253.72993635651605, 259.3883339235577, 
26.274341361084964, 26.274341361084964, 26.274341361084964, 142.36053167381675, 277.022881559491, 277.022881559491, 277.022881559491, 277.022881559491, 277.022881559491, 291.4433682277369, 205.33958712284874, 205.33958712284874, 205.33958712284874, 205.33958712284874, 205.33958712284874, 50.31890554753442, 50.31890554753442, 46.401228778288484, 35.084024097931206, 35.084024097931206, 35.084024097931206, 35.084024097931206, 35.084024097931206, 35.084024097931206, 116.88322756577249, 176.71970829592487, 176.71970829592487, 168.64197790276424, 168.64197790276424, 160.99913227310077, 224.60224566311797, 224.60224566311797, 224.60224566311797, 261.9947169427752, 261.9947169427752, 261.9947169427752, 253.42641436627125, 253.42641436627125, 253.42641436627125, 253.42641436627125, 253.42641436627125, 253.42641436627125, 272.7291700216318, 272.7291700216318, 272.7291700216318, 247.61462652809647, 256.8471435786439, 256.8471435786439, 256.8471435786439, 256.8471435786439, 256.8471435786439, 261.5340680229609, 241.89378298632715, 249.91969131655782, 249.91969131655782, 249.91969131655782, 249.91969131655782, 296.3036157319248, 262.87606446308416, 262.87606446308416, 262.87606446308416, 262.87606446308416, 262.87606446308416, 262.87606446308416, 262.87606446308416, 259.9222324103299, 259.9222324103299, 249.34119268915003, 294.9313515999418, 294.9313515999418, 275.05350731529984, 229.82791338723666, 289.05386494287336, 271.8083340457815, 282.52905415010775, 281.7157934065461, 281.7157934065461, 281.7157934065461, 281.7157934065461, 281.7157934065461, 278.1527130658003, 278.1527130658003, 278.1527130658003, 265.1557223091593, 264.2263287750259, 264.2263287750259, 264.2263287750259, 264.2263287750259, 264.2263287750259, 264.2263287750259, 290.04805005648006, 244.40811802075774, 271.31258884343265, 246.5255311990265, 259.5930896195602, 259.0099225552416, 259.0099225552416, 226.45132832338027, 263.67947237496634, 
18.259582368408445, 18.259582368408445, 18.259582368408445, 140.4337305786853, 229.0374184877612, 229.0374184877612, 293.5299115038811, 293.5299115038811, 293.5299115038811, 279.26573494710055, 224.461180147993, 215.76875032807214, 215.76875032807214, 215.76875032807214, 214.20685261700294, 61.68721365429285, 56.17520182974674, 56.17520182974674, 54.54578387729763, 45.82411130450325, 45.82411130450325, 45.82411130450325, 45.82411130450325, 45.82411130450325, 113.32834305998499, 172.47182221920133, 170.4336933957602, 170.4336933957602, 170.4336933957602, 170.4336933957602, 241.68851568980233, 290.82247773565143, 290.82247773565143, 290.82247773565143, 290.82247773565143, 266.3875564676172, 265.1835985140991, 265.1835985140991, 251.36998640931088, 251.36998640931088, 251.36998640931088, 251.36998640931088, 263.9979389734833, 263.9979389734833, 263.9979389734833, 241.9606556968353, 241.9606556968353, 241.9606556968353, 241.9606556968353, 241.9606556968353, 248.09933046709384, 255.3827620004697, 255.3827620004697, 255.3827620004697, 266.68476330303247, 275.374608308844, 274.8432482565098, 258.46727294114186, 271.8196314228253, 271.8196314228253, 255.21223033650983, 275.25221722168146, 275.25221722168146, 275.25221722168146, 275.25221722168146, 272.36122362574133, 272.36122362574133, 267.65264010199417, 291.5110211827856, 249.27237938282224, 270.1075602829661, 246.86993485714083, 282.60488524234165, 282.60488524234165, 261.15566695834394, 267.7530358179697, 267.7530358179697, 267.7530358179697, 267.7530358179697, 267.7530358179697, 267.7530358179697, 267.7530358179697, 268.16038161402855, 268.16038161402855, 277.24398793467014, 273.3771298856859, 273.3771298856859, 273.3771298856859, 273.3771298856859, 267.03250198062096, 242.25251182252998, 241.328584162479, 289.50300568351327, 266.5156310348831, 266.5156310348831, 259.1234427108619, 266.02060794043723, 289.3680543103753, 289.3680543103753, 
17.629592773911796, 17.629592773911796, 17.629592773911796, 118.66309684499716, 286.98885171548693, 286.98885171548693, 293.8474522773065, 269.2454478331348, 269.2454478331348, 269.42457927671416, 229.07687200130334, 215.5716062072905, 215.5716062072905, 215.5716062072905, 215.5716062072905, 60.10325243593692, 44.647724601248015, 39.6041226026673, 25.408204878827092, 25.408204878827092, 25.408204878827092, 25.408204878827092, 25.408204878827092, 25.408204878827092, 113.75507094647692, 176.57846500128548, 163.56256536234892, 163.56256536234892, 154.59951106651107, 153.39658118907658, 239.81281875641338, 239.81281875641338, 263.3900281925195, 282.5258974396103, 282.5258974396103, 282.5258974396103, 258.33404435345903, 258.33404435345903, 258.33404435345903, 258.33404435345903, 258.33404435345903, 258.33404435345903, 274.1926152348634, 268.94798165661564, 295.52983369609984, 265.4023504328739, 265.4023504328739, 265.4023504328739, 265.4023504328739, 265.4023504328739, 265.4023504328739, 264.98164255490826, 253.87557105990618, 253.87557105990618, 253.87557105990618, 253.87557105990618, 253.59568744348155, 264.6244590600586, 246.85604819418668, 254.52134481954778, 289.05217520699887, 289.05217520699887, 289.05217520699887, 289.05217520699887, 289.05217520699887, 281.83873182875027, 281.83873182875027, 264.1757233572678, 271.7513780617562, 271.7513780617562, 274.2999883398896, 256.60542330540864, 281.01019486279085, 281.1700603709615, 247.1734502469894, 260.65303969902163, 260.65303969902163, 260.65303969902163, 260.65303969902163, 260.65303969902163, 260.65303969902163, 260.65303969902163, 253.69222353390285, 253.69222353390285, 255.42314914757057, 250.15551618553084, 250.15551618553084, 250.15551618553084, 250.15551618553084, 250.15551618553084, 260.3813791219385, 270.63072080322155, 292.1913139515359, 292.1913139515359, 253.84895350868345, 296.6475179593836, 296.6475179593836, 288.3082987465302, 288.3082987465302, 
15.865952506272151, 15.865952506272151, 15.865952506272151, 137.77717566701602, 278.9515541711497, 278.9515541711497, 271.69817493161935, 267.2457712458892, 267.2457712458892, 250.0, 222.5082426215357, 221.43927859780925, 221.43927859780925, 221.43927859780925, 220.72554323417083, 46.747208627338765, 46.747208627338765, 46.747208627338765, 26.863964581761195, 26.863964581761195, 26.863964581761195, 26.863964581761195, 26.863964581761195, 26.863964581761195, 134.11338822177433, 182.0570844910707, 177.17139461000596, 172.6068620919655, 172.6068620919655, 172.4922744245958, 274.69315690535734, 259.149176589379, 270.6976829987763, 270.6976829987763, 270.09037411797414, 257.0217534220707, 257.0217534220707, 257.0217534220707, 257.0217534220707, 257.0217534220707, 257.0217534220707, 257.0217534220707, 269.8695951296801, 271.24794487165275, 271.24794487165275, 265.35168476160027, 265.35168476160027, 265.35168476160027, 265.35168476160027, 265.35168476160027, 265.35168476160027, 259.49649924346386, 259.49649924346386, 259.49649924346386, 259.49649924346386, 255.1663582095873, 251.64908411982853, 234.2305570387291, 289.19902906724985, 241.79134360984844, 241.79134360984844, 241.79134360984844, 241.79134360984844, 267.23968576310006, 267.23968576310006, 265.28383355106797, 265.28383355106797, 255.192101663608, 300.0707419991143, 300.0707419991143, 258.8173523028805, 263.3323815669877, 252.21224936925043, 252.21224936925043, 268.9333495130327, 275.25518083700507, 271.35132630615783, 271.35132630615783, 271.35132630615783, 271.35132630615783, 267.7860349933706, 267.7860349933706, 251.93337054089807, 251.93337054089807, 274.6532348993685, 274.6532348993685, 274.6532348993685, 274.6532348993685, 274.6532348993685, 274.6532348993685, 266.7977812192515, 266.7977812192515, 253.1647910182154, 253.1647910182154, 253.1647910182154, 273.00202323218207, 273.00202323218207, 288.40502824316263, 317.5233228718429, 
14.544121043242058, 14.544121043242058, 14.544121043242058, 139.92223854954324, 255.2573601279397, 255.2573601279397, 255.2573601279397, 255.2573601279397, 255.2573601279397, 299.3036223875717, 229.11610352870204, 229.11610352870204, 209.50263459498882, 209.50263459498882, 200.7687402835535, 42.79921633783431, 42.79921633783431, 42.79921633783431, 41.92080142306701, 41.92080142306701, 40.740296929729794, 40.740296929729794, 36.03780981324634, 36.03780981324634, 129.3170411991238, 172.9064117425915, 166.57071566217542, 166.57071566217542, 166.57071566217542, 166.57071566217542, 255.22780406363896, 232.22760296387693, 232.22760296387693, 232.22760296387693, 232.22760296387693, 260.13905559979526, 260.13905559979526, 260.13905559979526, 260.13905559979526, 260.13905559979526, 260.13905559979526, 260.13905559979526, 249.15040236315127, 249.15040236315127, 252.05220050490388, 237.97313112829914, 237.97313112829914, 291.3819128996326, 291.3819128996326, 291.3819128996326, 277.90300909612665, 256.2967787359725, 256.2967787359725, 256.2967787359725, 256.2967787359725, 256.2967787359725, 263.0931601211206, 251.12525298169072, 255.83396397158316, 255.83396397158316, 255.83396397158316, 255.83396397158316, 255.83396397158316, 255.83396397158316, 283.01860980963255, 295.96343597787427, 280.68890720942784, 254.4830356540118, 254.58144729805124, 254.58144729805124, 281.01576936913636, 281.01576936913636, 258.751716301162, 258.751716301162, 266.6392610662195, 265.15437323836994, 265.15437323836994, 265.15437323836994, 265.15437323836994, 265.15437323836994, 265.15437323836994, 265.15437323836994, 272.53033367178244, 272.53033367178244, 236.7571346797788, 243.61338646428246, 245.08222840505135, 245.08222840505135, 255.6305164523428, 255.6305164523428, 260.95264543221253, 264.62773296310354, 255.64459925333676, 255.64459925333676, 258.98399665832994, 276.4724884524802, 276.4724884524802, 252.40610337790116, 252.40610337790116, 
13.28369726202915, 13.28369726202915, 13.28369726202915, 122.63265607717771, 281.79603797846977, 268.98668799435876, 268.98668799435876, 268.98668799435876, 268.98668799435876, 237.27086512089483, 229.74488053062052, 229.74488053062052, 222.8147081407093, 211.58953509425686, 211.58953509425686, 57.74741723137459, 53.40120820982783, 39.205839399384075, 39.205839399384075, 39.205839399384075, 39.205839399384075, 39.205839399384075, 39.205839399384075, 39.205839399384075, 130.10806735990025, 178.34011179921893, 178.34011179921893, 178.34011179921893, 176.13988868666124, 173.039957945383, 262.07986751319055, 262.07986751319055, 252.89495608945316, 274.57079953060617, 274.57079953060617, 274.57079953060617, 260.9586442091884, 260.9586442091884, 260.9586442091884, 260.9586442091884, 260.9586442091884, 260.9586442091884, 260.8714428255786, 261.157766754755, 261.157766754755, 286.46467180516373, 246.8624231040169, 278.8284069148348, 279.1193707093694, 279.1193707093694, 279.1193707093694, 256.7855041973241, 280.1631280637488, 280.1631280637488, 255.9340904592271, 255.9340904592271, 255.9340904592271, 282.4685346246771, 286.720744828501, 265.3527302327651, 265.3527302327651, 265.3527302327651, 265.3527302327651, 265.3527302327651, 265.3527302327651, 267.2999250243128, 271.9548238581385, 283.2832710176763, 261.85742111489895, 265.35276743309004, 260.1732342822517, 254.73110237971227, 262.92497443823345, 262.92497443823345, 295.8456768506071, 280.694417930084, 274.6827557494514, 274.6827557494514, 274.6827557494514, 269.92321576047726, 269.92321576047726, 269.92321576047726, 269.92321576047726, 269.92321576047726, 257.9386672178056, 263.62301902378385, 263.62301902378385, 263.62301902378385, 268.4891312584377, 268.4891312584377, 283.0278078962564, 283.0278078962564, 243.96225863831032, 243.96225863831032, 260.7048672405324, 266.5391614386731, 266.5391614386731, 276.0968500830628, 276.0968500830628, 
15.415533692442182, 15.415533692442182, 15.415533692442182, 152.32390153908779, 263.9151025065141, 289.04925132320625, 253.47284627360898, 253.47284627360898, 253.47284627360898, 263.2465211207555, 211.82729437535403, 211.82729437535403, 211.82729437535403, 211.82729437535403, 211.82729437535403, 47.57704842742288, 47.57704842742288, 47.57704842742288, 47.57704842742288, 47.57704842742288, 47.57704842742288, 47.57704842742288, 31.572069673525917, 31.572069673525917, 137.746160339372, 180.88464598580475, 179.88093460805197, 179.88093460805197, 167.6664326824518, 167.6664326824518, 242.5473857797692, 242.5473857797692, 267.3067684429893, 267.3067684429893, 272.93870275265357, 272.93870275265357, 272.93870275265357, 272.93870275265357, 272.93870275265357, 272.93870275265357, 272.93870275265357, 272.93870275265357, 252.00994186398063, 252.00994186398063, 252.00994186398063, 276.1978860435813, 276.1978860435813, 276.1978860435813, 276.1978860435813, 276.1978860435813, 255.0242234675697, 277.35924293239793, 277.35924293239793, 277.35924293239793, 277.35924293239793, 261.24892150163834, 261.24892150163834, 275.38001475518064, 258.81783558060346, 258.6153351998739, 258.6153351998739, 258.6153351998739, 258.6153351998739, 258.6153351998739, 258.6153351998739, 281.91910537254336, 281.91910537254336, 245.56119514129205, 239.113523550213, 254.65674456656845, 277.45876287450494, 277.45876287450494, 272.42544921352214, 272.42544921352214, 235.09984091481775, 256.6142237615382, 256.6142237615382, 256.6142237615382, 271.12924338930316, 271.12924338930316, 271.12924338930316, 271.12924338930316, 271.12924338930316, 271.12924338930316, 289.0799214487477, 289.0799214487477, 289.0799214487477, 289.0799214487477, 289.0799214487477, 289.065712748385, 250.0, 250.0, 261.0118839870931, 270.566797500195, 270.566797500195, 245.5737669910978, 245.5737669910978, 303.5190965756021, 260.1399899939694, 
18.041508125026894, 18.041508125026894, 18.041508125026894, 137.66670921340514, 266.8421824841583, 266.8421824841583, 266.8421824841583, 266.8421824841583, 266.8421824841583, 282.13554946192255, 207.80312691896467, 207.80312691896467, 207.80312691896467, 207.80312691896467, 207.80312691896467, 55.17181271137146, 55.17181271137146, 47.07938008243817, 47.07938008243817, 47.07938008243817, 47.07938008243817, 47.07938008243817, 47.07938008243817, 39.71958802409591, 137.67046703389397, 164.5265412395984, 164.5265412395984, 164.5265412395984, 164.5265412395984, 164.5265412395984, 243.02882864843377, 243.02882864843377, 243.02882864843377, 276.1383407010202, 262.14134606832295, 262.14134606832295, 260.2225441049685, 260.2225441049685, 261.51298276453497, 261.51298276453497, 261.51298276453497, 261.51298276453497, 267.77166303427157, 267.77166303427157, 267.77166303427157, 248.83719923084254, 248.83719923084254, 287.2866053959085, 287.2866053959085, 287.2866053959085, 287.2866053959085, 278.33318163290585, 276.09175910713435, 276.09175910713435, 276.09175910713435, 276.09175910713435, 276.09175910713435, 290.4473074827673, 265.8000479687897, 265.8000479687897, 275.28979341581896, 275.28979341581896, 275.28979341581896, 275.28979341581896, 275.28979341581896, 248.44928116674416, 314.3112460097221, 305.8301432258502, 269.0050795039499, 283.01073017906987, 277.61758140764664, 255.93913874688187, 256.923726323393, 256.923726323393, 322.26879891016614, 268.0006206859572, 257.90191267948546, 257.90191267948546, 257.90191267948546, 257.90191267948546, 257.90191267948546, 257.90191267948546, 281.2809934723682, 281.2809934723682, 287.6422149341812, 276.6786057799776, 276.6786057799776, 276.6786057799776, 276.6786057799776, 276.6786057799776, 264.8649054482613, 259.2126105594847, 271.5778877755672, 250.0766120694428, 242.30897818241755, 280.1865051755051, 265.169992635521, 262.77660226235406, 262.77660226235406, 
20.65072801692935, 20.65072801692935, 20.65072801692935, 148.82698764487031, 262.2603803742493, 262.2603803742493, 262.2603803742493, 262.2603803742493, 262.2603803742493, 261.98062131978435, 222.9825492314458, 217.47082900768953, 203.6515752528532, 203.6515752528532, 203.6515752528532, 61.29206133975144, 61.29206133975144, 27.60675764841679, 27.60675764841679, 27.60675764841679, 27.60675764841679, 27.60675764841679, 27.60675764841679, 27.60675764841679, 123.66583437269492, 187.0666757358258, 174.902403149841, 174.902403149841, 174.902403149841, 174.902403149841, 265.34976660140865, 221.66992091577742, 285.1871420355767, 285.1871420355767, 264.2162895055863, 264.2162895055863, 279.3837225562496, 279.3837225562496, 279.3837225562496, 279.3837225562496, 279.3837225562496, 279.3837225562496, 271.70612619939936, 271.70612619939936, 271.70612619939936, 286.7585867895348, 286.7585867895348, 286.7585867895348, 259.008950014268, 263.5016485084352, 289.86109649609494, 275.22873261366715, 259.5426230781866, 259.5426230781866, 259.5426230781866, 259.5426230781866, 259.5426230781866, 277.8343298674765, 243.14951806894118, 273.11089685258764, 273.11089685258764, 273.11089685258764, 265.00855404333, 265.00855404333, 265.00855404333, 284.3705463649107, 226.05715768194284, 267.9081799085824, 280.5624332290748, 281.60553539949, 276.80338332357314, 276.80338332357314, 275.5813106192702, 273.5161842933535, 273.5161842933535, 273.5161842933535, 273.5161842933535, 273.5161842933535, 255.64334383871974, 255.64334383871974, 255.64334383871974, 255.64334383871974, 255.64334383871974, 255.64334383871974, 285.73359115232176, 285.73359115232176, 285.73359115232176, 285.73359115232176, 285.73359115232176, 285.73359115232176, 253.46986960899233, 283.5404590189544, 294.306389219882, 294.306389219882, 294.306389219882, 269.1280476420312, 260.7860576093515, 257.46193286827076, 257.46193286827076, 
11.9500145150771, 11.9500145150771, 11.9500145150771, 145.17102673445112, 281.163644109011, 281.163644109011, 281.163644109011, 281.163644109011, 270.3588478895894, 268.39078017954756, 242.99427766898805, 233.75903144417782, 230.37797168600187, 216.21180636090327, 216.21180636090327, 64.3102830315801, 50.3608187806239, 50.3608187806239, 47.10166590237131, 47.10166590237131, 38.172156135822554, 38.172156135822554, 38.172156135822554, 34.62336344191672, 141.05928876082325, 169.03849359733601, 164.13074538868872, 160.20408619402014, 160.20408619402014, 160.20408619402014, 231.54459265847618, 226.79947044815077, 310.04468278860304, 269.13130505272113, 269.13130505272113, 269.13130505272113, 269.13130505272113, 269.13130505272113, 269.13130505272113, 279.1841367456658, 279.1841367456658, 279.1841367456658, 269.28664166256425, 269.28664166256425, 265.5315882816912, 273.6270825853354, 273.6270825853354, 273.6270825853354, 273.6270825853354, 273.6270825853354, 273.6270825853354, 267.9165925012952, 267.9165925012952, 272.3099141056232, 276.52020578089275, 276.52020578089275, 276.52020578089275, 267.6318598500935, 276.64010202717316, 266.90020010586716, 266.90020010586716, 266.90020010586716, 266.90020010586716, 266.90020010586716, 266.90020010586716, 271.72687211005734, 268.45231003136865, 269.3601560540511, 287.2783883011249, 261.18600132772065, 276.1665553439044, 276.1665553439044, 270.4467429937669, 270.4467429937669, 290.3234318881068, 234.78493780951445, 241.08555244169568, 256.6075235080447, 256.6075235080447, 256.6075235080447, 256.6075235080447, 256.6075235080447, 256.6075235080447, 256.6075235080447, 262.4342200845977, 262.4342200845977, 237.65447654516072, 237.65447654516072, 237.65447654516072, 292.00990210105306, 242.08982132290464, 281.81928745757375, 263.93574807187656, 255.7729932766066, 255.7729932766066, 249.8575062599914, 262.1881173401987, 275.0077664633269, 275.0077664633269, 
20.387114123699703, 20.387114123699703, 20.387114123699703, 134.38451232141102, 240.21512261686615, 251.68682964304637, 261.9149513815744, 261.17968082060077, 261.17968082060077, 258.4752413190487, 220.21334516507596, 220.21334516507596, 210.4292954994392, 210.4292954994392, 210.4292954994392, 38.05539402685823, 38.05539402685823, 38.05539402685823, 38.05539402685823, 38.05539402685823, 38.05539402685823, 37.9182535017451, 37.9182535017451, 37.9182535017451, 131.78407290258298, 176.97164782890076, 171.7240662275736, 171.7240662275736, 171.7240662275736, 171.7240662275736, 249.56473114430523, 241.63027191639188, 300.6025186563463, 277.78807417098335, 277.78807417098335, 277.78807417098335, 276.86042561859733, 278.09681386409704, 278.09681386409704, 278.09681386409704, 278.09681386409704, 278.09681386409704, 262.17395220250296, 262.17395220250296, 280.9274334960955, 264.567120159015, 264.567120159015, 264.567120159015, 264.567120159015, 273.91766850155125, 273.91766850155125, 285.10627419852057, 252.05732373919128, 252.05732373919128, 252.05732373919128, 252.05732373919128, 252.05732373919128, 284.1167784394664, 296.5853850347305, 296.5853850347305, 296.5853850347305, 296.5853850347305, 296.5853850347305, 296.5853850347305, 296.5853850347305, 254.3051814709561, 254.3051814709561, 267.1339883392839, 260.19143272779957, 260.19143272779957, 275.2215395779573, 275.2215395779573, 282.9920323378419, 301.88070097363715, 281.76795351819777, 267.4746049525621, 267.4746049525621, 267.4746049525621, 267.4746049525621, 267.4746049525621, 267.4746049525621, 267.4746049525621, 284.7727985010868, 284.7727985010868, 257.8418762561473, 257.8418762561473, 276.9094082663462, 276.9094082663462, 276.9094082663462, 276.9094082663462, 314.76441749217463, 314.76441749217463, 255.5394361133978, 255.5394361133978, 255.5394361133978, 260.0985877752004, 278.96602649271887, 263.7593727096401, 263.7593727096401, 
12.450259133686643, 12.450259133686643, 12.450259133686643, 135.1736292147873, 250.08508456252432, 250.08508456252432, 250.08508456252432, 250.08508456252432, 262.36348276612034, 259.10786981377544, 224.4468496982799, 224.4468496982799, 223.59683035621566, 219.68302691132484, 201.77710958686893, 58.82133621406282, 57.29506156727836, 57.29506156727836, 57.29506156727836, 40.228631178673716, 40.228631178673716, 40.228631178673716, 40.228631178673716, 40.228631178673716, 111.12708604613701, 183.79095649380457, 167.61381504574786, 167.61381504574786, 164.41640141663123, 164.41640141663123, 247.76524639026846, 244.12014642060015, 275.4926001808635, 275.4926001808635, 275.4926001808635, 275.4926001808635, 275.4926001808635, 275.4926001808635, 275.4926001808635, 275.4926001808635, 275.4926001808635, 275.4926001808635, 266.19193603379995, 246.40591530392166, 291.13383069130236, 271.7812001884134, 271.7812001884134, 271.7812001884134, 271.7812001884134, 271.7812001884134, 271.7812001884134, 259.56437035125623, 277.77651323692197, 277.77651323692197, 277.77651323692197, 265.7216140660196, 265.7216140660196, 296.9395356118557, 287.92426220119995, 287.92426220119995, 268.3716785058953, 268.3716785058953, 268.3716785058953, 268.3716785058953, 268.3716785058953, 274.5419571558557, 282.32898316145787, 258.3481277695387, 264.07376077111303, 264.07376077111303, 250.73497099501844, 250.73497099501844, 257.01761900427323, 257.01761900427323, 298.4576532583413, 253.9437571885411, 266.77943429311216, 266.77943429311216, 266.77943429311216, 242.18049651259986, 242.18049651259986, 242.18049651259986, 242.18049651259986, 242.18049651259986, 270.1979951010692, 270.1979951010692, 270.1979951010692, 270.1979951010692, 261.3799058106406, 261.3799058106406, 260.45019260013635, 253.5827624839036, 280.403705943766, 280.403705943766, 280.403705943766, 255.92408327351032, 272.6128920627364, 301.57862257718534, 301.57862257718534, 
23.814694583855683, 23.814694583855683, 23.814694583855683, 136.76765860323835, 289.98482749752606, 270.80745612989716, 270.80745612989716, 270.80745612989716, 270.80745612989716, 289.60781246026255, 223.02430603834148, 214.95314092866636, 214.95314092866636, 214.95314092866636, 214.95314092866636, 29.02032438599423, 29.02032438599423, 29.02032438599423, 29.02032438599423, 29.02032438599423, 29.02032438599423, 29.02032438599423, 29.02032438599423, 29.02032438599423, 124.62743533858333, 182.06671116518402, 182.06671116518402, 182.06671116518402, 164.50407854875982, 164.24870575983545, 257.77557821296324, 243.86321355403413, 243.86321355403413, 264.3113216041103, 277.4198252809464, 277.4198252809464, 267.45503317492364, 256.14532485447853, 256.14532485447853, 256.14532485447853, 256.14532485447853, 256.14532485447853, 292.03057420465103, 292.03057420465103, 263.37738031566585, 262.68723229363843, 254.38215130990136, 254.38215130990136, 254.38215130990136, 235.71374539678817, 235.71374539678817, 263.3233856703388, 263.3233856703388, 263.3233856703388, 263.3233856703388, 263.3233856703388, 263.3233856703388, 237.6848096814772, 259.8522277015235, 259.8522277015235, 253.9698519902547, 286.4027172027811, 286.4027172027811, 286.4027172027811, 286.4027172027811, 260.93875740981525, 260.93875740981525, 270.65460791775826, 247.6323876682336, 281.7026066339142, 254.02065664054916, 267.14699474460076, 280.04221250832387, 280.04221250832387, 250.17965443089116, 250.03888572722752, 250.03888572722752, 250.03888572722752, 250.03888572722752, 250.03888572722752, 250.03888572722752, 250.03888572722752, 250.03888572722752, 250.03888572722752, 277.10905375686536, 277.10905375686536, 277.10905375686536, 284.6260130385774, 284.6260130385774, 274.9587538140282, 292.47049895261887, 256.8783917019506, 292.125728647746, 289.4001300722655, 289.4001300722655, 247.97108591888247, 266.5429730434795, 270.86006390804516, 272.7036931219782, 
11.047629546753242, 11.047629546753242, 11.047629546753242, 131.9413119960727, 252.56954654580335, 252.56954654580335, 257.97908745080764, 257.97908745080764, 257.97908745080764, 286.1108903307518, 221.9598295900463, 221.9598295900463, 213.35075405372805, 213.35075405372805, 213.35075405372805, 50.08838324935087, 47.01211539175663, 47.01211539175663, 41.952607065070346, 41.952607065070346, 41.952607065070346, 41.952607065070346, 41.952607065070346, 41.952607065070346, 123.74416836062684, 163.36567226101602, 163.36567226101602, 163.36567226101602, 163.36567226101602, 163.36567226101602, 248.20010837504805, 244.99973067216914, 244.99973067216914, 257.2896827504939, 257.2896827504939, 257.2896827504939, 257.2896827504939, 257.2896827504939, 266.1448741884663, 266.1448741884663, 266.1448741884663, 266.1448741884663, 237.10077678859295, 236.38759375614876, 287.37615349068886, 291.25162459674743, 291.25162459674743, 291.25162459674743, 266.40765289902845, 266.40765289902845, 266.40765289902845, 267.27955505837326, 267.27955505837326, 267.27955505837326, 267.27955505837326, 267.27955505837326, 267.27955505837326, 237.10112652836307, 247.35997529308435, 247.35997529308435, 250.22657901834128, 294.45782813536755, 294.45782813536755, 294.45782813536755, 271.640171558622, 286.1007312293473, 286.1007312293473, 240.80150271899, 268.6625531266295, 268.6625531266295, 260.0849544893965, 260.0849544893965, 278.8517830013774, 278.8517830013774, 252.58452209381062, 299.26612218420183, 299.26612218420183, 271.9205573094673, 271.9205573094673, 271.9205573094673, 271.9205573094673, 271.9205573094673, 271.9205573094673, 271.9205573094673, 261.264467255564, 261.264467255564, 261.264467255564, 261.264467255564, 261.264467255564, 261.264467255564, 217.65200788170227, 249.345842467982, 267.5208483694821, 272.2551373248631, 258.76077591006543, 255.50993039088127, 255.50993039088127, 264.5955673384688, 264.5955673384688, 
21.542865344062164, 21.542865344062164, 21.542865344062164, 140.72524633917914, 259.26996358809697, 259.26996358809697, 259.26996358809697, 259.26996358809697, 259.26996358809697, 272.3137045883984, 216.04250461996756, 216.04250461996756, 216.04250461996756, 216.04250461996756, 216.04250461996756, 58.68485056351615, 47.37089173292308, 47.37089173292308, 47.37089173292308, 47.37089173292308, 45.2206730885167, 36.387043663021785, 36.387043663021785, 36.387043663021785, 151.73799958805287, 179.9429242792118, 171.03086915697105, 163.33665524338085, 163.33665524338085, 163.33665524338085, 241.31169850392914, 237.45466011080714, 237.45466011080714, 288.65445121939973, 288.65445121939973, 288.65445121939973, 288.65445121939973, 288.65445121939973, 288.65445121939973, 270.62887056478866, 270.62887056478866, 270.62887056478866, 257.9741841412533, 257.9741841412533, 257.9741841412533, 263.27601987657954, 249.22183438810313, 283.70451612965894, 283.70451612965894, 278.8571269533314, 278.8571269533314, 290.2353375144577, 244.93939389461846, 291.63403836328393, 291.63403836328393, 291.63403836328393, 291.63403836328393, 295.845302840346, 265.4673727139492, 265.4673727139492, 258.48935840117235, 258.48935840117235, 261.495080442603, 261.495080442603, 261.495080442603, 296.78971428163857, 296.78971428163857, 270.5547785498048, 260.1114517446795, 260.1114517446795, 281.66947134881195, 281.66947134881195, 259.2947774052716, 259.2947774052716, 288.1855587688801, 280.82172214422417, 280.82172214422417, 249.98775601445033, 249.98775601445033, 249.98775601445033, 249.98775601445033, 249.98775601445033, 249.98775601445033, 249.98775601445033, 296.7335963714958, 296.7335963714958, 296.7335963714958, 254.71144657342063, 254.71144657342063, 254.71144657342063, 266.24615965698246, 273.19771853107915, 247.7718813547129, 247.7718813547129, 247.7718813547129, 252.88493612003805, 252.88493612003805, 242.89784169141782, 258.0124003469716, 
22.488146013565157, 22.488146013565157, 22.488146013565157, 140.23131111677424, 283.61850205876306, 283.0001750788832, 283.0001750788832, 272.0683050794033, 266.39300846791855, 264.9441828407897, 231.2666440146278, 218.8612912074381, 218.8612912074381, 216.6283984878037, 216.6283984878037, 45.745820078680566, 45.745820078680566, 44.65313284906131, 44.65313284906131, 43.37271641525904, 43.37271641525904, 43.37271641525904, 43.37271641525904, 43.37271641525904, 142.78620461327438, 173.99132374242788, 173.50282261102404, 170.07963396254138, 170.07963396254138, 170.07963396254138, 224.51912611946824, 224.51912611946824, 258.44496307497053, 258.44496307497053, 258.44496307497053, 258.44496307497053, 258.44496307497053, 278.5397047720187, 278.5397047720187, 254.1906856008828, 254.1906856008828, 254.1906856008828, 248.96537113490146, 248.96537113490146, 248.96537113490146, 283.75490129504647, 283.75490129504647, 237.21934233566603, 237.21934233566603, 266.7916229792647, 266.7916229792647, 261.920396960684, 288.54656688121895, 288.54656688121895, 251.0626235436372, 251.0626235436372, 251.0626235436372, 256.61117288453886, 275.69695165166786, 275.69695165166786, 275.69695165166786, 275.69695165166786, 275.69695165166786, 275.69695165166786, 275.69695165166786, 276.99195616938187, 276.99195616938187, 269.6678400560019, 270.59954068800596, 270.59954068800596, 287.58426905441263, 284.132387086228, 240.36408486060813, 271.5349732536386, 283.5262315976295, 285.0562680375443, 275.59645713482576, 275.59645713482576, 257.9522376101576, 265.041582316584, 265.041582316584, 265.041582316584, 265.041582316584, 265.041582316584, 264.9709685225407, 264.9709685225407, 267.26133254078866, 267.26133254078866, 267.26133254078866, 267.26133254078866, 284.5575686375195, 275.7425677431277, 294.9523697888165, 262.7814558282872, 262.7814558282872, 260.23010255852284, 249.56995383469246, 268.97323883890766, 287.5233734610773, 
19.700315109456113, 19.700315109456113, 19.700315109456113, 135.07016493709278, 257.41822653304723, 257.41822653304723, 257.41822653304723, 257.41822653304723, 257.41822653304723, 271.44354299234715, 229.290400033752, 208.55000689005743, 208.55000689005743, 208.55000689005743, 208.55000689005743, 56.090386181641904, 47.836835092649146, 47.836835092649146, 46.02808560122787, 46.02808560122787, 46.02808560122787, 46.02808560122787, 29.784173531201347, 29.784173531201347, 128.89035921453552, 167.10638135194847, 167.10638135194847, 167.10638135194847, 167.10638135194847, 151.78909812601313, 242.82713096286045, 227.59868316442098, 253.4297232773028, 246.56699326073436, 273.7999196908455, 264.7386163023732, 264.7386163023732, 264.7386163023732, 264.7386163023732, 264.7386163023732, 264.7386163023732, 264.7386163023732, 264.74564444541056, 264.74564444541056, 264.74564444541056, 267.795818004136, 267.795818004136, 267.795818004136, 267.795818004136, 267.795818004136, 267.795818004136, 262.33032535129325, 286.4273500177776, 286.4273500177776, 286.4273500177776, 286.4273500177776, 286.4273500177776, 295.86194160057676, 274.7877748023024, 264.72786305401786, 257.38043842497154, 257.38043842497154, 262.17544945006347, 262.17544945006347, 262.17544945006347, 275.0619150135916, 275.0619150135916, 268.22037797284753, 245.65358678925458, 245.65358678925458, 276.2992231000517, 259.5636002894706, 259.5636002894706, 259.5636002894706, 270.0178414190379, 317.2514455359964, 317.2514455359964, 317.2514455359964, 317.2514455359964, 275.5462923722524, 275.5462923722524, 275.5462923722524, 275.5462923722524, 275.5462923722524, 280.4374880267034, 280.4374880267034, 280.4374880267034, 280.4374880267034, 265.22964717295616, 265.22964717295616, 258.55012623093273, 258.55012623093273, 244.7710732123811, 243.50584127571466, 243.50584127571466, 287.79073154180145, 287.79073154180145, 284.95833100311535, 265.65418407145376, 
15.471008874705134, 15.471008874705134, 15.471008874705134, 130.40500208949442, 257.2512565585513, 257.2512565585513, 266.0065034161738, 275.0886161593378, 275.0886161593378, 251.24621863084883, 230.04755923037027, 211.33585636477662, 211.33585636477662, 198.06336374450024, 198.06336374450024, 53.068212615174986, 33.52216661569622, 33.52216661569622, 33.52216661569622, 33.52216661569622, 33.52216661569622, 33.52216661569622, 33.52216661569622, 33.52216661569622, 144.26065016614223, 175.92270645281036, 175.92270645281036, 175.92270645281036, 175.92270645281036, 175.92270645281036, 250.90803860767218, 227.55024047446753, 227.55024047446753, 269.89260102444496, 275.09837015492644, 275.09837015492644, 275.09837015492644, 275.09837015492644, 275.09837015492644, 275.09837015492644, 275.09837015492644, 275.09837015492644, 279.26424718653607, 279.26424718653607, 268.1277513343298, 232.60419405691607, 232.60419405691607, 268.86713462914895, 268.86713462914895, 268.86713462914895, 268.86713462914895, 260.84039270439155, 277.9324593111793, 277.9324593111793, 277.9324593111793, 277.9324593111793, 277.9324593111793, 280.9978182974568, 284.7178836461112, 284.7178836461112, 284.7178836461112, 264.691541418568, 264.691541418568, 275.7522831594024, 271.78834563547525, 239.39405108367566, 278.3452026994371, 292.31712226346053, 271.49226187110764, 271.49226187110764, 245.43424828109397, 245.43424828109397, 261.7258928477974, 261.7258928477974, 281.39310213617836, 281.39310213617836, 281.39310213617836, 281.39310213617836, 252.99132232691682, 252.99132232691682, 252.99132232691682, 252.99132232691682, 252.99132232691682, 252.99132232691682, 294.8535784013732, 294.98490355014746, 270.6103760672312, 270.6103760672312, 257.03713854138, 257.03713854138, 285.25120585938464, 285.25120585938464, 255.26796120026822, 261.2803776931156, 261.2803776931156, 282.4571064273511, 282.4571064273511, 256.6660147592081, 256.6660147592081, 
8.125300447108785, 8.125300447108785, 8.125300447108785, 143.4246778624818, 253.7389216565091, 252.48387561801633, 263.06732407507485, 263.06732407507485, 263.06732407507485, 251.3155210606896, 216.3147911558064, 216.3147911558064, 216.3147911558064, 216.3147911558064, 196.59161891811857, 49.98689312397939, 47.1732777709786, 47.1732777709786, 47.1732777709786, 47.1732777709786, 33.677952670620414, 33.677952670620414, 33.677952670620414, 33.677952670620414, 132.76270519672914, 176.73308295757346, 158.69141193545155, 158.69141193545155, 158.69141193545155, 158.69141193545155, 279.3660930919025, 235.03734602619272, 284.60326607810055, 284.60326607810055, 284.60326607810055, 255.0440549994458, 281.9961479890917, 281.9961479890917, 263.22630835300833, 263.22630835300833, 263.22630835300833, 263.22630835300833, 256.3376401572543, 263.2400384121401, 263.2400384121401, 299.0409413232875, 299.0409413232875, 266.5435550095175, 266.5435550095175, 266.5435550095175, 266.5435550095175, 279.6453380203344, 279.6453380203344, 279.6453380203344, 250.7374817868678, 250.7374817868678, 250.7374817868678, 310.83678637937925, 254.4781344277575, 254.4781344277575, 254.4781344277575, 254.4781344277575, 254.4781344277575, 254.4781344277575, 254.4781344277575, 258.3501022460237, 247.99692351563175, 282.3612122515486, 271.1955752576661, 271.1955752576661, 298.60361429565637, 256.3838273673426, 265.7555954448561, 294.4251131375201, 262.485748013901, 269.15215443251464, 269.15215443251464, 269.15215443251464, 269.15215443251464, 269.15215443251464, 269.15215443251464, 269.15215443251464, 269.15215443251464, 263.7579518976454, 268.427199799719, 253.61080143425755, 250.35077977572865, 250.35077977572865, 250.35077977572865, 250.35077977572865, 264.2097043013081, 276.86911395494684, 262.83064233074043, 262.67740353442, 262.67740353442, 241.94327366811956, 241.94327366811956, 294.24859142995444, 294.24859142995444, 
21.422827417962395, 20.045342322110827, 20.045342322110827, 145.69513734974697, 291.5863650791024, 291.5863650791024, 291.5863650791024, 271.15868581949985, 271.15868581949985, 248.03070951849753, 211.02540792666701, 211.02540792666701, 211.02540792666701, 211.02540792666701, 211.02540792666701, 57.875019541632525, 50.27400673355251, 49.590964994057494, 46.19782930786654, 46.19782930786654, 46.19782930786654, 46.19782930786654, 45.853701354952584, 45.853701354952584, 135.05838406626856, 170.79153555301284, 170.79153555301284, 170.79153555301284, 170.79153555301284, 170.79153555301284, 230.83320201639884, 230.83320201639884, 248.34876070308687, 248.34876070308687, 248.34876070308687, 248.34876070308687, 248.34876070308687, 280.75649859888415, 280.75649859888415, 280.75649859888415, 280.75649859888415, 280.75649859888415, 270.54407365056454, 270.54407365056454, 285.3890685960814, 281.08973453353326, 278.9447789651249, 250.0, 250.0, 250.0, 250.0, 284.64749306962796, 284.64749306962796, 284.64749306962796, 285.7900608011297, 285.7900608011297, 285.7900608011297, 247.20043067994303, 300.35459784807057, 259.4268223105372, 259.4268223105372, 276.65508758309966, 276.65508758309966, 276.65508758309966, 276.65508758309966, 276.39244203890064, 264.97764654852756, 250.0, 250.0, 250.0, 262.5324017387985, 262.5324017387985, 269.2799763968648, 269.2799763968648, 280.92832964717536, 281.4095020752747, 281.4095020752747, 281.4095020752747, 281.4095020752747, 281.4095020752747, 279.71968553599936, 279.71968553599936, 279.71968553599936, 279.71968553599936, 270.6984207384447, 270.6984207384447, 270.6984207384447, 270.6984207384447, 270.6984207384447, 274.0278567158875, 249.8405964348216, 256.8979849837329, 244.37004418992024, 255.01200751773158, 255.01200751773158, 269.7726582726977, 267.3732084642435, 267.05756271433233, 277.9530742283159, 
