0.0, 0.0, 0.0, 0.0, 0.0, 1.1600581869391036, 1.1600581869391036, 1.1600581869391036, 1.1600581869391036, 1.1600581869391036, 0.0, 0.0, 0.0, 0.0, 0.0, 0.0, 0.0, 0.0, 0.0, 0.0, 0.0, 0.0, 0.0, 0.0, 0.0, 0.0, 0.0, 0.0, 0.0, 0.0, 0.0, 0.0, 8.842975768201498, 6.2577373951660356, 6.239103045883487, 6.239103045883487, 6.239103045883487, 18.015103045883485, 18.015103045883485, 18.015103045883485, 17.46823631279337, 27.17747262558674, 18.603233456607025, 16.432000716416287, 16.432000716416287, 16.432000716416287, 17.204000716416285, 52.20100071641629, 52.20100071641629, 52.20100071641629, 72.26200107462444, 63.24300071641629, 83.41300071641629, 86.59000107462444, 86.59000107462444, 102.46200107462444, 102.46200107462444, 94.41700107462444, 91.24000071641629, 91.24000071641629, 92.17300071641628, 92.17300071641628, 110.46400071641628, 110.46400071641628, 110.46400071641628, 101.77700071641628, 101.77700071641628, 94.54900071641629, 94.54900071641629, 95.98100107462443, 82.76099842308093, 82.76099842308093, 59.785617248897466, 59.785617248897466, 50.67218642524772, 49.54518642524772, 44.787744593097145, 9.392744593097145, 9.392744593097145, 17.501616889645717, 21.748616889645717, 21.748616889645717, 31.045616889645718, 31.045616889645718, 22.936744593097146, 63.52674459309715, 63.52674459309715, 111.63474459309714, 111.63474459309714, 111.63474459309714, 108.72937872097927, 107.6237913745481, 91.08658654422885, 89.23831157446787, 89.23831157446787, 76.05732234134105, 76.05732234134105, 47.03510760621552, 47.03510760621552, 
0.0, 0.0, 0.0, 0.0, 0.0, 3.0780673592685552, 1.482640639042259, 0.6678566820173035, 0.6678566820173035, 0.6678566820173035, 0.0, 0.0, 0.0, 0.0, 0.0, 0.0, 0.0, 0.0, 0.0, 0.0, 0.0, 0.0, 0.0, 0.0, 0.0, 0.0, 0.0, 0.0, 0.0, 0.0, 0.0, 0.0, 8.604041821181028, 8.604041821181028, 7.537678751473033, 7.537678751473033, 7.537678751473033, 19.313678751473027, 19.313678751473027, 19.313678751473027, 20.61635750294606, 27.71233440255914, 19.891334402559142, 19.891334402559142, 19.891334402559142, 19.891334402559142, 20.66333440255914, 50.969376583147636, 50.969376583147636, 50.969376583147636, 70.41456487472145, 62.01137658314764, 82.18137658314764, 84.74256487472145, 84.74256487472145, 100.61456487472145, 100.61456487472145, 92.56956487472145, 90.00837658314764, 90.00837658314764, 90.94137658314764, 90.94137658314764, 109.23237658314763, 109.23237658314763, 109.23237658314763, 100.54537658314763, 100.54537658314763, 93.31737658314765, 93.31737658314765, 94.13356487472146, 84.96980870472743, 84.96980870472743, 62.81047554716092, 62.81047554716092, 50.81782748290885, 49.690827482908844, 49.690827482908844, 12.17303305611636, 12.17303305611636, 21.672049584174538, 25.919049584174537, 25.919049584174537, 35.21604958417454, 35.21604958417454, 32.443777002109556, 68.4120412835982, 68.4120412835982, 110.21100257293415, 110.21100257293415, 110.21100257293415, 93.85800257293414, 93.85800257293414, 84.41500257293414, 84.41500257293414, 84.41500257293414, 67.34500257293413, 67.34500257293413, 54.45936248893965, 53.22841112042477, 
0.0, 0.0, 0.0, 0.0, 0.0, 1.1861819711305408, 1.1861819711305408, 1.1861819711305408, 1.1861819711305408, 1.1861819711305408, 0.0, 0.0, 0.0, 0.0, 0.0, 0.0, 0.0, 0.0, 0.0, 0.0, 0.0, 0.0, 0.0, 0.0, 0.0, 0.0, 0.0, 0.0, 0.0, 0.0, 0.0, 0.0, 9.15680752623436, 5.743522892382213, 5.743522892382213, 5.743522892382213, 5.743522892382213, 17.51952289238221, 17.51952289238221, 17.51952289238221, 17.51952289238221, 27.28004578476442, 19.459045784764424, 19.459045784764424, 19.459045784764424, 19.459045784764424, 20.231045784764422, 55.228045784764426, 55.228045784764426, 55.228045784764426, 76.80256867714664, 72.92901204216685, 87.85523612283731, 93.25335418425595, 93.25335418425595, 109.12535418425594, 109.12535418425594, 101.08035418425594, 97.73805586833029, 97.73805586833029, 98.6710558683303, 98.6710558683303, 116.9620558683303, 116.9620558683303, 116.9620558683303, 108.27505586833028, 108.27505586833028, 101.04705586833029, 100.9143999184538, 105.5290998776807, 88.96619271453389, 88.96619271453389, 52.67906333589875, 49.97185093729727, 46.99490062486485, 45.867900624864845, 45.867900624864845, 10.472900624864845, 10.472900624864845, 19.004218361392027, 23.251218361392027, 23.251218361392027, 32.54821836139203, 32.26514695045913, 23.749764633639423, 64.33976463363942, 64.33976463363942, 112.44776463363942, 112.44776463363942, 112.44776463363942, 106.66284840730466, 106.66284840730466, 85.39954691169743, 85.39954691169743, 85.39954691169743, 74.7216600130836, 74.7216600130836, 54.11042913794519, 45.87071369340623, 
0.0, 0.0, 0.0, 0.0, 0.0, 0.0, 0.0, 0.0, 0.0, 0.0, 0.0, 0.0, 0.0, 0.0, 0.0, 0.0, 0.0, 0.0, 0.0, 0.0, 0.0, 0.0, 0.0, 0.0, 0.0, 0.0, 0.0, 0.0, 0.0, 0.0, 0.0, 0.0, 7.981349085515884, 7.981349085515884, 7.981349085515884, 7.981349085515884, 7.981349085515884, 19.75734908551588, 19.239450554943847, 19.239450554943847, 20.4679011098877, 31.94835166483155, 24.12735166483155, 24.12735166483155, 24.12735166483155, 22.8989011098877, 23.670901109887698, 58.23517594415702, 52.31690679590017, 52.31690679590017, 72.43586019385025, 63.35890679590017, 83.52890679590017, 86.76386019385025, 86.76386019385025, 102.63586019385025, 102.63586019385025, 94.59086019385025, 91.35590679590017, 91.35590679590017, 92.28890679590017, 92.28890679590017, 110.57990679590016, 110.57990679590016, 110.57990679590016, 101.89290679590016, 101.89290679590016, 94.66490679590018, 94.66490679590018, 96.15486019385025, 88.8124469916598, 83.32009312530626, 52.94198347369852, 49.707389133874884, 46.81859275591659, 45.69159275591659, 45.69159275591659, 10.296592755916588, 10.296592755916588, 18.857389133874882, 23.104389133874882, 23.104389133874882, 32.401389133874886, 32.401389133874886, 23.84059275591659, 64.43059275591659, 64.43059275591659, 112.53859275591658, 112.53859275591658, 112.53859275591658, 101.62387868652205, 101.62387868652205, 92.18087868652205, 92.18087868652205, 92.18087868652205, 79.63647444418018, 75.91130937394473, 52.152033291762834, 52.152033291762834, 
0.0, 0.0, 0.0, 0.0, 0.0, 1.7227556774221675, 1.7227556774221675, 1.7227556774221675, 1.346290135415419, 1.346290135415419, 0.0, 0.0, 0.0, 0.0, 0.0, 0.0, 0.0, 0.0, 0.0, 0.0, 0.0, 0.0, 0.0, 0.0, 0.0, 0.0, 0.0, 0.0, 0.0, 0.0, 0.0, 0.0, 9.482660429982683, 8.40282345026546, 7.341078374910827, 7.162415654321197, 7.162415654321197, 18.938415654321194, 18.938415654321194, 18.938415654321194, 19.86583130864239, 31.04524696296359, 18.501952812803783, 18.501952812803783, 18.501952812803783, 18.501952812803783, 19.27395281280378, 54.270952812803785, 54.270952812803785, 54.270952812803785, 75.36692921920567, 65.31295281280379, 85.48295281280377, 89.69492921920566, 89.69492921920566, 105.56692921920568, 105.56692921920568, 97.52192921920567, 93.30995281280379, 93.30995281280379, 94.2429528128038, 94.2429528128038, 112.53395281280379, 112.53395281280379, 112.53395281280379, 103.84695281280378, 103.84695281280378, 96.61895281280377, 96.61895281280377, 99.08592921920567, 72.54713011605982, 72.54713011605982, 57.88163451440457, 57.88163451440457, 52.26808967626971, 51.1410896762697, 48.856265886487904, 13.461265886487912, 13.461265886487912, 23.604398829731867, 27.851398829731867, 27.851398829731867, 37.14839882973187, 37.14839882973187, 26.769207881645627, 67.35920788164563, 67.35920788164563, 115.46720788164562, 115.46720788164562, 115.46720788164562, 102.6971757211256, 97.53613660760361, 88.09313660760361, 88.09313660760361, 88.09313660760361, 72.39295545912105, 72.39295545912105, 53.38578079373124, 48.906927151293516, 
0.0, 0.0, 0.0, 0.0, 0.0, 2.2745875383948544, 2.2745875383948544, 0.0, 0.0, 0.0, 0.0, 0.0, 0.0, 0.0, 0.0, 0.0, 0.0, 0.0, 0.0, 0.0, 0.0, 0.0, 0.0, 0.0, 0.0, 0.0, 0.0, 0.0, 0.0, 0.0, 0.0, 0.0, 7.020130015856527, 7.020130015856527, 5.473899394977458, 5.473899394977458, 5.473899394977458, 17.249899394977454, 17.249899394977454, 17.249899394977454, 17.249899394977454, 26.740798789954912, 18.919798789954914, 18.919798789954914, 18.919798789954914, 18.919798789954914, 19.691798789954913, 54.688798789954916, 54.688798789954916, 54.688798789954916, 75.99369818493237, 75.06327567163561, 93.11330222972475, 99.41374171266057, 99.41374171266057, 115.28574171266055, 114.45946577997152, 106.41446577997152, 99.23831051998101, 99.23831051998101, 100.171310519981, 99.31596814115781, 117.60696814115781, 117.60696814115781, 117.60696814115781, 108.71220490759934, 108.71220490759934, 100.43458056788361, 100.43458056788361, 104.80937085182542, 87.62567334145669, 76.4389539998129, 58.29795968229588, 58.29795968229588, 51.708878485892626, 47.01969271366973, 47.01969271366973, 11.624692713669724, 11.624692713669724, 20.849539070504584, 25.096539070504583, 25.096539070504583, 34.39353907050459, 34.39353907050459, 25.168692713669728, 65.75869271366973, 65.75869271366973, 113.86669271366972, 113.86669271366972, 113.86669271366972, 96.45338262016453, 96.45338262016453, 87.01038262016453, 87.01038262016453, 87.01038262016453, 75.63604985570831, 75.63604985570831, 51.6655388651896, 51.5822611834698, 
0.0, 0.0, 0.0, 0.0, 0.0, 3.2678369813234607, 3.2678369813234607, 3.1381943472970626, 3.1381943472970626, 1.8862375839838457, 0.0, 0.0, 0.0, 0.0, 0.0, 0.0, 0.0, 0.0, 0.0, 0.0, 0.0, 0.0, 0.0, 0.0, 0.0, 0.0, 0.0, 0.0, 0.0, 0.0, 0.0, 0.0, 10.000145386633644, 10.000145386633644, 9.056094688087807, 9.056094688087807, 4.804552924628744, 16.58055292462874, 16.58055292462874, 16.58055292462874, 16.58055292462874, 25.402105849257484, 17.581105849257487, 17.581105849257487, 17.581105849257487, 17.581105849257487, 18.353105849257485, 53.35010584925749, 53.35010584925749, 53.35010584925749, 73.98565877388623, 64.39210584925749, 84.56210584925749, 88.31365877388623, 88.31365877388623, 104.18565877388623, 104.18565877388623, 96.14065877388623, 92.38910584925749, 92.38910584925749, 93.3221058492575, 93.3221058492575, 111.6131058492575, 111.6131058492575, 111.6131058492575, 102.92610584925748, 102.92610584925748, 95.69810584925747, 95.69810584925747, 97.70465877388622, 85.69251116945321, 85.69251116945321, 53.48684454724475, 53.48684454724475, 49.33822969816317, 48.211229698163166, 46.92094268527384, 11.52594268527385, 11.52594268527385, 19.196002933348527, 23.443002933348527, 23.443002933348527, 32.74000293334853, 32.74000293334853, 24.06633528889902, 64.65633528889902, 64.65633528889902, 112.76433528889902, 112.76433528889902, 112.76433528889902, 96.41133528889902, 96.41133528889902, 93.1537588195373, 93.1537588195373, 93.1537588195373, 72.09241614267185, 72.09241614267185, 50.867332228838606, 47.58251329700076, 
0.0, 0.0, 0.0, 0.0, 0.0, 0.8384851857688709, 0.8384851857688709, 0.8384851857688709, 0.8384851857688709, 0.8384851857688709, 0.0, 0.0, 0.0, 0.0, 0.0, 0.0, 0.0, 0.0, 0.0, 0.0, 0.0, 0.0, 0.0, 0.0, 0.0, 0.0, 0.0, 0.0, 0.0, 0.0, 0.0, 0.0, 7.651681741036235, 7.530469692672099, 6.410009826883272, 6.410009826883272, 6.410009826883272, 18.186009826883268, 18.186009826883268, 18.186009826883268, 18.36101965376654, 28.78802948064981, 20.967029480649813, 20.967029480649813, 20.967029480649813, 20.79201965376654, 21.56401965376654, 56.561019653766536, 56.561019653766536, 56.561019653766536, 78.80202948064981, 70.19919454009938, 90.36919454009939, 93.67658068577919, 90.18181521916037, 106.05381521916036, 106.05381521916036, 98.00881521916035, 93.63454347944024, 93.63454347944024, 94.56754347944025, 94.56754347944025, 112.85854347944023, 112.85854347944023, 112.85854347944023, 103.86666984074883, 103.86666984074883, 96.63866984074883, 96.63866984074883, 99.11550476112325, 85.06704419844819, 78.89550997425903, 60.96343678786913, 59.27908581807269, 53.199723878715126, 49.55332836198241, 49.55332836198241, 14.15832836198241, 14.15832836198241, 24.28998225630167, 28.53698225630167, 28.53698225630167, 37.83398225630167, 24.976587254198236, 18.890724836132158, 59.48072483613217, 59.48072483613217, 107.58872483613216, 107.58872483613216, 107.58872483613216, 91.23572483613215, 91.23572483613215, 81.79272483613215, 81.79272483613215, 81.79272483613215, 64.72272483613216, 64.72272483613216, 50.56779540375348, 50.56779540375348, 
0.0, 0.0, 0.0, 0.0, 0.0, 2.063366362231765, 1.1748856354324317, 0.0, 0.0, 0.0, 0.0, 0.0, 0.0, 0.0, 0.0, 0.0, 0.0, 0.0, 0.0, 0.0, 0.0, 0.0, 0.0, 0.0, 0.0, 0.0, 0.0, 0.0, 0.0, 0.0, 0.0, 0.0, 6.137121917777041, 6.137121917777041, 5.307591663639222, 5.307591663639222, 5.307591663639222, 17.08359166363922, 17.08359166363922, 17.08359166363922, 17.08359166363922, 26.40818332727844, 18.587183327278442, 18.587183327278442, 18.587183327278442, 18.587183327278442, 19.35918332727844, 54.356183327278444, 54.356183327278444, 54.356183327278444, 75.49477499091766, 65.39818332727845, 85.56818332727846, 89.82277499091768, 89.82277499091768, 105.69477499091767, 105.69477499091767, 97.64977499091766, 93.39518332727845, 93.39518332727845, 94.32818332727845, 94.32818332727845, 112.61918332727844, 112.61918332727844, 112.61918332727844, 103.93218332727844, 103.93218332727844, 100.28431884979796, 100.28431884979796, 104.58397827469693, 82.32571506132584, 79.85298279940613, 58.27963080546348, 57.1367625798069, 51.77150838653793, 48.6878481799106, 48.6878481799106, 13.292848179910603, 13.292848179910603, 18.970063489932297, 23.217063489932297, 23.217063489932297, 32.5140634899323, 32.5140634899323, 23.9157089932882, 64.50570899328821, 64.50570899328821, 112.6137089932882, 112.6137089932882, 112.6137089932882, 96.26070899328819, 96.26070899328819, 86.81770899328819, 86.81770899328819, 86.81770899328819, 76.50229748971101, 75.46280274425715, 50.741897823103926, 50.741897823103926, 
0.0, 0.0, 0.0, 0.0, 0.0, 3.1462788040344574, 2.5724063435518527, 0.3009591384048207, 0.0, 0.0, 0.0, 0.0, 0.0, 0.0, 0.0, 0.0, 0.0, 0.0, 0.0, 0.0, 0.0, 0.0, 0.0, 0.0, 0.0, 0.0, 0.0, 0.0, 0.0, 0.0, 0.0, 0.0, 10.02024763074945, 6.456033937891984, 6.456033937891984, 6.456033937891984, 6.456033937891984, 18.23203393789198, 18.23203393789198, 18.23203393789198, 18.453067875783965, 28.92610181367595, 21.10510181367595, 21.10510181367595, 21.10510181367595, 20.884067875783966, 21.656067875783965, 53.5222756810508, 53.5222756810508, 53.5222756810508, 74.2439135215762, 64.5642756810508, 84.7342756810508, 88.5719135215762, 88.5719135215762, 104.4439135215762, 104.4439135215762, 96.3989135215762, 92.5612756810508, 92.5612756810508, 93.49427568105081, 93.49427568105081, 111.7852756810508, 111.7852756810508, 111.7852756810508, 103.0982756810508, 103.0982756810508, 95.8702756810508, 95.8702756810508, 97.9629135215762, 84.94943823988682, 80.82155933542828, 57.46137314244698, 57.22543365761142, 51.830622438407616, 49.76748634607438, 49.76748634607438, 14.372486346074375, 14.372486346074375, 24.97122951911156, 29.21822951911156, 27.906496542879523, 37.20349654287952, 37.20349654287952, 24.73858662096265, 65.32858662096265, 65.32858662096265, 113.43658662096266, 113.43658662096266, 113.43658662096266, 97.08358662096265, 97.08358662096265, 87.64058662096265, 87.64058662096265, 87.64058662096265, 72.28519695298249, 72.28519695298249, 48.23183115892323, 48.23183115892323, 
0.0, 0.0, 0.0, 0.0, 0.0, 4.058183477789635, 2.761960581657883, 2.761960581657883, 2.761960581657883, 2.761960581657883, 0.0, 0.0, 0.0, 0.0, 0.0, 0.0, 0.0, 0.0, 0.0, 0.0, 0.0, 0.0, 0.0, 0.0, 0.0, 0.0, 0.0, 0.0, 0.0, 0.0, 0.4415251441773469, 0.0, 9.796783824162281, 7.685142906442014, 7.685142906442014, 6.5549324249724155, 6.5549324249724155, 18.33093242497241, 18.33093242497241, 18.33093242497241, 18.650864849944824, 29.22279727491724, 21.401797274917243, 21.401797274917243, 21.401797274917243, 21.08186484994483, 21.853864849944827, 55.41925661750328, 55.41925661750328, 55.41925661750328, 74.49566820047036, 73.2884897396486, 92.10138603431554, 97.74193058337573, 97.74193058337573, 113.61393058337575, 113.61393058337575, 105.56893058337573, 103.19284917232432, 97.3419943270949, 98.2749943270949, 98.2749943270949, 116.5659943270949, 116.5659943270949, 116.5659943270949, 107.87899432709489, 107.87899432709489, 103.2822101406577, 101.92769915065196, 101.52184097054662, 82.23656122093209, 74.6824985992317, 53.58040642131558, 53.58040642131558, 50.19636771856134, 49.06936771856134, 47.82581956229764, 12.43081956229764, 12.43081956229764, 22.05872934344646, 26.30572934344646, 21.598888114218948, 30.89588811421895, 30.89588811421895, 22.8369254094793, 63.42692540947931, 63.42692540947931, 111.5349254094793, 111.5349254094793, 111.5349254094793, 100.17811196272241, 100.01729847145491, 90.57429847145491, 89.40043421706737, 88.40251271315194, 80.00643746479723, 74.81519651468031, 54.486842547369704, 54.486842547369704, 
0.0, 0.0, 0.0, 0.0, 0.0, 0.9405136056897607, 0.9405136056897607, 0.9405136056897607, 0.9405136056897607, 0.9405136056897607, 0.0, 0.0, 0.0, 0.0, 0.0, 0.0, 0.0, 0.0, 0.0, 0.0, 0.0, 0.0, 0.0, 0.0, 0.0, 0.0, 0.0, 0.0, 0.0, 0.0, 0.0, 0.0, 9.880501583226625, 9.880501583226625, 7.586914234051603, 7.586914234051603, 7.586914234051603, 19.3629142340516, 19.3629142340516, 19.3629142340516, 20.714828468103203, 32.31874270215481, 24.497742702154806, 24.497742702154806, 24.497742702154806, 22.60018989929615, 20.15004035611282, 51.18964134120324, 51.18964134120324, 51.18964134120324, 70.74496201180486, 62.23164134120324, 82.40164134120324, 85.07296201180486, 85.07296201180486, 100.94496201180486, 100.94496201180486, 98.27345270629051, 93.81096847086035, 93.81096847086035, 94.74396847086035, 94.74396847086035, 113.03496847086033, 113.03496847086033, 113.03496847086033, 104.34796847086034, 104.34796847086034, 97.11996847086036, 97.11996847086036, 99.83745270629052, 82.39520925392537, 82.39520925392537, 60.30030169287013, 57.72409173460074, 52.93454903238322, 51.80754903238321, 51.6019569741387, 14.403712528823704, 14.403712528823704, 25.018068793235557, 29.265068793235557, 29.265068793235557, 30.050020537841043, 30.050020537841043, 22.27301369189403, 62.863013691894025, 62.863013691894025, 110.97101369189403, 110.97101369189403, 110.97101369189403, 94.61801369189403, 94.61801369189403, 85.17501369189404, 85.17501369189404, 85.17501369189404, 68.10501369189403, 68.10501369189403, 44.85181771834525, 44.85181771834525, 
0.0, 0.0, 0.0, 0.0, 0.0, 2.184202279351231, 1.3378083209209173, 1.3378083209209173, 1.3378083209209173, 1.3378083209209173, 0.0, 0.0, 0.0, 0.0, 0.0, 0.0, 0.0, 0.0, 0.0, 0.0, 0.0, 0.0, 0.0, 0.0, 0.0, 0.0, 0.0, 0.0, 0.0, 0.0, 0.0, 0.0, 9.168520473009647, 7.71154302064938, 7.71154302064938, 7.71154302064938, 7.71154302064938, 19.487543020649376, 19.487543020649376, 19.487543020649376, 20.964086041298756, 32.69262906194813, 24.871629061948134, 24.092956610631205, 21.517114540008514, 21.158743026672344, 21.930743026672342, 56.927743026672346, 56.927743026672346, 56.927743026672346, 79.35211454000853, 67.96974302667235, 88.13974302667236, 93.68011454000853, 93.68011454000853, 108.92797958776696, 108.92797958776696, 100.88297958776695, 100.84546970448915, 100.84546970448915, 101.3831775723707, 101.3831775723707, 119.66509702553799, 119.66509702553799, 119.54750557043371, 110.86050557043372, 110.86050557043372, 99.88310979108655, 99.46276787483578, 103.35165181225366, 82.93219056161468, 82.93219056161468, 60.53129869935384, 59.47051785039344, 47.912863871302385, 46.78586387130238, 46.78586387130238, 11.390863871302386, 11.105070257020333, 20.0701053855305, 24.3171053855305, 24.3171053855305, 33.6141053855305, 33.6141053855305, 24.649070257020334, 65.23907025702033, 65.23907025702033, 113.34707025702033, 113.34707025702033, 113.34707025702033, 96.99407025702034, 96.99407025702034, 87.55107025702034, 87.55107025702034, 87.55107025702034, 75.0251388295464, 74.45175240518819, 54.88865796987167, 52.83819645707702, 
0.0, 0.0, 0.0, 0.0, 0.0, 3.080672438660356, 0.31746692779383956, 0.31746692779383956, 0.0, 0.0, 0.0, 0.0, 0.0, 0.0, 0.0, 0.0, 0.0, 0.0, 0.0, 0.0, 0.0, 0.0, 0.0, 0.0, 0.0, 0.0, 0.0, 0.0, 0.0, 0.0, 0.0, 0.0, 10.992929853671622, 6.469325756811772, 6.469325756811772, 6.469325756811772, 6.469325756811772, 17.351571245439725, 17.351571245439725, 17.351571245439725, 17.351571245439725, 26.944142490879454, 19.123142490879456, 19.123142490879456, 19.123142490879456, 19.123142490879456, 19.895142490879454, 54.89214249087946, 54.89214249087946, 54.89214249087946, 76.29871373631919, 65.93414249087947, 86.10414249087947, 90.6267137363192, 90.6267137363192, 106.49871373631919, 106.49871373631919, 98.4537137363192, 93.93114249087947, 93.93114249087947, 94.86414249087946, 94.86414249087946, 113.15514249087946, 113.15514249087946, 113.15514249087946, 104.46814249087946, 104.46814249087946, 97.24014249087946, 97.24014249087946, 100.0177137363192, 86.48625947278674, 85.49622333683602, 43.2938533990456, 43.2938533990456, 42.5429022660304, 41.4639511330152, 41.4639511330152, 6.068951133015201, 6.068951133015201, 12.4919022660304, 16.6908533990456, 16.6908533990456, 25.9878533990456, 25.9878533990456, 19.5649022660304, 60.154902266030405, 60.154902266030405, 108.26290226603041, 108.26290226603041, 108.26290226603041, 91.9099022660304, 91.9099022660304, 82.4669022660304, 82.4669022660304, 82.4669022660304, 74.47709330652663, 73.58062222624764, 51.21545248545846, 47.374842430448, 
0.0, 0.0, 0.0, 0.0, 0.0, 3.66785080822045, 1.3939911536090772, 1.3939911536090772, 1.3939911536090772, 1.3939911536090772, 0.0, 0.0, 0.0, 0.0, 0.0, 0.0, 0.0, 0.0, 0.0, 0.0, 0.0, 0.0, 0.0, 0.0, 0.0, 0.0, 0.0, 0.0, 0.0, 0.0, 0.0, 0.0, 7.955804477576253, 7.955804477576253, 7.640145789722986, 7.640145789722986, 7.640145789722986, 17.405299121360528, 17.405299121360528, 17.405299121360528, 17.405299121360528, 27.05159824272106, 19.23059824272106, 19.23059824272106, 19.23059824272106, 19.23059824272106, 20.00259824272106, 54.99959824272106, 54.99959824272106, 54.99959824272106, 76.4598973640816, 66.04159824272107, 86.21159824272107, 90.7878973640816, 90.7878973640816, 106.6598973640816, 106.6598973640816, 98.6148973640816, 94.03859824272106, 94.03859824272106, 94.97159824272106, 94.97159824272106, 113.26259824272105, 113.26259824272105, 113.26259824272105, 109.98653991205306, 109.98653991205306, 102.75853991205307, 96.88907077765535, 99.49110616648304, 78.12300330793958, 78.12300330793958, 53.89800330793958, 53.89800330793958, 49.61233553862639, 46.625870445400736, 46.625870445400736, 11.23087044540074, 11.23087044540074, 20.25880566810111, 24.50580566810111, 24.50580566810111, 33.80280566810111, 33.80280566810111, 24.774870445400737, 65.36487044540074, 65.36487044540074, 113.47287044540073, 113.47287044540073, 113.47287044540073, 98.43339946613307, 98.43339946613307, 88.99039946613307, 88.99039946613307, 88.68725902829512, 71.61725902829512, 71.26412648176606, 52.26298078732911, 50.115194855878556, 
0.0, 0.0, 0.0, 0.0, 0.0, 2.418958012458157, 2.418958012458157, 2.2105885514292645, 0.0, 0.0, 0.0, 0.0, 0.0, 0.0, 0.0, 0.0, 0.0, 0.0, 0.0, 0.0, 0.0, 0.0, 0.0, 0.0, 0.0, 0.0, 0.0, 0.0, 0.0, 0.0, 0.0, 0.0, 7.676115998767056, 7.676115998767056, 7.676115998767056, 7.676115998767056, 6.879914138765233, 18.65591413876523, 18.65591413876523, 18.65591413876523, 19.300828277530464, 25.35635033355126, 17.53535033355126, 17.53535033355126, 17.53535033355126, 17.53535033355126, 18.30735033355126, 53.304350333551255, 53.304350333551255, 53.304350333551255, 73.91702550032689, 64.34635033355126, 84.51635033355126, 88.24502550032689, 88.24502550032689, 104.11702550032689, 104.11702550032689, 96.07202550032689, 92.34335033355126, 92.34335033355126, 93.27635033355126, 93.27635033355126, 111.56735033355126, 111.56735033355126, 111.56735033355126, 102.88035033355125, 102.88035033355125, 95.65235033355125, 95.65235033355125, 97.63602550032688, 82.1189300223352, 79.12588820499242, 66.58819977427807, 60.01720094997924, 53.691800633319495, 52.283599582781875, 52.283599582781875, 14.03403285793896, 12.202334018958592, 16.230501827869528, 20.477501827869528, 20.477501827869528, 29.77450182786953, 29.77450182786953, 22.08933455191302, 62.67933455191303, 62.67933455191303, 110.78733455191302, 110.78733455191302, 110.78733455191302, 94.43433455191301, 94.43433455191301, 92.55256386754849, 92.0249508145076, 90.58824699012159, 76.65615682186622, 75.43241398951528, 50.933707062181355, 48.1441561486303, 
0.0, 0.0, 0.0, 0.0, 0.0, 3.987683775311247, 2.9974857286770433, 2.9974857286770433, 2.454858258957568, 2.454858258957568, 0.0, 0.0, 0.0, 0.0, 0.0, 0.0, 0.0, 0.0, 0.0, 0.0, 0.0, 0.0, 0.0, 0.0, 0.0, 0.0, 0.0, 0.0, 0.0, 0.0, 0.0, 0.0, 9.418036002703749, 8.260403554296712, 8.260403554296712, 8.260403554296712, 7.545357501023078, 19.321357501023073, 19.321357501023073, 19.321357501023073, 20.63171500204615, 30.61006772521035, 22.78906772521035, 21.66632190697537, 19.049934168878206, 19.049934168878206, 19.821934168878204, 54.81893416887821, 54.81893416887821, 54.81893416887821, 76.18890125331731, 74.88803965180323, 95.05803965180323, 102.76811629557079, 102.44852926170668, 118.32052926170667, 112.7587513529599, 104.7137513529599, 98.10450090197327, 98.10450090197327, 99.03750090197327, 99.03750090197327, 117.32850090197327, 116.3273765939336, 116.3273765939336, 107.6403765939336, 107.6403765939336, 99.52764655793052, 99.52764655793052, 103.44896983689577, 72.4769314617542, 72.4769314617542, 61.409181918906924, 61.409181918906924, 50.38228942648857, 49.25528942648856, 48.778931624898306, 13.383931624898306, 12.058160269849086, 21.49974040477363, 25.74674040477363, 25.74674040477363, 35.04374040477363, 34.71447867588766, 30.305370880514857, 68.2367944593571, 68.2367944593571, 116.3447944593571, 116.3447944593571, 116.3447944593571, 103.05629893439267, 102.51505027806942, 90.34988561515087, 89.94870011992997, 89.94870011992997, 77.88918168699252, 76.80008104073505, 43.65590933009759, 43.65590933009759, 
0.0, 0.0, 0.0, 0.0, 0.0, 2.599789826966301, 2.599789826966301, 0.9507839200069981, 0.10681662972009498, 0.10681662972009498, 0.0, 0.0, 0.0, 0.0, 0.0, 0.0, 0.0, 0.0, 0.0, 0.0, 0.0, 0.0, 0.0, 0.0, 0.0, 0.0, 0.0, 0.0, 0.0, 0.0, 0.0, 0.0, 9.961593218901578, 9.34456241195125, 9.34456241195125, 9.34456241195125, 9.34456241195125, 20.53908420756364, 20.53908420756364, 20.53908420756364, 17.72144627103134, 27.683892542062683, 19.862892542062685, 19.862892542062685, 19.862892542062685, 19.862892542062685, 20.634892542062683, 55.63189254206269, 55.63189254206269, 55.63189254206269, 77.40833881309403, 66.67389254206269, 86.84389254206269, 91.73633881309404, 90.67258495184794, 102.32018582791056, 102.32018582791056, 94.27518582791058, 91.14545721860705, 91.14545721860705, 92.07845721860704, 92.07845721860704, 110.36945721860704, 110.36945721860704, 110.36945721860704, 101.68245721860704, 101.68245721860704, 94.45445721860705, 94.45445721860705, 95.83918582791057, 83.23328665199978, 83.23328665199978, 64.60304184001839, 60.714205620071084, 51.41589305703114, 50.288893057031146, 50.288893057031146, 14.89389305703114, 14.89389305703114, 25.75333958554671, 27.956065876035723, 27.956065876035723, 37.25306587603572, 37.25306587603572, 25.308482965152763, 65.89848296515277, 65.89848296515277, 114.00648296515277, 114.00648296515277, 114.00648296515277, 102.1223771754007, 102.1223771754007, 90.57295848181538, 90.57295848181538, 84.69371118236597, 67.62371118236598, 67.62371118236598, 49.458223152222445, 49.458223152222445, 
0.0, 0.0, 0.0, 0.0, 0.0, 2.1128642234298987, 2.1128642234298987, 2.1128642234298987, 2.1128642234298987, 2.1128642234298987, 0.0, 0.0, 0.0, 0.0, 0.0, 0.0, 0.0, 0.0, 0.0, 0.0, 0.0, 0.0, 0.0, 0.0, 0.0, 0.0, 0.0, 0.0, 0.0, 0.0, 0.0, 0.0, 8.17829719698128, 7.845704500067729, 7.845704500067729, 7.845704500067729, 7.845704500067729, 19.621704500067725, 19.621704500067725, 19.621704500067725, 21.232409000135455, 32.53842250030228, 28.2954291802575, 28.2954291802575, 27.293439869384326, 25.00962657958955, 24.403604140914677, 59.40060414091468, 59.40060414091468, 59.40060414091468, 83.06140621137203, 70.34697160232804, 88.23592060645285, 93.82438090967926, 93.82438090967926, 109.69638090967925, 109.69638090967925, 101.65138090967925, 96.06292060645283, 96.06292060645283, 96.99592060645284, 96.99592060645284, 115.28692060645282, 115.28692060645282, 115.28692060645282, 106.59992060645283, 106.59992060645283, 99.37192060645285, 99.37192060645285, 103.21538090967925, 85.43216797411891, 85.43216797411891, 56.41870537354487, 56.41870537354487, 49.00432823780156, 47.87732823780155, 47.87732823780155, 12.482328237801557, 12.482328237801557, 22.135992356702335, 26.382992356702335, 26.382992356702335, 35.679992356702336, 35.679992356702336, 26.026328237801557, 66.61632823780155, 66.61632823780155, 114.72432823780156, 114.72432823780156, 114.72432823780156, 95.42250319920102, 95.42250319920102, 91.26671724712227, 91.26671724712227, 91.26671724712227, 69.66496782943047, 69.66496782943047, 54.773196384471674, 49.36024860904945, 
0.0, 0.0, 0.0, 0.0, 0.0, 0.0, 0.0, 0.0, 0.0, 0.0, 0.0, 0.0, 0.0, 0.0, 0.0, 0.0, 0.0, 0.0, 0.0, 0.0, 0.0, 0.0, 0.0, 0.0, 0.0, 0.0, 0.0, 0.0, 0.0, 0.0, 0.0, 0.0, 9.234638540145575, 9.234638540145575, 8.246388354621704, 8.246388354621704, 8.246388354621704, 20.0223883546217, 20.0223883546217, 20.0223883546217, 22.033776709243405, 32.59486641278038, 19.96681735814705, 19.96681735814705, 19.96681735814705, 19.96681735814705, 20.73881735814705, 55.73581735814705, 55.73581735814705, 55.73581735814705, 77.56422603722058, 66.77781735814706, 86.94781735814706, 91.89222603722058, 91.89222603722058, 107.7642260372206, 107.7642260372206, 99.71922603722058, 94.77481735814706, 94.77481735814706, 95.70781735814705, 95.70781735814705, 113.99881735814705, 113.99881735814705, 113.99881735814705, 105.31181735814705, 105.31181735814705, 98.08381735814706, 98.08381735814706, 101.28322603722059, 85.21027154349488, 85.21027154349488, 55.4711436304233, 55.4711436304233, 49.72573219513255, 48.598732195132555, 48.598732195132555, 10.790957244324321, 10.790957244324321, 19.59893586648648, 23.84593586648648, 23.84593586648648, 33.14293586648648, 33.14293586648648, 24.334957244324322, 64.92495724432433, 64.92495724432433, 113.03295724432432, 113.03295724432432, 113.03295724432432, 96.67995724432431, 96.67995724432431, 87.23695724432432, 87.23695724432432, 87.23695724432432, 77.28711497891942, 73.7596448200249, 53.10535850394527, 49.71902268669156, 
0.0, 0.0, 0.0, 0.0, 0.0, 1.182922830084376, 1.182922830084376, 1.182922830084376, 1.182922830084376, 1.182922830084376, 0.0, 0.0, 0.0, 0.0, 0.0, 0.0, 0.0, 0.0, 0.0, 0.0, 0.0, 0.0, 0.0, 0.0, 0.0, 0.0, 0.0, 0.0, 0.0, 0.0, 0.0, 0.0, 8.381938070929321, 8.381938070929321, 8.381938070929321, 7.776197585818469, 7.776197585818469, 19.552197585818465, 19.552197585818465, 19.552197585818465, 21.093395171636935, 32.886592757455404, 25.30728543585673, 25.30728543585673, 25.30728543585673, 23.685523623904487, 23.926104940285303, 58.923104940285306, 58.923104940285306, 58.923104940285306, 82.34515741042796, 68.9545273372826, 89.12452733728261, 95.15729100592391, 95.15729100592391, 111.0292910059239, 111.0292910059239, 102.9586321008813, 101.47191042909773, 101.47191042909773, 99.94408779129071, 99.94408779129071, 118.23508779129071, 116.80512992717692, 116.80512992717692, 108.11812992717692, 108.11812992717692, 100.89012992717693, 100.74742016579475, 105.27863024869212, 80.95714611878368, 80.95714611878368, 61.36266364825393, 60.31954200177914, 53.893361334519426, 52.76636133451942, 51.5316691132181, 16.136669113218094, 9.759122866939233, 18.05118430040885, 22.29818430040885, 22.29818430040885, 31.59518430040885, 31.59518430040885, 23.303122866939233, 63.89312286693924, 63.89312286693924, 112.00112286693923, 112.00112286693923, 112.00112286693923, 105.35158307659884, 99.72587390187559, 90.28287390187559, 87.11568120196387, 86.75669692430625, 72.04046420826026, 72.04046420826026, 49.126157004478344, 49.126157004478344, 
0.0, 0.0, 0.0, 0.0, 0.6254318290748682, 0.7152647921497923, 0.7152647921497923, 0.7152647921497923, 0.7152647921497923, 0.7152647921497923, 0.0, 0.0, 0.0, 0.0, 0.0, 0.0, 0.0, 0.0, 0.0, 0.0, 0.0, 0.0, 0.0, 0.0, 0.0, 0.0, 0.0, 0.0, 0.0, 0.0, 0.0, 0.0, 9.595240122093418, 8.63773543727753, 8.63773543727753, 7.509660675929986, 7.509660675929986, 19.285660675929982, 19.285660675929982, 18.815049081680435, 19.619098163360874, 28.04913601397605, 25.245854718926168, 25.245854718926168, 25.245854718926168, 23.644569812617444, 24.416569812617443, 57.635434952092545, 57.434495767687544, 57.434495767687544, 80.11224365153132, 75.38986758671035, 91.21537997603608, 98.29356996405411, 98.29356996405411, 113.59080926393823, 113.59080926393823, 102.05345403917175, 95.60431874636369, 95.60431874636369, 96.5373187463637, 96.5373187463637, 114.82831874636368, 114.82831874636368, 113.50035312620054, 104.81335312620054, 104.81335312620054, 97.58535312620054, 97.58535312620054, 100.53552968930082, 82.1006317994128, 82.1006317994128, 51.51970542708076, 51.51970542708076, 46.6813829564685, 45.55438295646849, 45.55438295646849, 10.159382956468495, 10.159382956468495, 18.65157443470274, 22.89857443470274, 22.89857443470274, 29.874855685585548, 29.874855685585548, 22.1562371237237, 62.7462371237237, 62.7462371237237, 110.85423712372369, 110.85423712372369, 110.85423712372369, 102.8003123587835, 102.8003123587835, 92.77698457764585, 92.77698457764585, 92.77698457764585, 74.46532184408521, 74.46532184408521, 49.138611266765054, 49.138611266765054, 
0.0, 0.0, 0.0, 0.0, 0.0, 2.425314809905313, 2.425314809905313, 2.425314809905313, 2.425314809905313, 0.7708778088586694, 0.0, 0.0, 0.0, 0.0, 0.0, 0.0, 0.0, 0.0, 0.0, 0.0, 0.0, 0.0, 0.0, 0.0, 0.0, 0.0, 0.0, 0.0, 0.0, 0.0, 0.0, 0.0, 6.554271490533164, 6.554271490533164, 6.554271490533164, 6.554271490533164, 6.554271490533164, 18.33027149053316, 18.33027149053316, 18.33027149053316, 18.649542981066325, 29.22081447159949, 21.39981447159949, 21.39981447159949, 21.39981447159949, 21.080542981066326, 21.852542981066325, 56.84954298106633, 56.84954298106633, 56.84954298106633, 79.23481447159949, 70.4873181157569, 90.65731811575691, 92.73511630642192, 92.73511630642192, 108.60711630642191, 108.60711630642191, 100.56211630642191, 95.33674420428127, 95.33674420428127, 96.26974420428128, 96.26974420428128, 114.56074420428128, 114.56074420428128, 114.56074420428128, 105.87374420428127, 105.87374420428127, 102.2699416902019, 102.2699416902019, 107.56241253530285, 85.80878013263046, 81.7647084243184, 57.134344549272654, 57.134344549272654, 51.76989636618177, 50.64289636618176, 50.64289636618176, 15.084012955159604, 14.714950476840635, 25.48492571526095, 29.73192571526095, 29.73192571526095, 35.94347959036992, 35.94347959036992, 26.201986393579944, 66.79198639357995, 66.79198639357995, 114.06650596767795, 114.06650596767795, 114.06650596767795, 104.80144029888442, 104.80144029888442, 94.84562515636523, 94.65810487414008, 93.98700391438064, 67.90965693646547, 67.90965693646547, 51.78190693495584, 51.78190693495584, 
0.0, 0.0, 0.0, 0.0, 0.0, 3.074739994964224, 1.875986605249464, 1.875986605249464, 1.875986605249464, 1.875986605249464, 0.0, 0.0, 0.0, 0.0, 0.0, 0.0, 0.0, 0.0, 0.0, 0.0, 0.0, 0.0, 0.0, 0.0, 0.0, 0.0, 0.0, 0.0, 0.0, 0.0, 0.0, 0.0, 12.009835753270192, 8.528063344386029, 6.724710802699956, 6.724710802699956, 6.724710802699956, 18.500710802699952, 18.500710802699952, 18.2323240439013, 18.453648087802605, 28.926972131703913, 21.105972131703915, 21.105972131703915, 21.105972131703915, 20.88464808780261, 21.65664808780261, 56.65364808780261, 56.65364808780261, 56.40006022392367, 78.56059033588551, 67.44206022392368, 85.86897064009605, 90.27395596014408, 90.27395596014408, 106.14595596014408, 106.14595596014408, 98.10095596014408, 93.69597064009605, 93.69597064009605, 94.62897064009604, 94.62897064009604, 112.91997064009604, 112.91997064009604, 112.91997064009604, 104.23297064009604, 104.23297064009604, 102.56102744232513, 102.56102744232513, 99.33048386886455, 81.85655422154926, 81.85655422154926, 56.351274735954036, 52.188308881926815, 48.47253925461788, 47.345539254617876, 47.345539254617876, 11.95053925461788, 11.95053925461788, 21.33830888192682, 25.58530888192682, 25.58530888192682, 34.88230888192682, 34.88230888192682, 25.494539254617877, 66.08453925461788, 66.08453925461788, 114.19253925461788, 114.19253925461788, 114.19253925461788, 100.32414312356185, 100.32414312356185, 96.57717620888127, 95.96023519536865, 95.96023519536865, 79.40369240728441, 74.04873599521348, 49.83877794387287, 48.009102332458895, 
0.0, 0.0, 0.0, 0.0, 0.04914353624695167, 0.0, 0.0, 0.0, 0.0, 0.0, 0.0, 0.0, 0.0, 0.0, 0.0, 0.0, 0.0, 0.0, 0.0, 0.0, 0.0, 0.0, 0.0, 0.0, 0.0, 0.0, 0.0, 0.0, 0.0, 0.0, 0.0, 0.0, 7.945313047960761, 7.945313047960761, 7.187163235321719, 7.187163235321719, 6.1992242520971, 17.975224252097096, 17.975224252097096, 17.975224252097096, 17.975224252097096, 28.191448504194195, 20.370448504194197, 20.370448504194197, 20.370448504194197, 20.370448504194197, 21.142448504194196, 56.13944850419419, 56.13944850419419, 56.13944850419419, 78.16967275629129, 67.1814485041942, 87.3514485041942, 92.4976727562913, 92.4976727562913, 108.3696727562913, 108.3696727562913, 100.32467275629129, 95.1784485041942, 95.1784485041942, 96.1114485041942, 96.1114485041942, 114.4024485041942, 114.4024485041942, 114.4024485041942, 105.71544850419419, 105.71544850419419, 97.59698772585008, 97.59698772585008, 100.55298158877514, 85.26417345410019, 84.3189038652703, 58.45626559135292, 56.03927238390088, 49.532184497229615, 47.29332869768177, 47.29332869768177, 11.898328697681773, 11.898328697681773, 17.42930362063057, 21.67630362063057, 21.67630362063057, 30.97330362063057, 30.97330362063057, 22.888535747087047, 63.47853574708705, 63.47853574708705, 111.58653574708705, 111.58653574708705, 111.58653574708705, 95.23353574708705, 95.23353574708705, 85.79053574708705, 85.79053574708705, 85.79053574708705, 74.23576225798871, 74.08665152988833, 48.63980219633707, 48.63980219633707, 
0.0, 0.0, 0.0, 0.0, 0.0, 1.8374873503365592, 1.8374873503365592, 1.8374873503365592, 1.8374873503365592, 1.8374873503365592, 0.0, 0.0, 0.0, 0.0, 0.0, 0.0, 0.0, 0.0, 0.0, 0.0, 0.0, 0.0, 0.0, 0.0, 0.0, 0.0, 0.0, 0.0, 0.0, 0.0, 0.0, 0.0, 6.070824352838038, 6.070824352838038, 6.056880779200174, 6.056880779200174, 6.056880779200174, 17.83288077920017, 17.83288077920017, 17.83288077920017, 17.83288077920017, 27.906761558400344, 20.085761558400346, 20.085761558400346, 20.085761558400346, 20.085761558400346, 20.857761558400345, 55.85476155840034, 55.85476155840034, 55.85476155840034, 77.74264233760051, 72.20596231244502, 92.11041077156312, 95.03338905667204, 91.14315575329957, 107.01515575329955, 107.01515575329955, 98.97015575329957, 94.27543716886638, 94.27543716886638, 95.20843716886637, 95.20843716886637, 113.49943716886636, 113.27742236168388, 113.27742236168388, 104.59042236168388, 104.59042236168388, 97.36242236168388, 97.36242236168388, 100.20113354252582, 79.0371614245591, 79.0371614245591, 59.792976406912906, 57.08889088550961, 51.73959392367308, 50.612593923673074, 50.612593923673074, 15.217593923673078, 13.302765325305046, 23.36664798795757, 27.61364798795757, 27.61364798795757, 36.88693146975284, 36.88693146975284, 32.07846435937972, 72.66846435937973, 70.61371327838484, 116.90681617927385, 115.44420797608444, 115.44420797608444, 101.336102136551, 101.336102136551, 89.31497112285948, 89.31497112285948, 88.83886720382145, 73.39442152387443, 73.39442152387443, 49.465341699164355, 48.07904105956223, 
0.0, 0.0, 0.0, 0.0, 0.0, 2.714573561648642, 2.550555315629275, 2.4499504893584287, 0.1069726081300395, 0.1069726081300395, 0.0, 0.0, 0.0, 0.0, 0.0, 0.0, 0.0, 0.0, 0.0, 0.0, 0.0, 0.0, 0.0, 0.0, 0.0, 0.0, 0.0, 0.0, 0.0, 0.0, 0.0, 0.0, 9.639291852870635, 7.397145321648976, 5.877725018535603, 5.877725018535603, 5.877725018535603, 17.6537250185356, 17.6537250185356, 17.6537250185356, 17.6537250185356, 27.548450037071202, 19.448285573846047, 19.448285573846047, 19.448285573846047, 19.448285573846047, 20.220285573846045, 55.21728557384604, 55.21728557384604, 55.21728557384604, 76.78642836076907, 66.25928557384604, 86.42928557384604, 91.11442836076907, 91.11442836076907, 106.98642836076907, 106.98642836076907, 98.94142836076907, 94.25628557384604, 94.25628557384604, 95.18928557384605, 95.18928557384605, 113.48028557384605, 113.48028557384605, 113.48028557384605, 104.79328557384603, 104.79328557384603, 97.56528557384604, 97.56528557384604, 100.50542836076906, 74.08642836076906, 74.08642836076906, 50.73707616258224, 50.73707616258224, 45.60162196209283, 44.474621962092826, 44.474621962092826, 9.079621962092826, 9.079621962092826, 14.955753346750278, 19.202753346750278, 19.202753346750278, 28.49975334675028, 28.49975334675028, 21.239502231166853, 61.829502231166856, 61.829502231166856, 109.93750223116685, 109.93750223116685, 109.93750223116685, 93.58450223116685, 93.58450223116685, 84.14150223116685, 84.14150223116685, 84.14150223116685, 67.07150223116685, 67.07150223116685, 49.38551529292086, 49.38551529292086, 
0.0, 0.0, 0.0, 0.0, 0.0, 1.8305305925782598, 1.8305305925782598, 1.8305305925782598, 0.0, 0.0, 0.0, 0.0, 0.0, 0.0, 0.0, 0.0, 0.0, 0.0, 0.0, 0.0, 0.0, 0.0, 0.0, 0.0, 0.0, 0.0, 0.0, 0.0, 0.0, 0.0, 0.0, 0.0, 8.433597175348828, 8.433597175348828, 7.944327460831346, 7.944327460831346, 6.799077471185225, 18.57507747118522, 18.57507747118522, 18.57507747118522, 19.139154942370446, 29.95523241355567, 22.134232413555672, 21.74956478913337, 21.74956478913337, 21.313709859422246, 21.034189626978236, 56.03118962697824, 56.03118962697824, 56.03118962697824, 78.00728444046736, 67.07318962697825, 87.24318962697825, 92.33528444046738, 88.4850959254947, 104.3570959254947, 104.3570959254947, 96.3120959254947, 92.50339728366313, 92.50339728366313, 93.43639728366313, 93.43639728366313, 111.72739728366312, 111.72739728366312, 111.72739728366312, 103.04039728366313, 103.04039728366313, 95.81239728366313, 95.81239728366313, 97.8760959254947, 90.46829696746403, 84.94367403009834, 60.546235172575834, 55.951480773948575, 54.77853190165987, 47.72126161350198, 47.72126161350198, 12.326261613501988, 12.326261613501988, 21.90189242025298, 26.14889242025298, 26.14889242025298, 35.44589242025298, 35.44589242025298, 25.870261613501988, 66.46026161350198, 66.46026161350198, 114.56826161350199, 114.56826161350199, 114.56826161350199, 107.57847207849899, 95.6088488679684, 88.55294575370549, 88.55294575370549, 88.55294575370549, 74.22708984309415, 74.22708984309415, 52.45435694844551, 48.017269400618744, 
0.0, 0.0, 0.0, 0.0, 0.0, 0.5745985563369658, 0.5745985563369658, 0.5745985563369658, 0.44765697708040975, 0.44765697708040975, 0.0, 0.0, 0.0, 0.0, 0.0, 0.0, 0.0, 0.0, 0.0, 0.0, 0.0, 0.0, 0.0, 0.0, 0.0, 0.0, 0.0, 0.0, 0.0, 0.0, 0.0, 0.0, 9.24956415365977, 9.24956415365977, 6.914398943726411, 6.914398943726411, 6.914398943726411, 18.690398943726407, 18.690398943726407, 18.690398943726407, 19.36979788745282, 28.655078753308317, 20.83407875330832, 17.769705749118362, 17.769705749118362, 17.769705749118362, 18.54170574911836, 53.538705749118364, 53.538705749118364, 53.538705749118364, 74.26855862367755, 64.58070574911837, 84.75070574911837, 88.59655862367755, 88.59655862367755, 104.46855862367755, 104.46855862367755, 96.42355862367755, 92.57770574911837, 92.57770574911837, 93.51070574911836, 93.51070574911836, 111.80170574911836, 111.80170574911836, 111.80170574911836, 103.11470574911836, 103.11470574911836, 95.88670574911836, 95.88670574911836, 97.98755862367754, 83.09461324409692, 80.66128507701755, 55.864497543460416, 55.864497543460416, 50.92333169564028, 47.77071127937667, 46.825201317352665, 11.430201317352669, 11.17181983240263, 20.170229748603944, 24.417229748603944, 24.417229748603944, 33.71422974860394, 33.71422974860394, 24.71581983240263, 65.30581983240263, 65.30581983240263, 113.41381983240262, 113.41381983240262, 113.41381983240262, 100.98697381671919, 100.98697381671919, 91.54397381671919, 91.54397381671919, 84.9890925854063, 79.70762422663168, 71.08534852949552, 48.598110427084436, 46.39891196376121, 
0.0, 0.0, 0.0, 0.0, 0.0, 0.7030111052819077, 0.7030111052819077, 0.7030111052819077, 0.7030111052819077, 0.7030111052819077, 0.0, 0.0, 0.0, 0.0, 0.0, 0.0, 0.0, 0.0, 0.0, 0.0, 0.0, 0.0, 0.0, 0.0, 0.0, 0.0, 0.0, 0.0, 0.0, 0.0, 0.0, 0.0, 6.310646123777998, 6.310646123777998, 6.310646123777998, 6.310646123777998, 6.310646123777998, 18.086646123777996, 18.086646123777996, 18.086646123777996, 18.162292247555992, 27.598871582064927, 19.77787158206493, 19.77787158206493, 19.77787158206493, 19.77787158206493, 20.549871582064927, 55.546871582064924, 55.546871582064924, 55.546871582064924, 75.73330738378894, 72.22478915338947, 91.12610016161773, 98.1596502424266, 96.85101812288909, 112.72301812288907, 112.72301812288907, 104.67801812288907, 98.08067874859272, 98.08067874859272, 98.94799744173238, 98.94799744173238, 117.23899744173237, 116.83537764959702, 116.83537764959702, 108.14837764959702, 108.14837764959702, 98.43065701729597, 98.43065701729597, 101.80348552594396, 85.45116543706985, 81.12818167798399, 57.62395442474885, 56.979163209670205, 51.66644213978014, 50.539442139780135, 50.539442139780135, 15.144442139780136, 12.862638671466772, 22.70645800720016, 26.953458007200158, 26.953458007200158, 36.25045800720016, 31.666576602344513, 23.350717734896342, 63.94071773489634, 63.94071773489634, 112.04871773489634, 112.04871773489634, 112.04871773489634, 99.16573137792588, 99.16573137792588, 89.72273137792588, 88.49462211331755, 88.49462211331755, 71.42462211331754, 71.42462211331754, 47.97935595836336, 47.97935595836336, 
