6.721132676473898, 6.721132676473898, 6.721132676473898, 9.893251669021812, 11.5701680765608, 11.327921657815185, 11.337117115449015, 11.337117115449015, 11.337117115449015, 11.337117115449015, 9.136821178765922, 9.136821178765922, 9.136821178765922, 9.136821178765922, 9.136821178765922, 8.196280472656886, 7.810221918323611, 7.810221918323611, 7.689213589227961, 7.57779791626124, 7.57779791626124, 7.412241074507584, 7.412241074507584, 7.412241074507584, 8.444090227683603, 10.964629237001274, 10.047153023957808, 10.047153023957808, 10.047153023957808, 10.047153023957808, 11.073447404899817, 10.73647727474866, 11.35460963658551, 11.35460963658551, 11.77128425837458, 11.77128425837458, 11.77128425837458, 11.77128425837458, 11.488709043886491, 11.488709043886491, 11.488709043886491, 11.488709043886491, 11.488709043886491, 11.488709043886491, 11.488709043886491, 12.209335717959668, 12.209335717959668, 12.209335717959668, 12.209335717959668, 12.209335717959668, 12.209335717959668, 12.209335717959668, 12.209335717959668, 12.209335717959668, 12.209335717959668, 12.209335717959668, 12.209335717959668, 12.209335717959668, 12.209335717959668, 12.209335717959668, 12.209335717959668, 12.209335717959668, 12.209335717959668, 12.209335717959668, 12.209335717959668, 12.209335717959668, 12.209335717959668, 12.209335717959668, 12.209335717959668, 12.209335717959668, 12.15700771617959, 12.15700771617959, 11.042009803369641, 11.237272570654866, 11.237272570654866, 11.237272570654866, 11.732919464494408, 11.732919464494408, 11.714025613135128, 11.714025613135128, 11.714025613135128, 11.714025613135128, 11.714025613135128, 11.714025613135128, 11.714025613135128, 11.714025613135128, 11.714025613135128, 11.714025613135128, 11.714025613135128, 11.714025613135128, 11.714025613135128, 11.714025613135128, 11.714025613135128, 11.714025613135128, 11.714025613135128, 11.284308189327048, 11.284308189327048, 11.898324169638663, 11.898324169638663, 
6.634972882990404, 6.634972882990404, 6.634972882990404, 8.513013817381827, 11.630966526222451, 11.305123601410362, 11.305123601410362, 11.305123601410362, 11.305123601410362, 11.305123601410362, 10.443513577754072, 10.443513577754072, 10.443513577754072, 10.443513577754072, 10.443513577754072, 7.173368045199121, 7.173368045199121, 7.173368045199121, 7.173368045199121, 7.173368045199121, 7.173368045199121, 7.173368045199121, 7.173368045199121, 7.173368045199121, 10.53386522502988, 9.42216309589225, 9.42216309589225, 9.42216309589225, 9.42216309589225, 9.401535875371573, 10.738350640898329, 10.049837570057015, 11.294529053803315, 12.008780854156402, 11.799460432940917, 11.799460432940917, 11.799460432940917, 11.799460432940917, 11.799460432940917, 11.799460432940917, 11.799460432940917, 11.799460432940917, 11.799460432940917, 11.799460432940917, 11.667102194055444, 11.667102194055444, 11.899097528761759, 11.899097528761759, 11.899097528761759, 11.899097528761759, 11.899097528761759, 11.899097528761759, 11.899097528761759, 12.444139797943272, 12.444139797943272, 12.444139797943272, 12.444139797943272, 12.444139797943272, 12.444139797943272, 12.444139797943272, 12.444139797943272, 12.444139797943272, 12.444139797943272, 12.444139797943272, 12.444139797943272, 11.829246594949444, 11.829246594949444, 10.809172625703765, 12.40275795485151, 12.40275795485151, 12.40275795485151, 12.40275795485151, 11.63546203559347, 11.63546203559347, 11.63546203559347, 11.63546203559347, 11.63546203559347, 11.63546203559347, 11.63546203559347, 11.63546203559347, 11.63546203559347, 11.63546203559347, 11.63546203559347, 11.63546203559347, 11.978963444586688, 11.978963444586688, 11.978963444586688, 11.978963444586688, 11.978963444586688, 11.978963444586688, 11.978963444586688, 11.978963444586688, 11.978963444586688, 11.978963444586688, 11.978963444586688, 11.978963444586688, 11.978963444586688, 11.911588802487497, 10.827839183920496, 
7.440815724987409, 7.394684695424976, 7.394684695424976, 10.216606289794923, 11.061763188779747, 10.970526105576342, 10.970526105576342, 11.421362428684912, 11.421362428684912, 11.421362428684912, 10.221689438336568, 10.221689438336568, 10.221689438336568, 10.221689438336568, 10.066631094031399, 8.307040515415656, 8.307040515415656, 7.921294069308166, 7.921294069308166, 7.70970254800649, 7.69421725397652, 7.69421725397652, 7.69421725397652, 7.69421725397652, 10.847200291218003, 9.875042987451161, 9.442515282601383, 9.442515282601383, 9.241527507814375, 9.241527507814375, 10.755757454143762, 10.755757454143762, 11.882048572788886, 11.882048572788886, 11.882048572788886, 11.882048572788886, 11.882048572788886, 11.867711355048638, 11.867711355048638, 11.867711355048638, 11.867711355048638, 11.867711355048638, 11.867711355048638, 11.867711355048638, 11.867711355048638, 11.867711355048638, 11.72627242305756, 11.72627242305756, 11.72627242305756, 11.72627242305756, 11.72627242305756, 11.296493823157931, 11.296493823157931, 11.106748949527502, 11.660816367876702, 11.660816367876702, 11.660816367876702, 12.19751343431678, 11.561558293997054, 11.561558293997054, 11.561558293997054, 11.561558293997054, 11.561558293997054, 11.561558293997054, 11.561558293997054, 11.561558293997054, 11.561558293997054, 11.725376655096435, 11.725376655096435, 11.725376655096435, 11.673644063056242, 11.396904882891775, 11.815967491106768, 11.815967491106768, 11.815967491106768, 11.815967491106768, 11.815967491106768, 11.815967491106768, 11.815967491106768, 11.815967491106768, 11.815967491106768, 11.815967491106768, 11.815967491106768, 11.90851502350287, 11.382972017344187, 12.154989197067543, 12.154989197067543, 12.154989197067543, 12.154989197067543, 12.154989197067543, 12.343341252335533, 12.343341252335533, 11.223584854093765, 11.474445396678115, 11.481786959340932, 11.338286629518548, 11.338286629518548, 11.4583863056496, 11.4583863056496, 
7.2058744092162605, 7.2058744092162605, 7.2058744092162605, 9.504248633036257, 12.39027631056136, 10.975296442961435, 11.49923665082198, 12.282277238278983, 12.282277238278983, 12.282277238278983, 10.556760684762668, 10.556760684762668, 10.556760684762668, 10.556760684762668, 10.556760684762668, 8.296470442922178, 8.289897713194065, 8.289897713194065, 7.789459270262515, 7.789459270262515, 7.789459270262515, 7.381323086394993, 7.381323086394993, 7.090914829377317, 9.984648471620002, 11.365185354561277, 9.81498596068043, 9.81498596068043, 9.81498596068043, 9.81498596068043, 10.996337336982144, 10.25794147291667, 11.273998229452753, 11.835433120527075, 11.835433120527075, 11.835433120527075, 11.835433120527075, 11.835433120527075, 11.835433120527075, 11.835433120527075, 11.835433120527075, 11.835433120527075, 11.835433120527075, 11.835433120527075, 11.835433120527075, 11.654383366447922, 11.654383366447922, 11.654383366447922, 11.654383366447922, 11.654383366447922, 11.654383366447922, 11.936920977066944, 11.936920977066944, 11.936920977066944, 12.151358662726206, 12.151358662726206, 12.151358662726206, 12.151358662726206, 12.151358662726206, 12.151358662726206, 12.151358662726206, 12.151358662726206, 12.151358662726206, 12.151358662726206, 12.151358662726206, 12.151358662726206, 12.151358662726206, 12.151358662726206, 12.151358662726206, 12.151358662726206, 11.551583305074573, 11.12177860005193, 12.215682508768312, 12.215682508768312, 12.215682508768312, 12.215682508768312, 12.215682508768312, 12.215682508768312, 12.215682508768312, 12.215682508768312, 12.215682508768312, 12.215682508768312, 12.215682508768312, 12.215682508768312, 11.617862149201358, 11.617862149201358, 11.617862149201358, 11.617862149201358, 12.439540348598246, 12.439540348598246, 10.964158899019118, 10.964158899019118, 11.624620409870763, 11.624620409870763, 11.624620409870763, 11.368594374214199, 12.107662986087764, 11.33252968643958, 11.33252968643958, 
6.57834868140052, 6.57834868140052, 6.57834868140052, 9.297866174425819, 11.215379312605284, 11.142819374956403, 11.43489539713329, 11.43489539713329, 12.260082335523425, 12.260082335523425, 10.378039714931228, 10.029302928553806, 10.029302928553806, 9.772153373261494, 9.772153373261494, 8.388227336629194, 7.866731462475112, 7.866731462475112, 7.552914741958848, 7.552914741958848, 7.552914741958848, 6.760288214444518, 6.760288214444518, 6.756126822908907, 10.064225257706646, 9.673696601409405, 9.673696601409405, 9.648989187648334, 9.648989187648334, 9.648989187648334, 10.444947973682844, 10.362171381853667, 11.412127010388165, 11.412127010388165, 11.412127010388165, 11.412127010388165, 12.149044768175067, 12.149044768175067, 12.149044768175067, 12.149044768175067, 12.149044768175067, 12.149044768175067, 12.149044768175067, 12.149044768175067, 12.149044768175067, 12.149044768175067, 12.149044768175067, 12.149044768175067, 12.149044768175067, 12.149044768175067, 12.149044768175067, 12.149044768175067, 12.149044768175067, 12.149044768175067, 12.149044768175067, 12.149044768175067, 12.149044768175067, 12.149044768175067, 12.149044768175067, 12.149044768175067, 12.149044768175067, 12.149044768175067, 12.149044768175067, 12.149044768175067, 12.149044768175067, 12.149044768175067, 12.149044768175067, 12.149044768175067, 12.149044768175067, 12.149044768175067, 11.702873134757144, 11.793216436194076, 11.840691995649296, 11.795301532908752, 11.795301532908752, 11.795301532908752, 11.795301532908752, 11.593564391203174, 11.593564391203174, 11.593564391203174, 11.593564391203174, 11.593564391203174, 11.593564391203174, 11.593564391203174, 11.593564391203174, 11.593564391203174, 11.593564391203174, 11.593564391203174, 11.593564391203174, 11.593564391203174, 11.732160666620668, 11.732160666620668, 11.365865368602252, 12.124400042123767, 11.809447632527924, 11.68732422563906, 11.68732422563906, 11.505529084519686, 12.090398247020966, 
7.612239105039954, 7.522239269801087, 7.522239269801087, 9.375139296087301, 12.099894899215757, 11.859950037790094, 11.775402457031221, 11.775402457031221, 11.533648306579908, 11.533648306579908, 10.905493525074752, 10.905493525074752, 9.813651212010148, 9.813651212010148, 9.813651212010148, 7.450895549275195, 7.450895549275195, 7.450895549275195, 6.956591823211973, 6.956591823211973, 6.956591823211973, 6.956591823211973, 6.956591823211973, 6.956591823211973, 8.78596920643244, 11.563687163170062, 10.80998073969535, 9.763395859610217, 9.585476619382371, 9.585476619382371, 11.22554474381179, 11.08520675522744, 11.023124003512883, 11.203280895671874, 11.34105387711227, 11.34105387711227, 11.34105387711227, 11.34105387711227, 11.34105387711227, 11.656304326637258, 11.656304326637258, 11.656304326637258, 11.656304326637258, 11.656304326637258, 11.656304326637258, 11.837453443604485, 11.720937897574837, 11.936564518617514, 11.936564518617514, 11.936564518617514, 11.936564518617514, 11.793120396557255, 11.793120396557255, 11.793120396557255, 11.793120396557255, 11.793120396557255, 11.793120396557255, 11.793120396557255, 11.793120396557255, 11.793120396557255, 11.793120396557255, 11.793120396557255, 11.793120396557255, 11.793120396557255, 11.793120396557255, 11.793120396557255, 11.793120396557255, 11.793120396557255, 11.793120396557255, 11.793120396557255, 11.025525295235513, 12.127481678610074, 11.432501159166193, 11.432501159166193, 11.118913678237838, 11.118913678237838, 11.748265566587108, 11.748265566587108, 11.738778587760475, 11.738778587760475, 11.738778587760475, 11.738778587760475, 11.738778587760475, 11.738778587760475, 11.706537316251339, 11.57864514471584, 11.57864514471584, 11.57864514471584, 11.57864514471584, 11.57864514471584, 11.811247917124707, 11.810914775137546, 11.30875230018407, 11.352822606429944, 11.352822606429944, 11.96958676951472, 11.96958676951472, 11.668669101685962, 11.668669101685962, 
6.908293329013041, 6.908293329013041, 6.908293329013041, 10.798559019213013, 10.696665804239496, 11.421617928864302, 11.421617928864302, 11.421617928864302, 11.421617928864302, 11.421617928864302, 9.943573311169267, 9.943573311169267, 9.352717644709081, 9.352717644709081, 9.352717644709081, 7.621571362457818, 7.392219730965117, 7.392219730965117, 7.392219730965117, 7.392219730965117, 8.053325478134537, 8.053325478134537, 8.053325478134537, 7.80941046316544, 9.178936215608042, 10.606286271267098, 9.930298771851113, 9.930298771851113, 9.635113050270792, 9.635113050270792, 11.058108229637725, 10.269636985001775, 11.846939149934409, 11.846939149934409, 11.804209115489948, 11.804209115489948, 11.723845120175323, 11.723845120175323, 11.463802991378412, 11.463802991378412, 11.565184005912124, 12.199682527108493, 12.199682527108493, 12.199682527108493, 12.199682527108493, 12.199682527108493, 12.199682527108493, 12.199682527108493, 12.199682527108493, 12.199682527108493, 12.164991729555005, 12.164991729555005, 12.164991729555005, 12.164991729555005, 12.164991729555005, 12.164991729555005, 12.164991729555005, 12.164991729555005, 11.36810923768584, 11.36810923768584, 11.36810923768584, 11.491137919553767, 11.491137919553767, 11.491137919553767, 11.491137919553767, 11.135241064210451, 11.185828107156432, 11.579396707513828, 11.287569179769662, 11.287569179769662, 11.139883381244774, 11.139883381244774, 10.899622157447617, 11.620376811614289, 11.620376811614289, 11.620376811614289, 11.620376811614289, 11.620376811614289, 11.34335603623557, 12.02205890884824, 12.02205890884824, 12.28164359952119, 12.28164359952119, 12.28164359952119, 12.28164359952119, 12.28164359952119, 12.28164359952119, 12.28164359952119, 12.28164359952119, 12.28164359952119, 11.953531016666933, 11.946554521640492, 11.884769398959394, 11.713241142746316, 11.713241142746316, 12.117872992087413, 11.895609840334947, 11.788232529268717, 12.040004504792728, 
6.999802991812457, 6.999802991812457, 6.999802991812457, 8.913299024526323, 11.80694777552296, 11.378608038414047, 11.64259618301659, 11.64259618301659, 12.403087737752575, 12.403087737752575, 11.14111600607861, 10.040854845458181, 10.040854845458181, 10.040854845458181, 10.040854845458181, 8.235992414281188, 8.11086902034125, 7.852637444783332, 7.82432004889267, 7.806109982042152, 7.806109982042152, 7.713845197236477, 7.713845197236477, 7.713845197236477, 9.259721647252176, 9.40034296650483, 9.40034296650483, 9.40034296650483, 9.40034296650483, 9.40034296650483, 9.702657404968354, 9.702657404968354, 11.871101312912458, 12.311435312780846, 11.880389458983165, 11.880389458983165, 11.880389458983165, 11.880389458983165, 11.880389458983165, 11.880389458983165, 11.880389458983165, 11.880389458983165, 11.880389458983165, 11.880389458983165, 11.880389458983165, 11.880389458983165, 11.880389458983165, 12.056648953480966, 12.056648953480966, 12.056648953480966, 12.056648953480966, 12.056648953480966, 11.945068596559807, 11.945068596559807, 11.945068596559807, 11.945068596559807, 11.945068596559807, 11.945068596559807, 11.945068596559807, 11.945068596559807, 11.945068596559807, 11.945068596559807, 11.945068596559807, 11.995620001148128, 11.995620001148128, 11.995620001148128, 11.995620001148128, 11.995620001148128, 11.995620001148128, 11.995620001148128, 10.264682531249864, 11.41615979009747, 11.26562924804398, 11.40971336997371, 11.40971336997371, 11.797829785937989, 11.797829785937989, 11.797829785937989, 11.797829785937989, 11.81065433323638, 11.81065433323638, 11.81065433323638, 11.81065433323638, 11.81065433323638, 11.443884708437773, 11.680234488258291, 11.680234488258291, 11.680234488258291, 11.989485102103863, 11.989485102103863, 11.231550038651577, 12.018896053035812, 12.018896053035812, 12.018896053035812, 12.018896053035812, 11.809695708825865, 11.809695708825865, 11.887549898142412, 11.887549898142412, 
6.922310323071571, 6.922310323071571, 6.922310323071571, 10.625025964873648, 11.829149798022117, 11.466545232236978, 11.466545232236978, 11.864830557245359, 11.864830557245359, 11.864830557245359, 10.781276363630129, 10.220957648816713, 10.220957648816713, 10.220957648816713, 10.220957648816713, 6.928757499529111, 6.928757499529111, 6.928757499529111, 6.928757499529111, 6.928757499529111, 6.928757499529111, 6.928757499529111, 6.629690899054182, 6.629690899054182, 9.70857607944301, 10.88015480092781, 9.26330955091987, 9.26330955091987, 9.26330955091987, 9.26330955091987, 10.644442489466199, 10.644442489466199, 11.11505196694863, 10.978852320556475, 11.919197346332407, 11.919197346332407, 11.919197346332407, 11.919197346332407, 11.347470669583643, 11.347470669583643, 11.347470669583643, 11.347470669583643, 11.347470669583643, 12.838050274043184, 12.838050274043184, 12.838050274043184, 12.838050274043184, 12.838050274043184, 12.838050274043184, 12.838050274043184, 12.838050274043184, 12.097296818824677, 10.81057957360775, 10.81057957360775, 10.81057957360775, 10.81057957360775, 11.66447119340789, 11.66447119340789, 11.66447119340789, 11.66447119340789, 11.66447119340789, 11.94141523343359, 11.94141523343359, 11.94141523343359, 11.94141523343359, 11.94141523343359, 11.94141523343359, 11.94141523343359, 11.94141523343359, 11.94141523343359, 12.08420797412616, 12.08420797412616, 12.680941198147984, 11.346838281185935, 11.346838281185935, 11.346838281185935, 11.346838281185935, 11.346838281185935, 11.803066085915152, 11.803066085915152, 11.803066085915152, 11.803066085915152, 11.803066085915152, 12.05800754966261, 12.05800754966261, 12.05800754966261, 12.05800754966261, 12.05800754966261, 12.05800754966261, 12.05800754966261, 11.87573967288603, 11.402081319207822, 11.402081319207822, 11.402081319207822, 11.545740107266523, 10.538698796454234, 11.702268693414904, 11.424812233457315, 11.685017755956846, 
7.319486155721776, 7.319486155721776, 7.319486155721776, 10.599089975551763, 11.30057969751147, 11.8951595955656, 11.8951595955656, 11.8951595955656, 11.8951595955656, 11.8951595955656, 10.084125607755357, 10.084125607755357, 10.084125607755357, 10.084125607755357, 10.084125607755357, 7.841529877341014, 7.841529877341014, 7.841529877341014, 7.841529877341014, 7.841529877341014, 7.841529877341014, 7.841529877341014, 7.841529877341014, 7.841529877341014, 9.891687045776644, 11.300766302107201, 10.352592007357178, 10.352592007357178, 10.352592007357178, 10.352592007357178, 10.489918457936714, 10.489918457936714, 12.171142513925703, 12.171142513925703, 12.171142513925703, 12.171142513925703, 12.171142513925703, 12.171142513925703, 12.171142513925703, 12.171142513925703, 12.171142513925703, 12.171142513925703, 12.171142513925703, 12.171142513925703, 12.171142513925703, 12.171142513925703, 12.171142513925703, 12.171142513925703, 12.171142513925703, 12.171142513925703, 12.171142513925703, 12.171142513925703, 12.171142513925703, 12.171142513925703, 12.171142513925703, 12.171142513925703, 12.171142513925703, 12.171142513925703, 12.171142513925703, 12.171142513925703, 12.171142513925703, 12.171142513925703, 12.171142513925703, 12.171142513925703, 12.171142513925703, 12.171142513925703, 12.171142513925703, 12.171142513925703, 12.171142513925703, 12.171142513925703, 12.171142513925703, 12.171142513925703, 11.629409003380957, 11.629409003380957, 12.180107432314314, 12.180107432314314, 12.180107432314314, 12.180107432314314, 12.180107432314314, 12.180107432314314, 12.180107432314314, 12.180107432314314, 12.180107432314314, 12.180107432314314, 11.56795533013214, 12.131495961032956, 12.131495961032956, 12.131495961032956, 12.131495961032956, 12.131495961032956, 11.609462443379796, 11.609462443379796, 11.609462443379796, 11.609462443379796, 11.609462443379796, 11.441263943255553, 11.626201014569604, 11.843430989405014, 11.500952073355768, 
7.139532279456676, 7.139532279456676, 7.139532279456676, 9.21933021800086, 11.111565862665413, 11.958927980813558, 11.958927980813558, 11.958927980813558, 11.958927980813558, 11.958927980813558, 9.850441261368955, 9.850441261368955, 9.850441261368955, 9.850441261368955, 9.850441261368955, 8.261490430565491, 7.887082775675816, 7.627547188660314, 7.627547188660314, 7.627547188660314, 7.627547188660314, 7.627547188660314, 7.627547188660314, 7.627547188660314, 9.097887348042065, 10.317910144840026, 9.727422347284023, 9.727422347284023, 9.727422347284023, 9.727422347284023, 10.892813925533416, 10.892813925533416, 11.470322887715534, 10.709469390424733, 11.462240850985825, 11.462240850985825, 11.462240850985825, 11.462240850985825, 11.462240850985825, 11.462240850985825, 11.462240850985825, 11.462240850985825, 12.114620657622343, 12.114620657622343, 12.114620657622343, 12.114620657622343, 12.114620657622343, 12.114620657622343, 12.114620657622343, 12.114620657622343, 12.114620657622343, 12.114620657622343, 12.114620657622343, 12.114620657622343, 12.114620657622343, 12.114620657622343, 12.114620657622343, 12.114620657622343, 12.114620657622343, 12.114620657622343, 12.114620657622343, 12.114620657622343, 12.114620657622343, 12.114620657622343, 12.114620657622343, 12.114620657622343, 12.114620657622343, 12.114620657622343, 12.114620657622343, 12.114620657622343, 12.204241594328101, 12.204241594328101, 11.670719047021494, 11.700531035262587, 11.700531035262587, 11.700531035262587, 11.700531035262587, 11.700531035262587, 11.700531035262587, 11.700531035262587, 11.885071626327804, 11.885071626327804, 11.794238568419882, 11.794238568419882, 11.794238568419882, 11.794238568419882, 11.794238568419882, 11.794238568419882, 11.794238568419882, 11.794238568419882, 11.846685619104411, 10.922523506271501, 12.180948213732897, 11.814131841252756, 11.87178652850577, 10.915579483266681, 10.915579483266681, 12.470394197851672, 12.470394197851672, 
7.021746040576266, 7.021746040576266, 7.021746040576266, 10.485514075273118, 11.245883668170949, 11.479127224917274, 11.829271422664736, 11.829271422664736, 11.916865637724985, 11.916865637724985, 10.944318635493278, 10.243643709182638, 10.243643709182638, 10.243643709182638, 10.047257719118335, 8.167668952184389, 7.914803333815641, 7.914803333815641, 7.914803333815641, 7.914803333815641, 7.505415291391213, 7.505415291391213, 7.505415291391213, 7.505415291391213, 9.923483931540355, 11.213686006719408, 9.625897745796356, 9.620613083824612, 9.620613083824612, 9.620613083824612, 11.270993627377228, 11.270993627377228, 11.259257729221368, 11.096531052588578, 11.096531052588578, 11.710848785366014, 11.710848785366014, 11.710848785366014, 11.020733339088686, 11.020733339088686, 11.020733339088686, 11.020733339088686, 11.020733339088686, 11.020733339088686, 11.020733339088686, 11.020733339088686, 11.020733339088686, 11.020733339088686, 11.020733339088686, 11.296733766592979, 11.296733766592979, 11.765677402453534, 11.372904702898744, 11.372904702898744, 11.372904702898744, 11.372904702898744, 11.910358012948643, 11.695275568225892, 11.573842910825343, 11.573842910825343, 11.573842910825343, 11.573842910825343, 11.573842910825343, 11.573842910825343, 11.573842910825343, 12.501776156951069, 12.501776156951069, 12.501776156951069, 12.501776156951069, 12.501776156951069, 11.699771533744396, 11.40152078806698, 11.647785788245717, 12.236040730557113, 12.236040730557113, 11.272158438680908, 11.272158438680908, 11.272158438680908, 11.272158438680908, 11.272158438680908, 11.272158438680908, 11.272158438680908, 11.272158438680908, 11.272158438680908, 11.760146890210297, 11.760146890210297, 11.760146890210297, 11.760146890210297, 11.33952547281261, 11.749816623534754, 11.851792363369395, 12.098661394594112, 12.098661394594112, 11.793429760835473, 11.793429760835473, 11.800114219864458, 11.800114219864458, 11.592833886586517, 11.592833886586517, 
7.5021081926633215, 7.5021081926633215, 7.036825181178694, 9.964169492952031, 11.228899676870293, 10.79217422243837, 10.79217422243837, 10.79217422243837, 10.79217422243837, 10.79217422243837, 11.369376568783231, 10.339739982048116, 10.339739982048116, 10.339739982048116, 10.339739982048116, 8.07936025897411, 8.07936025897411, 8.03216118613593, 7.443029383950208, 7.443029383950208, 7.443029383950208, 7.443029383950208, 7.443029383950208, 7.443029383950208, 9.909037334359025, 11.746719203326741, 11.075554585334785, 10.478723166398122, 10.478723166398122, 10.478723166398122, 11.712303084188695, 11.032620255374564, 11.062946302484061, 11.062946302484061, 11.062946302484061, 11.062946302484061, 11.062946302484061, 11.062946302484061, 11.062946302484061, 11.062946302484061, 11.062946302484061, 11.062946302484061, 11.73851794269866, 11.73851794269866, 11.73851794269866, 11.73851794269866, 11.73851794269866, 11.73851794269866, 11.73851794269866, 11.73851794269866, 11.73851794269866, 11.73851794269866, 11.73851794269866, 11.73851794269866, 11.73851794269866, 11.73851794269866, 11.73851794269866, 11.73851794269866, 11.73851794269866, 11.73851794269866, 11.73851794269866, 11.73851794269866, 11.73851794269866, 11.73851794269866, 11.73851794269866, 11.73851794269866, 11.73851794269866, 11.73851794269866, 11.73851794269866, 11.73851794269866, 11.73851794269866, 11.73851794269866, 11.308330341728919, 11.821726223433254, 11.821726223433254, 11.786058142979947, 11.786058142979947, 11.786058142979947, 11.786058142979947, 11.786058142979947, 11.786058142979947, 11.786058142979947, 11.786058142979947, 11.786058142979947, 11.786058142979947, 11.786058142979947, 11.786058142979947, 11.786058142979947, 11.786058142979947, 11.786058142979947, 11.786058142979947, 11.786058142979947, 11.786058142979947, 11.786058142979947, 11.786058142979947, 11.274379885334616, 12.022330233725363, 11.4628648204197, 11.4628648204197, 
6.224476988684277, 6.224476988684277, 6.224476988684277, 8.747302656566701, 11.822090849459544, 12.212449252171501, 12.212449252171501, 12.212449252171501, 11.713334761626117, 11.713334761626117, 9.771720250898731, 9.771720250898731, 9.771720250898731, 9.771720250898731, 9.771720250898731, 7.851599127872339, 7.7314785455810995, 7.083749562027741, 7.040302356195978, 7.040302356195978, 7.040302356195978, 7.040302356195978, 7.040302356195978, 7.040302356195978, 10.14746884550836, 10.48140075643837, 10.137215021906467, 10.137215021906467, 10.137215021906467, 10.137215021906467, 11.497448839954854, 11.451759648409688, 12.224446680197323, 12.224446680197323, 12.224446680197323, 12.224446680197323, 12.224446680197323, 12.224446680197323, 12.224446680197323, 12.224446680197323, 12.224446680197323, 12.224446680197323, 12.224446680197323, 12.224446680197323, 12.224446680197323, 12.124504792904096, 12.124504792904096, 12.124504792904096, 12.124504792904096, 12.124504792904096, 12.124504792904096, 12.124504792904096, 12.124504792904096, 12.124504792904096, 12.124504792904096, 12.124504792904096, 12.124504792904096, 12.124504792904096, 12.124504792904096, 12.124504792904096, 12.124504792904096, 12.124504792904096, 12.124504792904096, 12.124504792904096, 12.124504792904096, 12.124504792904096, 12.124504792904096, 11.646048880408612, 11.646048880408612, 11.646048880408612, 12.251566218976714, 12.251566218976714, 11.588038716505576, 11.816424912770449, 11.816424912770449, 11.49610863351418, 11.49610863351418, 11.49610863351418, 11.49610863351418, 11.49610863351418, 11.49610863351418, 11.49610863351418, 11.49610863351418, 11.49610863351418, 11.49610863351418, 11.49610863351418, 11.49610863351418, 11.49610863351418, 11.49610863351418, 11.49610863351418, 11.49610863351418, 11.49610863351418, 11.836196037935578, 11.836196037935578, 11.836196037935578, 11.898502349193354, 11.670941999008853, 11.894952457013735, 11.764437644406067, 
7.247809687942578, 7.247809687942578, 7.247809687942578, 9.14519923141533, 11.032345782790259, 11.810303298647682, 11.810303298647682, 11.810303298647682, 11.810303298647682, 11.644438670819998, 10.84267832725786, 9.72202207225249, 9.72202207225249, 9.72202207225249, 9.72202207225249, 7.506875166503111, 7.506875166503111, 7.506875166503111, 7.184646443347942, 7.184646443347942, 7.184646443347942, 7.184646443347942, 7.184646443347942, 7.184646443347942, 9.73623394657494, 11.550571049266685, 10.71140820755211, 10.71140820755211, 10.673983844212653, 10.67168188105885, 11.647166343628575, 11.271563329633127, 11.332045309915536, 11.835948008189611, 11.835948008189611, 11.835948008189611, 11.835948008189611, 11.835948008189611, 11.835948008189611, 11.835948008189611, 11.835948008189611, 11.835948008189611, 11.835948008189611, 11.835948008189611, 11.835948008189611, 11.835948008189611, 11.835948008189611, 11.835948008189611, 11.835948008189611, 11.835948008189611, 11.835948008189611, 11.080622618987285, 11.080622618987285, 11.080622618987285, 11.080622618987285, 11.080622618987285, 11.080622618987285, 11.665590711657464, 11.89283755264737, 11.89283755264737, 11.89283755264737, 11.89283755264737, 11.89283755264737, 11.89283755264737, 11.89283755264737, 11.843498522426138, 11.843498522426138, 11.843498522426138, 11.843498522426138, 11.843498522426138, 11.542957433859439, 11.422870287644225, 11.206265077911402, 11.03338647783112, 11.219621858034134, 11.99486883826547, 12.504566358590498, 12.504566358590498, 12.504566358590498, 12.504566358590498, 12.504566358590498, 12.504566358590498, 12.504566358590498, 12.504566358590498, 12.504566358590498, 12.504566358590498, 12.504566358590498, 12.504566358590498, 12.504566358590498, 12.504566358590498, 12.504566358590498, 12.504566358590498, 12.504566358590498, 12.504566358590498, 12.504566358590498, 12.037159488996219, 12.037159488996219, 11.368320736240229, 11.368320736240229, 
6.504145343037308, 6.504145343037308, 6.504145343037308, 9.682010040107894, 11.704081903883733, 12.013938622574111, 12.135052796054545, 11.796811438468534, 11.796811438468534, 11.605487061669827, 10.816171253440464, 9.661845540963505, 9.661845540963505, 9.661845540963505, 9.661845540963505, 8.063006617959974, 8.063006617959974, 8.016230761854407, 8.016230761854407, 8.016230761854407, 8.016230761854407, 8.016230761854407, 7.487213827262462, 7.487213827262462, 8.696222748798176, 10.53247480737469, 10.53247480737469, 10.247122295117784, 9.38277077776656, 9.05934398285849, 10.909110635997886, 10.909110635997886, 12.72947199732677, 12.72947199732677, 12.72947199732677, 12.72947199732677, 12.72947199732677, 12.72947199732677, 12.72947199732677, 12.72947199732677, 12.72947199732677, 12.72947199732677, 12.72947199732677, 12.72947199732677, 12.72947199732677, 12.72947199732677, 12.72947199732677, 12.72947199732677, 12.72947199732677, 12.72947199732677, 12.72947199732677, 11.917623874902104, 11.917623874902104, 11.917623874902104, 11.917623874902104, 12.338616456055604, 12.338616456055604, 12.338616456055604, 11.988054016463268, 11.360392872620256, 11.360392872620256, 11.360392872620256, 11.265319477556261, 11.247381377122823, 11.247381377122823, 11.247381377122823, 11.247381377122823, 11.247381377122823, 11.782405182609683, 11.782405182609683, 12.054877907481988, 12.054877907481988, 11.68912772285986, 11.655019226715503, 11.655019226715503, 11.655019226715503, 11.655019226715503, 11.655019226715503, 11.655019226715503, 11.655019226715503, 11.655019226715503, 11.655019226715503, 11.655019226715503, 11.655019226715503, 11.655019226715503, 11.655019226715503, 11.655019226715503, 11.655019226715503, 11.655019226715503, 11.655019226715503, 12.530942527104083, 12.530942527104083, 12.530942527104083, 11.388752742526998, 11.388752742526998, 12.16320432430553, 12.16320432430553, 11.762322962254856, 11.762322962254856, 
7.463356910523711, 7.463356910523711, 7.463356910523711, 9.143204653049123, 10.894789476759703, 10.893942031401696, 10.893942031401696, 10.893942031401696, 11.424812437616156, 11.563769454570119, 10.85404993084289, 10.840668945165989, 10.272893615676027, 10.272893615676027, 10.272893615676027, 8.175295317972449, 7.827748298055223, 7.827748298055223, 7.827748298055223, 7.827748298055223, 7.827748298055223, 7.827748298055223, 7.827748298055223, 7.827748298055223, 8.769965226838842, 10.799960205996891, 10.551104490357076, 10.551104490357076, 10.510115774889561, 10.510115774889561, 10.794067151277753, 10.794067151277753, 11.671013917583913, 11.671013917583913, 11.671013917583913, 11.948774965713868, 12.12641568824039, 12.12641568824039, 12.12641568824039, 12.12641568824039, 12.12641568824039, 12.12641568824039, 12.12641568824039, 12.12641568824039, 11.844014472153113, 11.844014472153113, 11.844014472153113, 11.844014472153113, 11.844014472153113, 11.844014472153113, 11.844014472153113, 11.844014472153113, 11.844014472153113, 11.844014472153113, 11.844014472153113, 11.844014472153113, 11.844014472153113, 11.844014472153113, 11.844014472153113, 11.844014472153113, 11.844014472153113, 11.844014472153113, 11.844014472153113, 11.844014472153113, 11.844014472153113, 11.844014472153113, 11.844014472153113, 11.852737541831, 11.852737541831, 11.729788748023655, 11.446662331016228, 11.085158974418182, 12.022520190179682, 11.832177044157426, 11.832177044157426, 11.832177044157426, 11.832177044157426, 11.832177044157426, 11.832177044157426, 12.48380858069264, 12.48380858069264, 12.48380858069264, 12.48380858069264, 12.48380858069264, 12.48380858069264, 12.48380858069264, 12.48380858069264, 12.48380858069264, 12.48380858069264, 12.48380858069264, 12.48380858069264, 12.48380858069264, 11.746832897554404, 12.516947251953816, 12.516947251953816, 11.048443785481341, 11.979379840434456, 11.987688808820726, 11.987688808820726, 
7.208753645300755, 7.208753645300755, 7.208753645300755, 10.602765134567804, 10.757681258136657, 11.87980731823934, 11.87980731823934, 11.87980731823934, 11.87980731823934, 11.87980731823934, 10.872787395092232, 10.872787395092232, 10.578308404243417, 10.578308404243417, 10.578308404243417, 7.829660336129717, 7.829660336129717, 7.829660336129717, 7.829660336129717, 6.813654800626901, 6.813654800626901, 6.813654800626901, 6.813654800626901, 6.813654800626901, 9.313344927668886, 9.313344927668886, 9.313344927668886, 9.313344927668886, 9.313344927668886, 9.313344927668886, 10.324743384762959, 10.324743384762959, 12.364268669159179, 12.364268669159179, 12.364268669159179, 12.364268669159179, 12.364268669159179, 12.364268669159179, 12.364268669159179, 12.364268669159179, 12.364268669159179, 12.364268669159179, 12.265958975550927, 12.265958975550927, 12.265958975550927, 12.265958975550927, 12.265958975550927, 12.265958975550927, 12.265958975550927, 12.265958975550927, 12.265958975550927, 11.813248462631, 11.813248462631, 11.59020372553796, 11.59020372553796, 11.59020372553796, 11.59020372553796, 11.59020372553796, 11.570009161912195, 11.570009161912195, 11.570009161912195, 11.570009161912195, 11.570009161912195, 11.570009161912195, 11.570009161912195, 11.570009161912195, 11.570009161912195, 11.570009161912195, 11.570009161912195, 11.570009161912195, 10.570000913001133, 11.495440875506475, 11.253310801210901, 12.078596763746903, 12.078596763746903, 12.078596763746903, 12.078596763746903, 12.078596763746903, 12.078596763746903, 12.078596763746903, 12.078596763746903, 12.078596763746903, 12.078596763746903, 12.078596763746903, 12.078596763746903, 12.078596763746903, 12.078596763746903, 12.078596763746903, 12.078596763746903, 12.078596763746903, 12.078596763746903, 12.078596763746903, 12.078596763746903, 12.078596763746903, 12.078596763746903, 11.467683012909594, 11.467683012909594, 11.375698353199892, 11.375698353199892, 
6.400838788148288, 6.400838788148288, 6.400838788148288, 10.456359596750794, 12.239485887811085, 11.377662276643164, 11.170536061131884, 11.170536061131884, 11.170536061131884, 11.170536061131884, 10.767934382965864, 10.701231022975938, 10.426454513698578, 10.156108165511233, 10.156108165511233, 7.590598525219402, 7.590598525219402, 7.590598525219402, 7.435048385634001, 7.435048385634001, 7.435048385634001, 7.435048385634001, 7.435048385634001, 7.435048385634001, 10.672871147101226, 11.181047736017792, 10.164566599637004, 10.164566599637004, 9.4563294951456, 9.4563294951456, 10.48873591051538, 10.48873591051538, 11.742549355683282, 11.310450454134442, 11.310450454134442, 11.310450454134442, 11.310450454134442, 11.310450454134442, 11.310450454134442, 11.310450454134442, 11.310450454134442, 11.310450454134442, 12.216594890085844, 12.216594890085844, 12.216594890085844, 12.216594890085844, 12.216594890085844, 12.216594890085844, 12.216594890085844, 12.216594890085844, 12.216594890085844, 12.216594890085844, 12.216594890085844, 12.216594890085844, 12.216594890085844, 12.216594890085844, 12.216594890085844, 12.216594890085844, 12.216594890085844, 12.216594890085844, 12.216594890085844, 12.216594890085844, 12.216594890085844, 12.216594890085844, 12.216594890085844, 12.216594890085844, 12.216594890085844, 12.216594890085844, 12.216594890085844, 12.216594890085844, 12.216594890085844, 12.216594890085844, 11.172840137534916, 11.150177627400225, 11.303961454310874, 11.303961454310874, 11.303961454310874, 12.226805929492903, 12.226805929492903, 12.226805929492903, 12.226805929492903, 12.226805929492903, 11.535251024855537, 11.535251024855537, 11.192770357459354, 11.192770357459354, 11.736904638549039, 11.736904638549039, 11.736904638549039, 11.736904638549039, 11.517554276541071, 12.253188119692307, 12.141910412485146, 12.141910412485146, 12.141910412485146, 11.156097414060294, 11.156097414060294, 11.775573759021402, 11.401188320708936, 
6.362304163460369, 6.362304163460369, 6.362304163460369, 9.230958945953377, 11.317233350472353, 11.001078983197152, 11.573751616283896, 11.573751616283896, 11.573751616283896, 11.573751616283896, 11.316873631307915, 10.871188690725747, 10.126508123151456, 10.126508123151456, 10.126508123151456, 8.217782869900573, 7.886827732754581, 7.886827732754581, 7.886827732754581, 7.886827732754581, 7.886827732754581, 7.342152180986361, 7.342152180986361, 7.342152180986361, 8.750770670938383, 11.376132359446386, 10.44705862133734, 9.70953112980935, 9.197945278525143, 9.197945278525143, 10.535436555173238, 10.358130205771934, 11.296031446163548, 11.296031446163548, 11.296031446163548, 11.296031446163548, 11.296031446163548, 11.296031446163548, 11.296031446163548, 11.296031446163548, 11.296031446163548, 12.021314743683561, 12.257453071152183, 12.257453071152183, 12.257453071152183, 11.660938912188495, 11.660938912188495, 11.660938912188495, 11.660938912188495, 11.660938912188495, 11.660938912188495, 11.660938912188495, 11.660938912188495, 11.660938912188495, 11.660938912188495, 11.660938912188495, 11.660938912188495, 11.660938912188495, 11.660938912188495, 11.660938912188495, 11.4019418388109, 11.452696148357802, 11.452696148357802, 11.452696148357802, 11.452696148357802, 11.452696148357802, 11.452696148357802, 11.452696148357802, 11.452696148357802, 11.452696148357802, 11.734092375992233, 11.734092375992233, 11.586281851108438, 11.586281851108438, 11.586281851108438, 11.586281851108438, 11.586281851108438, 11.586281851108438, 12.12280308991826, 12.12280308991826, 12.12280308991826, 12.12280308991826, 12.12280308991826, 12.12280308991826, 12.12280308991826, 12.12280308991826, 12.12280308991826, 12.12280308991826, 12.12280308991826, 12.12280308991826, 12.12280308991826, 12.12280308991826, 12.250771014346878, 12.250771014346878, 12.250771014346878, 11.715469821225012, 11.691379789743205, 11.547052806636202, 11.547052806636202, 
6.938113340450519, 6.938113340450519, 6.938113340450519, 10.502617952436506, 11.402890690094363, 11.895718265655068, 11.895718265655068, 11.895718265655068, 11.895718265655068, 11.895718265655068, 10.77455290762614, 10.77455290762614, 10.77455290762614, 9.708567927335888, 9.708567927335888, 8.194881542351322, 8.194881542351322, 7.83838458466915, 7.83838458466915, 7.83838458466915, 7.83838458466915, 7.83838458466915, 7.361597087328583, 7.257734539919843, 9.610640897889654, 10.514566638353108, 9.5749328211088, 9.5749328211088, 9.5749328211088, 9.5749328211088, 11.26080281783543, 10.303423410325987, 11.025666516389935, 10.689154771297018, 11.305382665227476, 11.305382665227476, 11.305382665227476, 11.305382665227476, 11.656578061082348, 11.656578061082348, 11.656578061082348, 12.228884440085675, 11.609649559789288, 11.16789694587664, 11.16789694587664, 11.603456707556623, 11.603456707556623, 11.603456707556623, 11.603456707556623, 11.603456707556623, 11.603456707556623, 11.91867527249059, 11.047693866251494, 11.047693866251494, 11.861799293777993, 11.434395517993055, 11.434395517993055, 11.434395517993055, 11.434395517993055, 11.434395517993055, 11.434395517993055, 11.434395517993055, 11.434395517993055, 11.434395517993055, 11.434395517993055, 11.765427580764184, 11.765427580764184, 12.172917337862875, 12.172917337862875, 12.172917337862875, 11.5727980699196, 11.5727980699196, 11.339828996460938, 11.849367226059586, 11.849367226059586, 11.849367226059586, 11.849367226059586, 11.849367226059586, 11.849367226059586, 11.849367226059586, 11.72055052370805, 11.72055052370805, 11.72055052370805, 11.72055052370805, 11.99284759296872, 11.99284759296872, 12.119818261364333, 12.119818261364333, 12.119818261364333, 12.119818261364333, 11.361845625262323, 11.995325244702322, 11.467945655007501, 11.467945655007501, 11.741525130434349, 12.083209374150172, 12.083209374150172, 11.3464774206638, 11.3464774206638, 
6.813891457695263, 6.813891457695263, 6.813891457695263, 9.693084073056808, 11.879216781013643, 12.116453713870923, 11.300598531004713, 11.300598531004713, 11.300598531004713, 11.300598531004713, 11.17822911883005, 10.856681409301803, 10.741894439251553, 9.929769331744856, 9.929769331744856, 8.637688863546673, 8.31830802443179, 8.279727520803462, 8.13455746392638, 8.13455746392638, 8.02460043192759, 8.012710210103942, 7.849904322880084, 7.401542336008079, 9.144050018392306, 9.978180734928722, 9.978180734928722, 9.092760345742178, 9.092760345742178, 9.092760345742178, 10.959273512481, 10.959273512481, 10.459780764306844, 10.459780764306844, 11.868535192773717, 11.791382765166695, 11.791382765166695, 11.791382765166695, 11.791382765166695, 11.791382765166695, 11.791382765166695, 11.791382765166695, 11.791382765166695, 11.791382765166695, 11.791382765166695, 11.791382765166695, 11.791382765166695, 11.791382765166695, 11.791382765166695, 11.791382765166695, 11.560418206529851, 11.872395007619048, 11.872395007619048, 11.872395007619048, 11.872395007619048, 11.872395007619048, 11.872395007619048, 11.872395007619048, 11.872395007619048, 11.872395007619048, 11.872395007619048, 11.872395007619048, 11.872395007619048, 11.872395007619048, 11.872395007619048, 11.872395007619048, 11.872395007619048, 11.872395007619048, 11.872395007619048, 11.872395007619048, 11.6988055263758, 11.6988055263758, 11.75189243541774, 11.75189243541774, 11.75189243541774, 11.75189243541774, 11.75189243541774, 12.413323770184832, 12.228374583250492, 12.228374583250492, 12.228374583250492, 12.228374583250492, 12.228374583250492, 12.228374583250492, 12.228374583250492, 12.228374583250492, 12.228374583250492, 12.228374583250492, 12.228374583250492, 12.228374583250492, 12.228374583250492, 12.01788043845147, 12.01788043845147, 12.01788043845147, 12.01788043845147, 11.87004211168373, 12.107540580977828, 10.86939816224384, 12.222382623456532, 
6.4608892193676155, 6.4608892193676155, 6.4608892193676155, 9.393724700824727, 11.05121734896392, 11.529755675164365, 11.529755675164365, 11.171192713482059, 11.816696407999716, 11.669068113008365, 10.386334031016231, 10.386334031016231, 10.386334031016231, 10.386334031016231, 9.647902682425997, 7.892384997755341, 7.687063802053473, 7.687063802053473, 7.376332860052209, 7.376332860052209, 7.376332860052209, 7.376332860052209, 7.376332860052209, 7.376332860052209, 9.661831703411751, 9.870951268240386, 9.718961344764521, 9.718961344764521, 9.54695264951628, 9.54695264951628, 10.993003073988797, 10.209800967558376, 12.113526097733574, 12.113526097733574, 12.113526097733574, 12.113526097733574, 12.113526097733574, 12.113526097733574, 12.113526097733574, 12.113526097733574, 12.113526097733574, 12.113526097733574, 12.113526097733574, 11.636633395167516, 11.636633395167516, 11.636633395167516, 12.109633831997506, 12.109633831997506, 12.109633831997506, 12.109633831997506, 12.109633831997506, 12.109633831997506, 12.109633831997506, 12.109633831997506, 12.109633831997506, 12.109633831997506, 12.109633831997506, 12.109633831997506, 12.109633831997506, 12.109633831997506, 12.109633831997506, 12.109633831997506, 12.109633831997506, 12.109633831997506, 12.109633831997506, 11.26528524182049, 11.26528524182049, 11.398759486108625, 11.398759486108625, 11.398759486108625, 11.366225348920148, 11.308472519858062, 11.209285040657985, 12.246573769483062, 12.246573769483062, 12.246573769483062, 12.246573769483062, 12.246573769483062, 12.246573769483062, 12.246573769483062, 12.246573769483062, 12.246573769483062, 12.246573769483062, 12.246573769483062, 12.246573769483062, 12.246573769483062, 12.246573769483062, 12.246573769483062, 12.246573769483062, 12.246573769483062, 11.855136256844242, 11.825997864052667, 11.54449539705795, 11.639574261011218, 11.924331637911147, 10.71120478452341, 11.73178239969684, 11.805244345441569, 11.62714122124475, 
7.415450104480721, 7.415450104480721, 7.415450104480721, 9.896841007364769, 11.316185370628187, 12.058846435364721, 12.058846435364721, 12.058846435364721, 12.058846435364721, 12.058846435364721, 10.419970365164474, 10.419970365164474, 10.419970365164474, 10.419970365164474, 9.962905157839492, 7.965897740710011, 7.965897740710011, 7.7917855038638475, 7.517524781388502, 7.517524781388502, 7.249148893950107, 7.249148893950107, 7.249148893950107, 7.249148893950107, 9.454901559640438, 11.439412693928428, 9.087215268065751, 9.087215268065751, 9.087215268065751, 9.087215268065751, 11.57464144454978, 10.823403104526607, 11.280589743514078, 11.943102313360253, 11.943102313360253, 11.943102313360253, 11.943102313360253, 11.943102313360253, 11.848946239600117, 11.848946239600117, 11.848946239600117, 11.848946239600117, 11.657529789815952, 11.657529789815952, 11.657529789815952, 11.657529789815952, 11.657529789815952, 11.97287382627788, 11.97287382627788, 11.97287382627788, 11.97287382627788, 11.499778007415284, 11.516842240463744, 11.516842240463744, 11.516842240463744, 11.516842240463744, 11.516842240463744, 11.516842240463744, 11.69624148093287, 11.69624148093287, 11.84808118947597, 11.84808118947597, 11.84808118947597, 11.84808118947597, 11.84808118947597, 12.459729265744961, 12.459729265744961, 12.171187812622213, 12.171187812622213, 12.171187812622213, 12.044717313936088, 12.102546784357326, 11.609771218903154, 11.609771218903154, 11.609771218903154, 11.917500516738771, 12.228278851736388, 12.228278851736388, 12.228278851736388, 12.228278851736388, 12.228278851736388, 12.228278851736388, 12.060083492655913, 12.060083492655913, 12.060083492655913, 12.060083492655913, 12.060083492655913, 12.060083492655913, 12.060083492655913, 12.060083492655913, 12.060083492655913, 12.060083492655913, 12.060083492655913, 12.060083492655913, 12.060083492655913, 12.060083492655913, 12.060083492655913, 11.833186017423083, 11.562920316921526, 
6.740809011672356, 6.740809011672356, 6.740809011672356, 10.32692223699, 11.893125288499451, 11.591380290263468, 11.837925387740542, 11.837925387740542, 11.837925387740542, 11.837925387740542, 10.601509944484171, 10.601509944484171, 10.601509944484171, 10.601509944484171, 10.601509944484171, 7.670393294527225, 7.670393294527225, 7.670393294527225, 7.417082962071374, 7.417082962071374, 7.417082962071374, 7.417082962071374, 7.417082962071374, 7.417082962071374, 8.973446949829459, 10.7772414986976, 9.49944218139458, 9.49944218139458, 9.49944218139458, 9.49944218139458, 11.345188858496442, 10.857990408631801, 11.287290782069428, 11.287290782069428, 11.287290782069428, 11.287290782069428, 11.287290782069428, 11.287290782069428, 11.287290782069428, 11.287290782069428, 11.287290782069428, 11.287290782069428, 11.287290782069428, 12.145527139164955, 12.145527139164955, 12.145527139164955, 12.145527139164955, 12.145527139164955, 12.145527139164955, 12.145527139164955, 12.145527139164955, 12.145527139164955, 12.145527139164955, 12.145527139164955, 12.145527139164955, 12.145527139164955, 12.145527139164955, 12.145527139164955, 12.145527139164955, 12.145527139164955, 12.145527139164955, 12.145527139164955, 12.145527139164955, 12.145527139164955, 12.145527139164955, 12.145527139164955, 12.145527139164955, 12.145527139164955, 12.145527139164955, 12.145527139164955, 12.145527139164955, 12.145527139164955, 11.50001280896235, 11.50001280896235, 11.359508200410971, 11.359508200410971, 11.359508200410971, 11.346707514582732, 11.346707514582732, 11.346707514582732, 11.346707514582732, 11.346707514582732, 11.346707514582732, 11.346707514582732, 12.229821463978498, 12.229821463978498, 12.229821463978498, 12.229821463978498, 12.229821463978498, 12.229821463978498, 11.950040642356683, 11.950040642356683, 11.950040642356683, 11.950040642356683, 11.950040642356683, 11.92912101061697, 11.92912101061697, 11.709289383690477, 11.709289383690477, 
7.146633137435574, 7.146633137435574, 7.146633137435574, 8.898238560124557, 10.792593373273506, 12.285994222705607, 12.285994222705607, 12.285994222705607, 12.285994222705607, 12.285994222705607, 11.317414206377942, 11.015917201618912, 10.642170888934244, 10.36425162133681, 10.36425162133681, 7.906295105228539, 7.798819905451026, 7.645452022652902, 7.645452022652902, 7.645452022652902, 7.645452022652902, 7.645452022652902, 7.645452022652902, 7.645452022652902, 10.33425898588732, 9.24315433274527, 9.24315433274527, 9.24315433274527, 9.24315433274527, 9.24315433274527, 10.773839589112242, 10.773839589112242, 11.308898018005905, 11.308898018005905, 11.308898018005905, 11.308898018005905, 11.753169790943534, 11.753169790943534, 11.753169790943534, 11.753169790943534, 11.727650508334822, 11.727650508334822, 11.727650508334822, 11.727650508334822, 12.019259646079234, 12.019259646079234, 12.019259646079234, 12.019259646079234, 12.019259646079234, 12.019259646079234, 12.019259646079234, 12.019259646079234, 12.019259646079234, 12.019259646079234, 12.019259646079234, 12.019259646079234, 12.019259646079234, 12.019259646079234, 12.019259646079234, 12.019259646079234, 12.019259646079234, 12.019259646079234, 12.019259646079234, 12.019259646079234, 12.019259646079234, 12.019259646079234, 12.019259646079234, 12.019259646079234, 12.019259646079234, 12.019259646079234, 12.091007969312159, 11.08640969462374, 10.646395587716427, 11.738082345799437, 11.738082345799437, 11.934804522371216, 11.934804522371216, 11.934804522371216, 11.934804522371216, 11.934804522371216, 11.934804522371216, 11.934804522371216, 11.934804522371216, 11.934804522371216, 11.934804522371216, 11.934804522371216, 11.934804522371216, 11.934804522371216, 11.934804522371216, 11.934804522371216, 11.726184754095996, 11.726184754095996, 11.921356014788877, 11.921356014788877, 12.447999925294141, 12.051550390849187, 12.051550390849187, 11.392306044418486, 11.28199623240305, 
6.39030506048768, 6.39030506048768, 6.39030506048768, 10.122113893309605, 11.346711370814706, 11.086813336635265, 11.348820330133847, 11.348820330133847, 11.348820330133847, 11.348820330133847, 10.92825758193198, 10.081478377895381, 10.081478377895381, 10.081478377895381, 10.081478377895381, 7.507139470238039, 7.507139470238039, 7.507139470238039, 7.444591214356809, 7.373431110924388, 7.22746443919994, 7.22746443919994, 7.22746443919994, 7.22746443919994, 9.175559368065192, 9.175559368065192, 9.175559368065192, 9.175559368065192, 9.175559368065192, 9.175559368065192, 11.0447746759908, 10.249154940915634, 11.527155428265145, 12.346980910980163, 12.346980910980163, 12.346980910980163, 12.346980910980163, 12.346980910980163, 12.346980910980163, 12.346980910980163, 12.346980910980163, 11.98385077979138, 11.98385077979138, 11.98385077979138, 11.98385077979138, 11.98385077979138, 11.98385077979138, 11.98385077979138, 11.98385077979138, 11.98385077979138, 11.98385077979138, 11.98385077979138, 11.98385077979138, 11.98385077979138, 11.98385077979138, 11.98385077979138, 11.98385077979138, 11.98385077979138, 12.0968966663446, 12.0968966663446, 12.0968966663446, 12.193269168181857, 12.193269168181857, 12.193269168181857, 12.193269168181857, 12.193269168181857, 12.193269168181857, 12.193269168181857, 12.193269168181857, 12.193269168181857, 12.193269168181857, 12.193269168181857, 12.193269168181857, 12.193269168181857, 12.193269168181857, 12.193269168181857, 12.193269168181857, 12.193269168181857, 12.193269168181857, 12.193269168181857, 12.193269168181857, 12.193269168181857, 12.193269168181857, 12.193269168181857, 12.193269168181857, 12.193269168181857, 12.193269168181857, 12.193269168181857, 12.193269168181857, 12.193269168181857, 11.823357339930185, 11.823357339930185, 11.823357339930185, 11.823357339930185, 11.823357339930185, 12.48912512601133, 12.08329075337995, 12.287343465979507, 12.287343465979507, 
6.576822137064948, 6.576822137064948, 6.576822137064948, 10.164609381743094, 11.908518869177403, 10.893451730275443, 10.893451730275443, 12.001489108492747, 12.323738362310335, 11.461072167239656, 10.258714835163868, 10.258714835163868, 10.258714835163868, 10.258714835163868, 10.258714835163868, 8.237824155834339, 7.385021183841872, 7.385021183841872, 7.385021183841872, 7.385021183841872, 7.385021183841872, 7.385021183841872, 7.385021183841872, 7.385021183841872, 9.367727230113182, 9.728249059146082, 9.728249059146082, 9.728249059146082, 9.728249059146082, 9.728249059146082, 11.045764885779345, 10.521683845072987, 11.092817450404487, 12.411817283438273, 12.29220314601663, 12.29220314601663, 12.378485050181695, 12.378485050181695, 12.378485050181695, 12.378485050181695, 12.378485050181695, 12.378485050181695, 12.378485050181695, 12.378485050181695, 12.378485050181695, 12.378485050181695, 12.378485050181695, 12.378485050181695, 12.378485050181695, 12.378485050181695, 12.378485050181695, 12.378485050181695, 12.378485050181695, 12.378485050181695, 12.378485050181695, 12.378485050181695, 12.378485050181695, 12.378485050181695, 12.378485050181695, 12.378485050181695, 12.378485050181695, 12.378485050181695, 12.378485050181695, 12.378485050181695, 12.378485050181695, 12.378485050181695, 12.378485050181695, 12.378485050181695, 12.378485050181695, 12.378485050181695, 12.00024031188891, 11.588864424063354, 11.86602227664551, 11.86602227664551, 11.86602227664551, 11.86602227664551, 11.86602227664551, 11.86602227664551, 11.86602227664551, 11.86602227664551, 11.86602227664551, 11.86602227664551, 11.86602227664551, 11.86602227664551, 11.86602227664551, 11.86602227664551, 11.86602227664551, 11.86602227664551, 11.86602227664551, 11.86602227664551, 10.192408230058895, 11.679867809815528, 11.307899098299867, 11.307899098299867, 11.307899098299867, 11.792877250993584, 11.792877250993584, 11.243007589383609, 11.05739003881388, 
6.305470133334492, 6.29072545604685, 6.29072545604685, 9.671969641355929, 11.189787868299014, 11.62961200927959, 11.981981704496542, 11.854622840933702, 11.854622840933702, 11.854622840933702, 11.383191339334829, 11.260397044078934, 10.83274285224403, 10.83274285224403, 10.83274285224403, 7.871628340532716, 7.871628340532716, 7.320696138044781, 7.320696138044781, 7.320696138044781, 7.320696138044781, 7.320696138044781, 7.05132343861408, 7.05132343861408, 9.705290738457723, 10.106806105158428, 9.50887527348985, 9.50887527348985, 9.50887527348985, 9.50887527348985, 11.138801509799052, 10.629049434600306, 11.716599538588891, 11.645136334750463, 11.645136334750463, 11.645136334750463, 11.645136334750463, 11.645136334750463, 11.645136334750463, 11.645136334750463, 11.645136334750463, 11.389616156624454, 12.126449529192305, 12.126449529192305, 12.126449529192305, 12.126449529192305, 12.126449529192305, 12.126449529192305, 12.126449529192305, 12.126449529192305, 12.126449529192305, 11.983731552883539, 10.80447319583769, 10.80447319583769, 10.80447319583769, 10.80447319583769, 10.80447319583769, 10.80447319583769, 10.929036862115067, 11.536718813747154, 11.536718813747154, 11.536718813747154, 11.536718813747154, 11.626629384566295, 11.626629384566295, 11.64816432056661, 11.64816432056661, 11.979436419505625, 11.979436419505625, 11.979436419505625, 11.92358894588061, 11.92358894588061, 12.44386386004508, 11.784998643777739, 11.784998643777739, 11.784998643777739, 11.784998643777739, 11.700584000949585, 11.700584000949585, 11.700584000949585, 11.700584000949585, 11.700584000949585, 11.700584000949585, 11.700584000949585, 11.376314466510435, 11.376314466510435, 11.376314466510435, 11.376314466510435, 11.376314466510435, 11.376314466510435, 10.981157958277091, 11.437462105659442, 11.087230853506803, 11.950661061428642, 11.950661061428642, 11.950661061428642, 11.950661061428642, 11.45923824489157, 11.977886101388872, 
7.302831891004434, 7.302831891004434, 7.302831891004434, 8.964067015188489, 11.985803542157107, 12.04160731294081, 12.04160731294081, 12.04160731294081, 12.12848588394833, 12.12848588394833, 10.826665638983442, 10.826665638983442, 10.624813055279063, 10.624813055279063, 10.624813055279063, 8.546329637434356, 7.946233333704075, 7.792852856829931, 7.703342877871195, 7.703342877871195, 6.937470270740736, 6.7153940627699065, 6.7153940627699065, 6.7153940627699065, 10.041708463982344, 8.997662312156177, 8.997662312156177, 8.997662312156177, 8.997662312156177, 8.997662312156177, 10.528222971660384, 10.528222971660384, 11.483680784448278, 11.540927943876284, 11.540927943876284, 11.540927943876284, 11.540927943876284, 11.540927943876284, 11.540927943876284, 11.540927943876284, 11.540927943876284, 11.962362560730194, 11.962362560730194, 11.962362560730194, 11.962362560730194, 11.962362560730194, 11.962362560730194, 11.962362560730194, 11.962362560730194, 11.962362560730194, 11.962362560730194, 11.962362560730194, 11.962362560730194, 11.962362560730194, 11.962362560730194, 11.962362560730194, 11.962362560730194, 11.962362560730194, 11.962362560730194, 11.962362560730194, 11.962362560730194, 11.962362560730194, 11.962362560730194, 11.962362560730194, 11.962362560730194, 11.962362560730194, 11.962362560730194, 11.962362560730194, 11.962362560730194, 11.962362560730194, 11.349700862805957, 11.349700862805957, 11.428285931273436, 11.549035454125343, 11.549035454125343, 11.549035454125343, 12.032548575509699, 12.032548575509699, 12.032548575509699, 12.032548575509699, 12.032548575509699, 12.032548575509699, 12.032548575509699, 12.032548575509699, 11.733394669247739, 11.755397205056845, 11.755397205056845, 11.755397205056845, 11.755397205056845, 11.755397205056845, 11.755397205056845, 11.755397205056845, 11.755397205056845, 11.755397205056845, 11.755397205056845, 12.263822452012889, 11.435604793637085, 11.650278453564338, 11.650278453564338, 
