0.0, 0.0, 0.0, 0.0, 0.0, 0.0, 0.0, 0.0, 0.0, 0.0, 0.0, 0.0, 5.883402249553452, 2.444013304695904, 0.0, 0.0, 0.0, 0.0, 0.0, 0.0, 0.0, 0.0, 0.0, 0.0, 0.0, 0.0, 0.0, 0.0, 0.0, 0.0, 0.0, 0.0, 0.0, 0.0, 0.0, 0.0, 4.829231075763797, 6.9114626326801805, 21.680462632680182, 11.39934307295293, 0.047351626782980105, 0.0, 1.0523535929185606, 0.0, 0.0, 0.0, 0.0, 0.0, 0.23791965270229198, 0.0, 6.5125806013872705, 3.640328835678311, 17.400328835678312, 11.799930011260766, 0.0, 0.0, 0.0, 0.0, 0.0, 0.0, 0.0, 7.267502083560521, 0.0, 0.0, 0.0, 0.0, 0.0, 0.0, 0.0, 0.0, 0.0, 0.0, 0.0, 0.0, 0.0, 0.0, 0.0, 0.0, 0.0, 0.0, 0.0, 0.0, 0.0, 0.0, 0.0, 0.0, 0.0, 0.0, 0.0, 0.0, 0.0, 0.0, 0.0, 0.0, 0.0, 0.0, 0.0, 0.0, 0.0, 
0.0, 0.0, 0.0, 0.0, 0.0, 0.0, 0.0, 0.0, 0.0, 0.0, 0.0, 0.0, 9.655421758125161, 3.2171824194785934, 0.0, 0.0, 0.0, 0.0, 0.0, 0.0, 0.0, 0.0, 0.0, 0.0, 0.0, 0.0, 0.0, 0.0, 0.0, 0.0, 0.0, 0.0, 0.0, 0.0, 0.0, 0.0, 5.701715475016687, 9.384082886768532, 22.252705225908606, 14.523720476239607, 2.5070188441441665, 0.0, 1.1503588447068207, 0.0, 0.0, 0.0, 0.0, 0.0, 0.0, 0.0, 7.249501619076494, 5.066091335908233, 18.826091335908234, 11.989428189651923, 0.0, 0.0, 0.0, 0.0, 0.0, 0.0, 0.0, 4.377072290747307, 0.0, 0.0, 0.0, 0.0, 0.0, 0.0, 0.0, 0.0, 0.0, 0.0, 0.0, 0.0, 0.0, 0.0, 0.0, 0.0, 0.0, 0.0, 0.0, 0.0, 0.0, 0.0, 0.0, 0.0, 0.0, 0.0, 0.0, 0.0, 0.0, 0.0, 0.0, 0.0, 0.0, 0.0, 0.0, 0.0, 0.0, 
0.0, 0.0, 0.0, 0.0, 0.0, 0.0, 0.0, 0.0, 0.0, 0.0, 0.0, 0.0, 8.694311853208532, 2.585054038023575, 0.0, 0.0, 0.0, 0.0, 0.0, 0.0, 0.0, 0.0, 0.0, 0.0, 0.0, 0.0, 0.0, 0.0, 0.0, 0.0, 0.0, 0.0, 0.0, 0.0, 0.0, 0.0, 3.6665567185752295, 6.50609396094972, 21.27509396094972, 17.423056596314556, 6.306911455841645, 1.5889923965977726, 4.698992396597772, 0.0, 0.0, 0.0, 0.0, 0.0, 0.0, 0.0, 8.36337971871982, 2.3157581638698357, 16.075758163869835, 12.207758163869839, 0.0, 0.0, 0.0, 0.0, 0.0, 0.0, 0.0, 7.562627049504679, 0.0, 0.0, 0.0, 0.0, 0.0, 0.0, 0.0, 0.0, 0.0, 0.0, 0.0, 0.0, 0.0, 0.0, 0.0, 0.0, 0.0, 0.0, 0.0, 0.0, 0.0, 0.0, 0.0, 0.0, 0.0, 0.0, 0.0, 0.0, 0.0, 0.0, 0.0, 0.0, 0.0, 0.0, 0.0, 0.0, 0.0, 
0.0, 0.0, 0.0, 0.0, 0.0, 0.0, 0.0, 0.0, 0.0, 0.0, 0.0, 0.0, 8.929494839857586, 4.054690797196459, 0.0, 0.0, 0.0, 0.0, 0.0, 0.0, 0.0, 0.0, 0.0, 0.0, 0.0, 0.0, 0.0, 0.0, 0.0, 0.0, 0.0, 0.0, 0.0, 0.0, 0.0, 0.0, 3.2307786651488897, 8.705778665148888, 22.68669401678128, 16.510387449366362, 4.925245772663814, 0.0, 2.4043079718145766, 0.0, 0.0, 0.0, 0.0, 0.0, 1.5536837417880776, 0.0, 5.980529293852481, 1.2279092115385914, 14.71458090684359, 13.204637564817713, 0.0, 0.0, 0.0, 0.0, 0.0, 0.0, 0.0, 5.024837989981052, 0.0, 0.0, 0.0, 0.0, 0.0, 0.0, 0.0, 0.0, 0.0, 0.0, 0.0, 0.0, 0.0, 0.0, 0.0, 0.0, 0.0, 0.0, 0.0, 0.0, 0.0, 0.0, 0.0, 0.0, 0.0, 0.0, 0.0, 0.0, 0.0, 0.0, 0.0, 0.0, 0.0, 0.0, 0.0, 0.0, 0.0, 
0.0, 0.0, 0.0, 0.0, 0.0, 0.0, 0.0, 0.0, 0.0, 0.0, 0.0, 0.0, 10.74033839933431, 4.5294036861994, 0.0, 0.0, 0.0, 0.0, 0.0, 0.0, 0.0, 0.0, 0.0, 0.0, 0.0, 0.0, 0.0, 0.0, 0.0, 0.0, 0.0, 0.0, 0.0, 0.0, 0.0, 0.0, 3.987325266163012, 9.46232526616301, 23.515954017837856, 14.719672655415714, 2.156249705095835, 0.0, 1.8427779168571838, 0.0, 0.0, 0.0, 0.0, 0.0, 2.0244611653005826, 0.0, 9.653818181678048, 3.8558113543884396, 17.61581135438844, 12.962724633951645, 0.0, 0.0, 0.0, 0.0, 0.0, 0.0, 0.0, 5.0437932378886945, 0.0, 0.0, 0.0, 0.0, 0.0, 0.0, 0.0, 0.0, 0.0, 0.0, 0.0, 0.0, 0.0, 0.0, 0.0, 0.0, 0.0, 0.0, 0.0, 0.0, 0.0, 0.0, 0.0, 0.0, 0.0, 0.0, 0.0, 0.0, 0.0, 0.0, 0.0, 0.0, 0.0, 0.0, 0.0, 0.0, 0.0, 
0.0, 0.0, 0.0, 0.0, 0.0, 0.0, 0.0, 0.0, 0.0, 0.0, 0.0, 0.0, 9.172010453908278, 5.446981795762223, 0.0, 0.0, 0.0, 0.0, 0.0, 0.0, 0.0, 0.0, 0.0, 0.0, 0.0, 0.0, 0.0, 0.0, 0.0, 0.0, 0.0, 0.0, 0.0, 0.0, 0.0, 0.0, 4.7045460244573185, 9.933252995648653, 23.199036131265196, 14.722018631360543, 3.455015392835147, 0.0, 2.680678770008239, 0.0, 0.0, 0.0, 0.0, 0.25360584611923187, 0.301740788011422, 0.0, 4.881418484316406, 0.243418484316404, 14.003418484316406, 10.135418484316407, 0.0, 0.0, 0.0, 0.0, 0.0, 0.0, 0.0, 4.456742738351078, 0.0, 0.0, 0.0, 0.0, 0.0, 0.0, 0.0, 0.0, 0.0, 0.0, 0.0, 0.0, 0.0, 0.0, 0.0, 0.0, 0.0, 0.0, 0.0, 0.0, 0.0, 0.0, 0.0, 0.0, 0.0, 0.0, 0.0, 0.0, 0.0, 0.0, 0.0, 0.0, 0.0, 0.0, 0.0, 0.0, 0.0, 
0.0, 0.0, 0.0, 0.0, 0.0, 0.0, 0.0, 0.0, 0.0, 0.0, 0.0, 0.0, 6.5585664902521685, 3.5700246190567917, 0.0, 0.0, 0.0, 0.0, 0.0, 0.0, 0.0, 0.0, 0.0, 0.0, 0.0, 0.0, 0.0, 0.0, 0.0, 0.0, 0.0, 0.0, 0.0, 0.0, 0.0, 0.0, 4.773880717772492, 10.24888071777249, 24.879130145034182, 15.58223377955656, 4.5086438355586225, 0.8037576763836451, 3.9137576763836446, 0.0, 0.0, 0.0, 0.0, 0.0, 2.584559049252647, 0.0, 6.8281460056853245, 1.29501582611854, 15.055015826118542, 13.608688724372236, 0.0, 0.0, 0.0, 0.0, 0.0, 0.0, 0.0, 6.059940441315447, 0.0, 0.0, 0.0, 0.0, 0.0, 0.0, 0.0, 0.0, 0.0, 0.0, 0.0, 0.0, 0.0, 0.0, 0.0, 0.0, 0.0, 0.0, 0.0, 0.0, 0.0, 0.0, 0.0, 0.0, 0.0, 0.0, 0.0, 0.0, 0.0, 0.0, 0.0, 0.0, 0.0, 0.0, 0.0, 0.0, 0.0, 
0.0, 0.0, 0.0, 0.0, 0.0, 0.0, 0.0, 0.0, 0.0, 0.0, 0.0, 0.0, 7.5847076293577285, 3.518161421685205, 0.0, 0.0, 0.0, 0.0, 0.0, 0.0, 0.0, 0.0, 0.0, 0.0, 0.0, 0.0, 0.0, 0.0, 0.0, 0.0, 0.0, 0.0, 0.0, 0.0, 0.0, 0.0, 3.4084399682276683, 8.883439968227666, 23.652439968227668, 16.764200159936834, 2.3424077926685953, 0.0, 2.839407792668595, 0.0, 0.0, 0.0, 0.0, 0.0, 0.9483169172969248, 0.0, 8.359329223073296, 2.23830010261573, 15.998300102615731, 12.130300102615733, 0.0, 0.0, 0.0, 0.0, 0.0, 0.0, 0.0, 7.4914496592036315, 0.0, 0.0, 0.0, 0.0, 0.0, 0.0, 0.0, 0.0, 0.0, 0.0, 0.0, 0.0, 0.0, 0.0, 0.0, 0.0, 0.0, 0.0, 0.0, 0.0, 0.0, 0.0, 0.0, 0.0, 0.0, 0.0, 0.0, 0.0, 0.0, 0.0, 0.0, 0.0, 0.0, 0.0, 0.0, 0.0, 0.0, 
0.0, 0.0, 0.45452906401375337, 0.0, 0.0, 0.0, 0.0, 0.0, 0.0, 0.0, 0.0, 0.0, 9.279089006452654, 4.214859695017196, 0.0, 0.0, 0.0, 0.0, 0.0, 0.0, 0.0, 0.0, 0.0, 0.0, 0.0, 0.0, 0.0, 0.0, 0.0, 0.0, 0.0, 0.0, 0.0, 0.0, 0.0, 0.0, 4.667543309584435, 6.51062968563561, 21.279629685635612, 15.904440420487175, 0.5279204547854128, 0.0, 1.0249204547854127, 0.0, 0.0, 0.0, 0.0, 0.0, 1.6581144554223144, 0.0, 6.832326965396218, 4.455536275230761, 16.479319971639946, 15.040038690161696, 0.0, 0.0, 0.0, 0.0, 0.0, 0.0, 0.0, 4.812761303279959, 0.0, 0.0, 0.0, 0.0, 0.0, 0.0, 0.0, 0.0, 0.0, 0.0, 0.0, 0.0, 0.0, 0.0, 0.0, 0.0, 0.0, 0.0, 0.0, 0.0, 0.0, 0.0, 0.0, 0.0, 0.0, 0.0, 0.0, 0.0, 0.0, 0.0, 0.0, 0.0, 0.0, 0.0, 0.0, 0.0, 0.0, 
0.0, 0.0, 0.0, 0.0, 0.0, 0.0, 0.0, 0.0, 0.0, 0.0, 0.0, 0.0, 7.032034999276101, 2.0286746287271082, 0.0, 0.0, 0.0, 0.0, 0.0, 0.0, 0.0, 0.0, 0.0, 0.0, 0.0, 0.0, 0.0, 0.0, 0.0, 0.0, 0.0, 0.0, 0.0, 0.0, 0.0, 0.0, 6.339696557250923, 6.626798149804088, 21.39579814980409, 15.734068389907408, 2.3111079812949864, 0.0, 1.914469141055914, 0.0, 0.0, 0.0, 0.0, 0.0, 0.9585570967455261, 0.0, 8.559691452951483, 3.5930716998799728, 17.353071699879976, 13.187347673158477, 0.0, 0.0, 0.0, 0.0, 0.0, 0.0, 0.0, 5.826103029468118, 0.0, 0.0, 0.0, 0.0, 0.0, 0.0, 0.0, 0.0, 0.0, 0.0, 0.0, 0.0, 0.0, 0.0, 0.0, 0.0, 0.0, 0.0, 0.0, 0.0, 0.0, 0.0, 0.0, 0.0, 0.0, 0.0, 0.0, 0.0, 0.0, 0.0, 0.0, 0.0, 0.0, 0.0, 0.0, 0.0, 0.0, 
0.0, 0.0, 0.0, 0.0, 0.0, 0.0, 0.0, 0.0, 0.0, 0.0, 0.0, 0.0, 7.563324247643292, 4.272100326245262, 0.0, 0.0, 0.0, 0.0, 0.0, 0.0, 0.0, 0.0, 0.0, 0.0, 0.0, 0.0, 0.0, 0.0, 0.0, 0.0, 0.0, 0.0, 0.0, 0.0, 0.0, 0.0, 5.687812662002013, 9.579213881316324, 24.348213881316326, 16.88986049653174, 4.033596855535521, 1.4205968555355213, 1.9140158304013184, 0.0, 0.0, 0.0, 0.0, 0.0, 0.0, 0.0, 7.583900767437548, 4.13580120599827, 17.89580120599827, 12.354502096311887, 0.0030865540616851206, 0.0, 0.0, 0.0, 0.0, 0.0, 0.0, 7.207819513075204, 0.0, 0.0, 0.0, 0.0, 0.0, 0.0, 0.0, 0.0, 0.0, 0.0, 0.0, 0.0, 0.0, 0.0, 0.0, 0.0, 0.0, 0.0, 0.0, 0.0, 0.0, 0.0, 0.0, 0.0, 0.0, 0.0, 0.0, 0.0, 0.0, 0.0, 0.0, 0.0, 0.0, 0.0, 0.0, 0.0, 0.0, 
0.0, 0.0, 0.0, 0.0, 0.0, 0.0, 0.0, 0.0, 0.0, 0.0, 0.0, 0.0, 6.391806057264748, 3.5826150251948974, 0.0, 0.0, 0.0, 0.0, 0.0, 0.0, 0.0, 0.0, 0.0, 0.0, 0.0, 0.0, 0.0, 0.0, 0.0, 0.0, 0.0, 0.0, 0.0, 0.0, 0.0, 0.0, 2.2772765695633748, 6.247269337393131, 21.016269337393133, 15.0649440714074, 4.86984707604203, 0.0, 1.7934298160680004, 0.0, 0.0, 0.0, 0.0, 0.0, 1.6820732219728818, 0.0, 7.327427329351522, 3.663921282738608, 17.42392128273861, 12.565028377289233, 0.0, 0.0, 0.0, 0.0, 0.0, 0.0, 0.0, 7.514595308778832, 0.0, 0.0, 0.0, 0.0, 0.0, 0.0, 0.0, 0.0, 0.0, 0.0, 0.0, 0.0, 0.0, 0.0, 0.0, 0.0, 0.0, 0.0, 0.0, 0.0, 0.0, 0.0, 0.0, 0.0, 0.0, 0.0, 0.0, 0.0, 0.0, 0.0, 0.0, 0.0, 0.0, 0.0, 0.0, 0.0, 0.0, 
0.0, 0.0, 0.5787999074254131, 0.0, 0.0, 0.0, 0.0, 0.0, 0.0, 0.0, 0.0, 0.0, 9.15119377207563, 3.267797074256517, 0.0, 0.0, 0.0, 0.0, 0.0, 0.0, 0.0, 0.0, 0.0, 0.0, 0.0, 0.0, 0.0, 0.0, 0.0, 0.0, 0.0, 0.0, 0.0, 0.0, 0.0, 0.0, 3.8668795444041972, 9.341879544404195, 24.1108795444042, 15.365965076910928, 2.7363170738225797, 0.12331707382258017, 3.2333170738225796, 0.0, 0.0, 0.0, 0.0, 0.0, 1.9309391077253277, 0.0, 10.417186495745005, 2.6358675114803116, 14.71896765653533, 10.850967656535332, 0.0, 0.0, 0.0, 0.0, 0.0, 0.0, 0.0, 6.130722046179997, 0.0, 0.0, 0.0, 0.0, 0.0, 0.0, 0.0, 0.0, 0.0, 0.0, 0.0, 0.0, 0.0, 0.0, 0.0, 0.0, 0.0, 0.0, 0.0, 0.0, 0.0, 0.0, 0.0, 0.0, 0.0, 0.0, 0.0, 0.0, 0.0, 0.0, 0.0, 0.0, 0.0, 0.0, 0.0, 0.0, 0.0, 
0.0, 0.0, 0.0, 0.0, 0.0, 0.0, 0.0, 0.0, 0.0, 0.0, 0.0, 0.0, 6.9204746366135375, 1.5634746366135381, 0.0, 0.0, 0.0, 0.0, 0.0, 0.0, 0.0, 0.0, 0.0, 0.0, 0.0, 0.0, 0.0, 0.0, 0.0, 0.0, 0.0, 0.0, 0.0, 0.0, 0.0, 0.0, 5.980883451124971, 8.442081186620246, 23.211081186620248, 17.076022605735737, 3.39617656295, 0.4507444563477989, 1.658366557561008, 0.0, 0.0, 0.0, 0.0, 0.0, 0.0, 0.0, 7.067862955722823, 0.27929463878295024, 14.039294638782952, 13.237968791223187, 0.0, 0.0, 0.0, 0.0, 0.0, 0.0, 0.0, 7.438398958231151, 0.0, 0.0, 0.0, 0.0, 0.0, 0.0, 0.0, 0.0, 0.0, 0.0, 0.0, 0.0, 0.0, 0.0, 0.0, 0.0, 0.0, 0.0, 0.0, 0.0, 0.0, 0.0, 0.0, 0.0, 0.0, 0.0, 0.0, 0.0, 0.0, 0.0, 0.0, 0.0, 0.0, 0.0, 0.0, 0.0, 0.0, 
0.0, 0.0, 0.0, 0.0, 0.0, 0.0, 0.0, 0.0, 0.0, 0.0, 0.0, 0.0, 9.404027645384263, 3.2291251004701813, 0.0, 0.0, 0.0, 0.0, 0.0, 0.0, 0.0, 0.0, 0.0, 0.0, 0.0, 0.0, 0.0, 0.0, 0.0, 0.0, 0.0, 0.0, 0.0, 0.0, 0.0, 0.0, 4.4335127889528465, 9.474309415850026, 24.243309415850028, 16.779347598967007, 2.72046632757743, 0.0, 2.7233648067404754, 0.0, 0.0, 0.0, 0.0, 0.0, 1.0089026016695577, 0.0, 9.306823715473303, 0.534128285638289, 14.29412828563829, 10.426128285638292, 0.0, 0.0, 0.0, 0.0, 0.0, 0.0, 0.0, 7.6605669700277, 0.0, 0.0, 0.0, 0.0, 0.0, 0.0, 0.0, 0.0, 0.0, 0.0, 0.0, 0.0, 0.0, 0.0, 0.0, 0.0, 0.0, 0.0, 0.0, 0.0, 0.0, 0.0, 0.0, 0.0, 0.0, 0.0, 0.0, 0.0, 0.0, 0.0, 0.0, 0.0, 0.0, 0.0, 0.0, 0.0, 0.0, 
0.0, 0.0, 0.0, 0.0, 0.0, 0.0, 0.0, 0.0, 0.0, 0.0, 0.0, 0.0, 7.442424783085114, 2.7987693468811177, 0.0, 0.0, 0.0, 0.0, 0.0, 0.0, 0.0, 0.0, 0.0, 0.0, 0.0, 0.0, 0.0, 0.0, 0.0, 0.0, 0.0, 0.0, 0.0, 0.0, 0.0, 0.0, 4.502148442902493, 9.977148442902491, 24.746148442902495, 18.748941818381248, 0.0, 0.0, 0.0, 0.0, 0.0, 0.0, 0.0, 0.0, 2.6682414889782287, 0.0, 7.986403324586242, 2.248733560342165, 16.008733560342165, 11.658059832326467, 0.0, 0.0, 0.0, 0.0, 0.0, 0.0, 0.0, 7.882623639212728, 0.0, 0.0, 0.0, 0.0, 0.0, 0.0, 0.0, 0.0, 0.0, 0.0, 0.0, 0.0, 0.0, 0.0, 0.0, 0.0, 0.0, 0.0, 0.0, 0.0, 0.0, 0.0, 0.0, 0.0, 0.0, 0.0, 0.0, 0.0, 0.0, 0.0, 0.0, 0.0, 0.0, 0.0, 0.0, 0.0, 0.0, 
0.0, 0.0, 0.0, 0.0, 0.0, 0.0, 0.0, 0.0, 0.0, 0.0, 0.0, 0.0, 9.444893083711792, 4.087893083711792, 0.0, 0.0, 0.0, 0.0, 0.0, 0.0, 0.0, 0.0, 0.0, 0.0, 0.0, 0.0, 0.0, 0.0, 0.0, 0.0, 0.0, 0.0, 0.0, 0.0, 0.0, 0.0, 6.092503761901032, 9.878409824269255, 23.761812195586778, 15.294221371217999, 1.0184691212203685, 0.0, 1.5154691212203684, 0.0, 0.0, 0.0, 0.0, 0.0, 2.4021201158829015, 0.0, 7.184703315716188, 2.9359997398275013, 16.376502633860234, 12.508502633860234, 0.0, 0.0, 0.0, 0.0, 0.0, 0.0, 0.0, 7.518452311614762, 0.0, 0.0, 0.0, 0.0, 0.0, 0.0, 0.0, 0.0, 0.0, 0.0, 0.0, 0.0, 0.0, 0.0, 0.0, 0.0, 0.0, 0.0, 0.0, 0.0, 0.0, 0.0, 0.0, 0.0, 0.0, 0.0, 0.0, 0.0, 0.0, 0.0, 0.0, 0.0, 0.0, 0.0, 0.0, 0.0, 0.0, 
0.0, 0.0, 0.0, 0.0, 0.0, 0.0, 0.0, 0.0, 0.0, 0.0, 0.0, 0.0, 9.34136139852598, 0.6652074211075671, 0.0, 0.0, 0.0, 0.0, 0.0, 0.0, 0.0, 0.0, 0.0, 0.0, 0.0, 0.0, 0.0, 0.0, 0.0, 0.0, 0.0, 0.0, 0.0, 0.0, 0.0, 0.0, 5.390707740903778, 8.226297856379361, 22.995297856379363, 15.481696835737019, 2.5296826896174807, 0.0, 0.3176601905207228, 0.0, 0.0, 0.0, 0.0, 0.0, 2.5583005785791713, 0.0, 6.208729137724649, 1.672155226945133, 15.432155226945135, 11.564155226945136, 0.0, 0.0, 0.0, 0.0, 0.0, 0.0, 0.0, 4.999584245201804, 0.0, 0.0, 0.0, 0.0, 0.0, 0.0, 0.0, 0.0, 0.0, 0.0, 0.0, 0.0, 0.0, 0.0, 0.0, 0.0, 0.0, 0.0, 0.0, 0.0, 0.0, 0.0, 0.0, 0.0, 0.0, 0.0, 0.0, 0.0, 0.0, 0.0, 0.0, 0.0, 0.0, 0.0, 0.0, 0.0, 0.0, 
0.0, 0.0, 0.7499970700036247, 0.0, 0.0, 0.0, 0.0, 0.0, 0.0, 0.0, 0.0, 0.0, 8.966400869895125, 0.7836865577522172, 0.0, 0.0, 0.0, 0.0, 0.0, 0.0, 0.0, 0.0, 0.0, 0.0, 0.0, 0.0, 0.0, 0.0, 0.0, 0.0, 0.0, 0.0, 0.0, 0.0, 0.0, 0.0, 4.191730742040816, 8.95706189528929, 23.72606189528929, 16.57752803617708, 3.5691512750354697, 0.0, 2.1986230286146835, 0.0, 0.0, 0.0, 0.0, 0.0, 0.9704969964570864, 0.0, 6.4270901921697146, 2.783153647261294, 16.543153647261295, 15.089557733376012, 0.0, 0.0, 0.0, 0.0, 0.0, 0.0, 0.0, 6.246007828638691, 0.0, 0.0, 0.0, 0.0, 0.0, 0.0, 0.0, 0.0, 0.0, 0.0, 0.0, 0.0, 0.0, 0.0, 0.0, 0.0, 0.0, 0.0, 0.0, 0.0, 0.0, 0.0, 0.0, 0.0, 0.0, 0.0, 0.0, 0.0, 0.0, 0.0, 0.0, 0.0, 0.0, 0.0, 0.0, 0.0, 0.0, 
0.0, 0.0, 0.0, 0.0, 0.0, 0.0, 0.0, 0.0, 0.0, 0.0, 0.0, 0.0, 6.1644364231526545, 2.8542820025321216, 0.0, 0.0, 0.0, 0.0, 0.0, 0.0, 0.0, 0.0, 0.0, 0.0, 0.0, 0.0, 0.0, 0.0, 0.0, 0.0, 0.0, 0.0, 0.0, 0.0, 0.0, 0.0, 5.776757989781149, 11.062255968935395, 25.831255968935395, 18.325327596568602, 0.8318755741130897, 0.0, 2.8008324332528165, 0.0, 0.0, 0.0, 0.0, 0.0, 0.0, 0.0, 7.9817837603958885, 2.62144089678862, 14.364457469915095, 12.453847050917322, 0.0, 0.0, 0.0, 0.0, 0.0, 0.0, 0.0, 5.604948160333905, 0.0, 0.0, 0.0, 0.0, 0.0, 0.0, 0.0, 0.0, 0.0, 0.0, 0.0, 0.0, 0.0, 0.0, 0.0, 0.0, 0.0, 0.0, 0.0, 0.0, 0.0, 0.0, 0.0, 0.0, 0.0, 0.0, 0.0, 0.0, 0.0, 0.0, 0.0, 0.0, 0.0, 0.0, 0.0, 0.0, 0.0, 
0.0, 0.0, 0.0, 0.0, 0.0, 0.0, 0.0, 0.0, 0.0, 0.0, 0.0, 0.0, 9.097567713153243, 4.532464675142359, 0.0, 0.0, 0.0, 0.0, 0.0, 0.0, 0.0, 0.0, 0.0, 0.0, 0.0, 0.0, 0.0, 0.0, 0.0, 0.0, 0.0, 0.0, 0.0, 0.0, 0.0, 0.0, 4.659991323093212, 10.13499132309321, 24.903991323093212, 14.540065669519805, 1.038196154071052, 0.0, 1.535196154071052, 0.0, 0.0, 0.0, 0.0, 0.0, 0.0, 0.0, 6.422067405207326, 2.3717625814187073, 15.588909685913531, 13.262568511358007, 0.0, 0.0, 0.0, 0.0, 0.0, 0.0, 0.0, 7.745706014354024, 0.0, 0.0, 0.0, 0.0, 0.0, 0.0, 0.0, 0.0, 0.0, 0.0, 0.0, 0.0, 0.0, 0.0, 0.0, 0.0, 0.0, 0.0, 0.0, 0.0, 0.0, 0.0, 0.0, 0.0, 0.0, 0.0, 0.0, 0.0, 0.0, 0.0, 0.0, 0.0, 0.0, 0.0, 0.0, 0.0, 0.0, 
0.0, 0.0, 0.0, 0.0, 0.0, 0.0, 0.0, 0.0, 0.0, 0.0, 0.0, 0.0, 10.649716236997735, 0.3170040407658412, 0.0, 0.0, 0.0, 0.0, 0.0, 0.0, 0.0, 0.0, 0.0, 0.0, 0.0, 0.0, 0.0, 0.0, 0.0, 0.0, 0.0, 0.0, 0.0, 0.0, 0.0, 0.0, 2.640675742832668, 7.64765295740543, 22.416652957405432, 15.571521847376589, 2.9044458637443746, 0.012575383881568314, 2.243480990709781, 0.0, 0.0, 0.0, 0.0, 0.0, 1.0928113805215602, 0.0, 5.619889756920562, 2.0256603697124955, 15.74277159471289, 11.874771594712891, 0.0, 0.0, 0.0, 0.0, 0.0, 0.0, 0.0, 6.202546218393774, 0.0, 0.0, 0.0, 0.0, 0.0, 0.0, 0.0, 0.0, 0.0, 0.0, 0.0, 0.0, 0.0, 0.0, 0.0, 0.0, 0.0, 0.0, 0.0, 0.0, 0.0, 0.0, 0.0, 0.0, 0.0, 0.0, 0.0, 0.0, 0.0, 0.0, 0.0, 0.0, 0.0, 0.0, 0.0, 0.0, 0.0, 
0.0, 0.0, 0.0, 0.0, 0.0, 0.0, 0.0, 0.0, 0.0, 0.0, 0.0, 0.0, 8.240868123654327, 2.8838681236543273, 0.0, 0.0, 0.0, 0.0, 0.0, 0.0, 0.0, 0.0, 0.0, 0.0, 0.0, 0.0, 0.0, 0.0, 0.0, 0.0, 0.0, 0.0, 0.0, 0.0, 0.0, 0.0, 0.7630691338021975, 6.238069133802195, 21.007069133802197, 16.482027200667545, 0.0, 0.0, 0.320405300296688, 0.0, 0.0, 0.0, 0.0, 0.0, 2.08572326794412, 0.0, 8.454714910543952, 0.15249628686279593, 13.912496286862797, 10.044496286862799, 0.0, 0.0, 0.0, 0.0, 0.0, 0.0, 0.0, 6.920899622680057, 0.0, 0.0, 0.0, 0.0, 0.0, 0.0, 0.0, 0.0, 0.0, 0.0, 0.0, 0.0, 0.0, 0.0, 0.0, 0.0, 0.0, 0.0, 0.0, 0.0, 0.0, 0.0, 0.0, 0.0, 0.0, 0.0, 0.0, 0.0, 0.0, 0.0, 0.0, 0.0, 0.0, 0.0, 0.0, 0.0, 0.0, 
0.0, 0.0, 0.0, 0.0, 0.0, 0.0, 0.0, 0.0, 0.0, 0.0, 0.0, 0.0, 9.367830356410408, 3.8873143715219225, 0.0, 0.0, 0.0, 0.0, 0.0, 0.0, 0.0, 0.0, 0.0, 0.0, 0.0, 0.0, 0.0, 0.0, 0.0, 0.0, 0.0, 0.0, 0.0, 0.0, 0.0, 0.0, 2.8631050308766994, 8.338105030876697, 23.1071050308767, 15.536212203371546, 2.259199282204486, 0.0, 0.14481477243419505, 0.0, 0.0, 0.0, 0.0, 0.0, 0.0, 0.0, 7.440543503619427, 2.4846421508688454, 16.243268022680972, 11.424265490054053, 0.0, 0.0, 0.0, 0.0, 0.0, 0.0, 0.0, 6.0234490976680135, 0.0, 0.0, 0.0, 0.0, 0.0, 0.0, 0.0, 0.0, 0.0, 0.0, 0.0, 0.0, 0.0, 0.0, 0.0, 0.0, 0.0, 0.0, 0.0, 0.0, 0.0, 0.0, 0.0, 0.0, 0.0, 0.0, 0.0, 0.0, 0.0, 0.0, 0.0, 0.0, 0.0, 0.0, 0.0, 0.0, 0.0, 
0.0, 0.0, 0.0, 0.0, 0.0, 0.0, 0.0, 0.0, 0.0, 0.0, 0.0, 0.0, 7.54044263936909, 2.1834426393690904, 0.0, 0.0, 0.0, 0.0, 0.0, 0.0, 0.0, 0.0, 0.0, 0.0, 0.0, 0.0, 0.0, 0.0, 0.0, 0.0, 0.0, 0.0, 0.0, 0.0, 0.0, 0.0, 6.278155060951418, 10.462668948189366, 24.70357162905673, 13.392565634585221, 1.6437775067653995, 0.6584512149780171, 3.4573889329943253, 0.0, 0.0, 0.0, 0.0, 0.0, 1.3631291255315396, 0.0, 6.953185856654912, 2.31518585665491, 16.07518585665491, 11.392993867892619, 0.0, 0.0, 0.0, 0.0, 0.0, 0.0, 0.0, 7.9788518950112906, 0.0, 0.0, 0.0, 0.0, 0.0, 0.0, 0.0, 0.0, 0.0, 0.0, 0.0, 0.0, 0.0, 0.0, 0.0, 0.0, 0.0, 0.0, 0.0, 0.0, 0.0, 0.0, 0.0, 0.0, 0.0, 0.0, 0.0, 0.0, 0.0, 0.0, 0.0, 0.0, 0.0, 0.0, 0.0, 0.0, 0.0, 
0.0, 0.0, 0.0, 0.0, 0.0, 0.0, 0.0, 0.0, 0.0, 0.0, 0.0, 0.0, 9.804128224724316, 2.23951693339691, 0.0, 0.0, 0.0, 0.0, 0.0, 0.0, 0.0, 0.0, 0.0, 0.0, 0.0, 0.0, 0.0, 0.0, 0.0, 0.0, 0.0, 0.0, 0.0, 0.0, 0.0, 0.0, 3.446193904137443, 8.233799335529003, 23.002799335529005, 15.974952606743228, 0.20868018672272015, 0.0, 3.067167351390662, 0.0, 0.0, 0.0, 0.0, 0.0, 0.0, 0.0, 8.07452984242111, 1.9673446001636012, 15.727344600163603, 12.142082239593325, 0.0, 0.0, 0.0, 0.0, 0.0, 0.0, 0.0, 5.6796689312114985, 0.0, 0.0, 0.0, 0.0, 0.0, 0.0, 0.0, 0.0, 0.0, 0.0, 0.0, 0.0, 0.0, 0.0, 0.0, 0.0, 0.0, 0.0, 0.0, 0.0, 0.0, 0.0, 0.0, 0.0, 0.0, 0.0, 0.0, 0.0, 0.0, 0.0, 0.0, 0.0, 0.0, 0.0, 0.0, 0.0, 0.0, 
0.0, 0.0, 0.0, 0.0, 0.0, 0.0, 0.0, 0.0, 0.0, 0.0, 0.0, 0.0, 9.069888081424665, 3.0750071561813925, 0.0, 0.0, 0.0, 0.0, 0.0, 0.0, 0.0, 0.0, 0.0, 0.0, 0.0, 0.0, 0.0, 0.0, 0.0, 0.0, 0.0, 0.0, 0.0, 0.0, 0.0, 0.0, 3.5852200170528157, 9.060220017052814, 23.829220017052815, 16.592987899136872, 1.717022730056165, 0.0, 2.214022730056165, 0.0, 0.0, 0.0, 0.0, 0.0, 0.5675691824763849, 0.0, 8.879576427846061, 3.053698373455701, 16.8136983734557, 16.054291087450437, 0.0, 0.0, 0.0, 0.0, 0.0, 0.0, 0.0, 5.669473796007765, 0.0, 0.0, 0.0, 0.0, 0.0, 0.0, 0.0, 0.0, 0.0, 0.0, 0.0, 0.0, 0.0, 0.0, 0.0, 0.0, 0.0, 0.0, 0.0, 0.0, 0.0, 0.0, 0.0, 0.0, 0.0, 0.0, 0.0, 0.0, 0.0, 0.0, 0.0, 0.0, 0.0, 0.0, 0.0, 0.0, 0.0, 
0.0, 0.0, 0.11206689114740698, 0.0, 0.0, 0.0, 0.0, 0.0, 0.0, 0.0, 0.0, 0.0, 6.982025852336015, 2.290695950906386, 0.0, 0.0, 0.0, 0.0, 0.0, 0.0, 0.0, 0.0, 0.0, 0.0, 0.0, 0.0, 0.0, 0.0, 0.0, 0.0, 0.0, 0.0, 0.0, 0.0, 0.0, 0.0, 5.514543166955631, 9.9978543295978, 24.766854329597802, 15.264786991979081, 2.494909886826555, 0.0, 2.7930688711657012, 0.0, 0.0, 0.0, 0.0, 0.18123406913493412, 1.1454118225365413, 0.0, 8.283543140790709, 3.54969474461954, 17.30969474461954, 13.815269260243692, 0.0, 0.0, 0.0, 0.0, 0.0, 0.0, 0.0, 6.4700163356986415, 0.0, 0.0, 0.0, 0.0, 0.0, 0.0, 0.0, 0.0, 0.0, 0.0, 0.0, 0.0, 0.0, 0.0, 0.0, 0.0, 0.0, 0.0, 0.0, 0.0, 0.0, 0.0, 0.0, 0.0, 0.0, 0.0, 0.0, 0.0, 0.0, 0.0, 0.0, 0.0, 0.0, 0.0, 0.0, 0.0, 0.0, 
0.0, 0.0, 0.0, 0.0, 0.0, 0.0, 0.0, 0.0, 0.0, 0.0, 0.0, 0.0, 8.834557868621715, 2.4009279340559093, 0.0, 0.0, 0.0, 0.0, 0.0, 0.0, 0.0, 0.0, 0.0, 0.0, 0.0, 0.0, 0.0, 0.0, 0.0, 0.0, 0.0, 0.0, 0.0, 0.0, 0.0, 0.0, 4.355904317359133, 9.830904317359131, 24.599904317359133, 16.230994757926844, 2.3441284932487534, 0.0, 0.9432353720554669, 0.0, 0.0, 0.0, 0.0, 0.0, 2.064789489269618, 0.0, 7.85826149644388, 3.7172425365707333, 17.477242536570735, 11.432024276517215, 0.0, 0.0, 0.0, 0.0, 0.0, 0.0, 0.0, 6.887761253730485, 0.0, 0.0, 0.0, 0.0, 0.0, 0.0, 0.0, 0.0, 0.0, 0.0, 0.0, 0.0, 0.0, 0.0, 0.0, 0.0, 0.0, 0.0, 0.0, 0.0, 0.0, 0.0, 0.0, 0.0, 0.0, 0.0, 0.0, 0.0, 0.0, 0.0, 0.0, 0.0, 0.0, 0.0, 0.0, 0.0, 0.0, 
0.0, 0.0, 0.0, 0.0, 0.0, 0.0, 0.0, 0.0, 0.0, 0.0, 0.0, 0.0, 7.772192477157342, 1.1096714758193382, 0.0, 0.0, 0.0, 0.0, 0.0, 0.0, 0.0, 0.0, 0.0, 0.0, 0.0, 0.0, 0.0, 0.0, 0.0, 0.0, 0.0, 0.0, 0.0, 0.0, 0.0, 0.0, 4.760940314354638, 9.056585199842981, 23.6320120898666, 16.55533193089152, 1.7345229493497207, 0.0, 2.2315229493497206, 0.0, 0.0, 0.0, 0.0, 0.0, 0.0, 0.0, 7.510025019564706, 2.8643650817221236, 15.713814538927029, 11.169531008439836, 0.0, 0.0, 0.0, 0.0, 0.0, 0.0, 0.0, 9.53006802495942, 0.0, 0.0, 0.0, 0.0, 0.0, 0.0, 0.0, 0.0, 0.0, 0.0, 0.0, 0.0, 0.0, 0.0, 0.0, 0.0, 0.0, 0.0, 0.0, 0.0, 0.0, 0.0, 0.0, 0.0, 0.0, 0.0, 0.0, 0.0, 0.0, 0.0, 0.0, 0.0, 0.0, 0.0, 0.0, 0.0, 0.0, 
