0.0, 0.0, 0.0, 0.0, 0.0, 0.0, 0.0, 0.0, 0.0, 0.0, 0.0, 0.0, 0.0, 0.0, 0.0, 0.0, 0.0, 0.0, 0.0, 0.0, 0.0, 0.0, 0.0, 0.0, 0.0, 0.0, 0.0, 0.0, 0.0, 0.0, 0.0, 0.0, 0.0, 0.0, 0.0, 0.0, 0.0, 9.264397313328953, 9.264397313328953, 9.264397313328953, 9.007973222839524, 10.256946445679052, 1.3455353529777732, 1.3455353529777732, 1.3455353529777732, 1.3455353529777732, 2.1175353529777716, 37.11453535297777, 37.11453535297777, 37.11453535297777, 49.632303029466655, 48.15653535297777, 68.32653535297777, 68.32653535297777, 68.32653535297777, 84.19853535297777, 84.19853535297777, 74.25139351073811, 74.25139351073811, 74.25139351073811, 75.18439351073812, 75.18439351073812, 93.4753935107381, 93.4753935107381, 93.4753935107381, 88.47123090173264, 87.70344586812031, 79.9369134324838, 79.9369134324838, 79.9369134324838, 59.37514725196413, 58.4599439838606, 36.25674148542467, 35.11110010813714, 34.96196549697839, 34.96196549697839, 34.96196549697839, 0.0, 0.0, 0.0, 0.0, 0.0, 8.160354019841183, 8.160354019841183, 8.160354019841183, 45.74370803968236, 45.74370803968236, 93.85170803968236, 93.85170803968236, 93.85170803968236, 78.87790052575882, 78.75826512509578, 68.90658827029705, 68.44688236437159, 68.44688236437159, 49.12066708360472, 49.12066708360472, 28.448263801908837, 28.01811204621837, 
0.0, 0.0, 0.0, 0.0, 0.0, 0.0, 0.0, 0.0, 0.0, 0.0, 0.0, 0.0, 0.0, 0.0, 0.0, 0.0, 0.0, 0.0, 0.0, 0.0, 0.0, 0.0, 0.0, 0.0, 0.0, 0.0, 0.0, 0.0, 0.0, 0.0, 0.0, 0.0, 0.0, 0.0, 0.0, 0.0, 0.0, 8.277629904498916, 8.277629904498916, 8.277629904498916, 8.277629904498916, 8.796259808997835, 1.3273426970267401, 1.3273426970267401, 1.3273426970267401, 1.3273426970267401, 2.0993426970267386, 37.09634269702674, 36.64619803112999, 36.64619803112999, 48.929797046694986, 47.68819803113, 67.85819803113, 67.85819803113, 67.85819803113, 83.73019803113, 83.73019803113, 77.8671244144733, 77.02003838399567, 77.02003838399567, 77.95303838399568, 77.61630865431422, 94.95488158707406, 94.95488158707406, 94.95488158707406, 86.58694910509779, 86.58694910509779, 80.15182508591366, 80.15182508591366, 80.15182508591366, 59.31046588224319, 59.31046588224319, 34.862095617173026, 34.83381686881688, 34.49515466587498, 34.49515466587498, 34.49515466587498, 0.0, 0.0, 0.0, 0.0, 0.0, 8.420633444593413, 8.420633444593413, 8.420633444593413, 46.26426688918683, 46.26426688918683, 93.70793370439338, 93.70793370439338, 93.70793370439338, 77.70424367306192, 77.70424367306192, 70.37378609308186, 69.22260982132829, 69.22260982132829, 54.41322555978288, 52.76613745480699, 28.692720303978426, 27.839021041732224, 
0.0, 0.0, 0.0, 0.0, 0.0, 0.0, 0.0, 0.0, 0.0, 0.0, 0.0, 0.0, 0.0, 0.0, 0.0, 0.0, 0.0, 0.0, 0.0, 0.0, 0.0, 0.0, 0.0, 0.0, 0.0, 0.0, 0.0, 0.0, 0.0, 0.0, 0.0, 0.0, 0.0, 0.0, 0.0, 0.0, 0.0, 10.04216059240252, 9.706866663952223, 8.332258835937278, 8.332258835937278, 8.90551767187456, 2.6150464101639876, 2.6150464101639876, 2.6150464101639876, 0.460388620074621, 1.2323886200746195, 36.22938862007462, 36.22938862007462, 36.22938862007462, 48.304582930111934, 47.27138862007463, 67.44138862007463, 67.44138862007463, 67.44138862007463, 83.31338862007463, 83.31338862007463, 77.71168504037556, 77.71168504037556, 77.71168504037556, 77.79282845039535, 77.79282845039535, 96.08382845039533, 96.08382845039533, 96.08382845039533, 87.36168678067236, 85.84615844198782, 80.28588278354606, 79.59270537623186, 79.59270537623186, 59.34377193772929, 58.78049484301367, 34.34381942878523, 34.34381942878523, 34.34381942878523, 34.34381942878523, 34.34381942878523, 0.0, 0.0, 0.0, 0.0, 0.0, 8.93817936373507, 8.69969565058232, 8.69969565058232, 46.82239130116464, 46.69979463150868, 94.80779463150867, 94.4513687072568, 94.4513687072568, 78.88441724916672, 78.88441724916672, 70.13820176088672, 68.78874454707915, 68.78874454707915, 52.00960022897265, 52.00960022897265, 25.373849109945247, 25.321297957602923, 
0.0, 0.0, 0.0, 0.0, 0.0, 0.0, 0.0, 0.0, 0.0, 0.0, 0.0, 0.0, 0.0, 0.0, 0.0, 0.0, 0.0, 0.0, 0.0, 0.0, 0.0, 0.0, 0.0, 0.0, 0.0, 0.0, 0.0, 0.0, 0.0, 0.0, 0.0, 0.0, 0.0, 0.0, 0.0, 0.0, 0.0, 7.573768404435, 7.573768404435, 7.573768404435, 7.573768404435, 7.573768404435, 1.7874027900002822, 1.7874027900002822, 1.7874027900002822, 1.5686296020816393, 1.7572536137519243, 36.75425361375193, 36.75425361375193, 36.75425361375193, 47.09246742448879, 46.46331161632587, 66.63331161632587, 66.63331161632587, 66.63331161632587, 82.50531161632587, 82.50531161632587, 76.58988144335352, 76.58988144335352, 76.03402208171475, 76.96702208171476, 76.96702208171476, 95.25802208171476, 95.25802208171476, 95.25802208171476, 88.21569018714051, 87.26244368148419, 79.18779461609867, 79.18779461609867, 78.00437253927473, 58.18172905518776, 58.18172905518776, 35.08382401362907, 35.08382401362907, 35.08382401362907, 34.459392927494605, 34.4458008669166, 0.0, 0.0, 0.0, 0.0, 0.0, 8.888995999316297, 8.888995999316297, 8.888995999316297, 45.99348691276009, 44.82369959728898, 92.93169959728897, 92.93169959728897, 92.93169959728897, 77.54081145366888, 77.54081145366888, 69.07064778267167, 69.07064778267167, 69.07064778267167, 50.92154342240116, 50.92154342240116, 26.438612278660933, 26.438612278660933, 
0.0, 0.0, 0.0, 0.0, 0.0, 0.0, 0.0, 0.0, 0.0, 0.0, 0.0, 0.0, 0.0, 0.0, 0.0, 0.0, 0.0, 0.0, 0.0, 0.0, 0.0, 0.0, 0.0, 0.0, 0.0, 0.0, 0.0, 0.0, 0.0, 0.0, 0.0, 0.0, 0.0, 0.0, 0.0, 0.0, 0.0, 7.831614173943148, 7.831614173943148, 7.831614173943148, 7.831614173943148, 7.904228347886299, 2.9539929311884485, 2.9539929311884485, 2.730297290282248, 1.4792213851668699, 1.7526662190170619, 36.749666219017065, 36.749666219017065, 36.749666219017065, 49.0849993285256, 47.791666219017074, 67.96166621901708, 67.96166621901708, 67.96166621901708, 83.83366621901708, 83.83366621901708, 75.69603689186096, 75.69603689186096, 75.69603689186096, 76.2034579117525, 76.2034579117525, 94.49445791175249, 94.49445791175249, 94.49445791175249, 85.63933797416477, 85.63933797416477, 80.82789486091998, 80.57061362839679, 80.57061362839679, 59.04545396652135, 59.04545396652135, 37.882463052872055, 34.8353842954632, 34.8353842954632, 34.8353842954632, 34.8353842954632, 0.0, 0.0, 0.20031734840287996, 0.20031734840287996, 0.20031734840287996, 8.670701808937782, 8.670701808937782, 8.670701808937782, 46.73732992166252, 44.66162093377426, 92.76962093377425, 92.76962093377425, 92.76962093377425, 81.66177882878799, 79.7289705917476, 68.17184733294594, 68.17184733294594, 68.17184733294594, 51.509184864040655, 51.509184864040655, 26.631141604162814, 26.494072285357426, 
0.0, 0.0, 0.0, 0.0, 0.0, 0.0, 0.0, 0.0, 0.0, 0.0, 0.0, 0.0, 0.0, 0.0, 0.0, 0.0, 0.0, 0.0, 0.0, 0.0, 0.0, 0.0, 0.0, 0.0, 0.0, 0.0, 0.0, 0.0, 0.0, 0.0, 0.0, 0.0, 0.0, 0.0, 0.0, 0.0, 0.0, 9.362482889842937, 8.724528112973637, 8.724528112973637, 8.724528112973637, 9.442773220948933, 2.785883265893876, 2.3399552094573615, 0.7856997816446558, 0.7856997816446558, 1.5576997816446543, 36.55469978164466, 36.55469978164466, 36.55469978164466, 48.79254967246699, 47.38070462351803, 67.55070462351803, 67.55070462351803, 67.55070462351803, 83.42270462351803, 83.42270462351803, 76.73863704129602, 76.73863704129602, 76.28387310992439, 77.21687310992439, 77.21687310992439, 95.50787310992438, 95.50787310992438, 95.50787310992438, 86.37944432626888, 86.29307518171139, 79.9234158284459, 78.30828581754308, 78.30828581754308, 59.214577395132686, 59.214577395132686, 35.94719506653497, 35.15885388370153, 35.012995695124616, 34.84569754876941, 34.47269426112993, 0.0, 0.0, 0.0, 0.0, 0.0, 8.702561169171265, 8.702561169171265, 8.590267773215992, 46.603535546431985, 46.603535546431985, 93.89917585994093, 93.89917585994093, 93.89917585994093, 81.23919436218934, 80.41376700491945, 71.12644828517874, 71.12644828517874, 69.82966826168612, 52.08303607194732, 52.041280868073926, 27.36497319653057, 26.723986076522294, 
0.0, 0.0, 0.0, 0.0, 0.0, 0.0, 0.0, 0.0, 0.0, 0.0, 0.0, 0.0, 0.0, 0.0, 0.0, 0.0, 0.0, 0.0, 0.0, 0.0, 0.0, 0.0, 0.0, 0.0, 0.0, 0.0, 0.0, 0.0, 0.0, 0.0, 0.0, 0.0, 0.0, 0.0, 0.0, 0.0, 0.0, 9.36140211241782, 9.36140211241782, 8.821140731049539, 7.912734420005673, 8.06646884001135, 2.513508740113, 2.513508740113, 2.513508740113, 1.7006377832160418, 2.47263778321604, 37.09404584811533, 36.756187879935204, 36.756187879935204, 49.094781819902806, 47.79818787993521, 67.96818787993521, 67.12801746981383, 67.12801746981383, 83.00001746981383, 83.00001746981383, 74.12145859841726, 74.12145859841726, 74.12145859841726, 75.05445859841727, 75.05445859841727, 93.34545859841727, 93.34545859841727, 93.34545859841727, 87.24271973373604, 87.24271973373604, 80.1460816236071, 79.9020745625819, 79.84576227556954, 58.80861079650981, 58.80861079650981, 35.65575801878221, 34.792528990889025, 34.792528990889025, 34.792528990889025, 34.792528990889025, 0.0, 0.0, 0.2657543950600072, 0.2657543950600072, 0.0, 8.637505887359435, 8.637505887359435, 8.637505887359435, 46.69801177471888, 46.320171458603326, 94.42817145860332, 94.42817145860332, 93.94086504736369, 79.33905558883752, 78.30508097907604, 70.67962609175999, 70.67962609175999, 70.67962609175999, 52.518267911421844, 52.518267911421844, 28.59474627230778, 28.58904058494916, 
0.0, 0.0, 0.0, 0.0, 0.0, 0.0, 0.0, 0.0, 0.0, 0.0, 0.0, 0.0, 0.0, 0.0, 0.0, 0.0, 0.0, 0.0, 0.0, 0.0, 0.0, 0.0, 0.0, 0.0, 0.0, 0.0, 0.0, 0.0, 0.0, 0.0, 0.0, 0.0, 0.0, 0.0, 0.0, 0.0, 0.0, 9.451412552822365, 9.451412552822365, 8.490764962903881, 8.490764962903881, 9.222529925807766, 3.517605566761997, 1.0662990202453635, 1.0662990202453635, 1.0662990202453635, 1.838299020245362, 36.83529902024536, 36.06136202825827, 36.06136202825827, 48.05254304238741, 47.103362028258275, 66.80604315887143, 66.80604315887143, 66.80604315887143, 82.67804315887143, 82.67804315887143, 74.86690459087609, 74.86690459087609, 74.86690459087609, 75.79990459087608, 75.79990459087608, 94.09090459087608, 94.09090459087608, 94.09090459087608, 88.17957766020929, 88.17957766020929, 79.25775442456988, 79.25775442456988, 79.06762048909624, 58.81489273443469, 58.78783699149004, 34.29074585938659, 34.29074585938659, 34.29074585938659, 34.29074585938659, 34.29074585938659, 0.0, 0.0, 0.0, 0.0, 0.0, 8.777270623276163, 8.777270623276163, 7.854373145998007, 45.13174629199602, 45.13174629199602, 93.23974629199601, 93.23974629199601, 93.23974629199601, 78.7398847095508, 78.14692400698628, 69.64933844965628, 69.64933844965628, 69.64933844965628, 53.091746419199715, 51.942155028011285, 30.11367133940928, 28.27198973138063, 
0.0, 0.0, 0.0, 0.0, 0.0, 0.0, 0.0, 0.0, 0.0, 0.0, 0.0, 0.0, 0.0, 0.0, 0.0, 0.0, 0.0, 0.0, 0.0, 0.0, 0.0, 0.0, 0.0, 0.0, 0.0, 0.0, 0.0, 0.0, 0.0, 0.0, 0.0, 0.0, 0.0, 0.0, 0.0, 0.0, 0.0, 9.995658993382051, 8.314947631390286, 8.314947631390286, 8.314947631390286, 8.870895262780575, 1.5880744976597647, 0.41728180835572104, 0.41728180835572104, 0.41728180835572104, 1.1892818083557195, 36.18628180835572, 36.014391278835184, 36.014391278835184, 47.982086918252776, 47.05639127883519, 67.2263912788352, 67.2263912788352, 67.2263912788352, 83.0983912788352, 83.0983912788352, 76.1477600890335, 76.1477600890335, 76.1477600890335, 77.0807600890335, 75.74315808424697, 94.03415808424697, 94.03415808424697, 94.03415808424697, 87.2957491163461, 85.81262085668915, 81.76966190303082, 80.46433445425804, 78.59461821556752, 58.71873312855253, 58.71873312855253, 36.18345085613108, 35.207124149538856, 34.548886270380734, 34.548886270380734, 34.075027231016634, 0.0, 0.0, 0.0, 0.0, 0.0, 8.791609428705783, 8.791609428705783, 8.791609428705783, 47.00621885741157, 46.074405592196314, 94.1824055921963, 94.1824055921963, 94.1824055921963, 77.79446440183737, 77.79446440183737, 69.4109218818732, 69.04877006308598, 69.04877006308598, 53.84140882656429, 51.962328125239054, 28.66475326022551, 28.112758892887086, 
0.0, 0.0, 0.0, 0.0, 0.0, 0.0, 0.0, 0.0, 0.0, 0.0, 0.0, 0.0, 0.0, 0.0, 0.0, 0.0, 0.0, 0.0, 0.0, 0.0, 0.0, 0.0, 0.0, 0.0, 0.0, 0.0, 0.0, 0.0, 0.0, 0.0, 0.0, 0.0, 0.0, 0.0, 0.0, 0.0, 0.0, 8.73716034854985, 8.73716034854985, 8.73716034854985, 8.73716034854985, 9.715320697099703, 2.367189246698775, 1.6182620730865303, 1.6182620730865303, 1.1778806689043897, 1.9498806689043882, 36.94688066890439, 36.94688066890439, 36.94688066890439, 49.38082100335659, 47.70765715180704, 67.87765715180704, 67.87765715180704, 67.87765715180704, 83.42413785401506, 83.42413785401506, 76.5244649940204, 75.8450987081964, 75.8450987081964, 76.77809870819641, 76.77809870819641, 95.06909870819639, 95.06909870819639, 95.06909870819639, 87.34863170153436, 86.09684281339071, 81.43382892399526, 81.27678937288363, 80.26253978710531, 59.18199955698107, 58.75701996373371, 34.42202755606675, 34.42202755606675, 34.1915852554223, 34.1915852554223, 34.1915852554223, 0.0, 0.0, 0.2387505709702893, 0.0, 0.0, 8.564899604391943, 8.564899604391943, 8.404780903560173, 46.23256180712035, 46.23256180712035, 94.34056180712034, 94.34056180712034, 94.34056180712034, 76.93761806426345, 76.93761806426345, 68.0078805468233, 68.0078805468233, 68.0078805468233, 51.82704217881646, 51.82704217881646, 29.540537904893213, 29.540537904893213, 
0.0, 0.0, 0.0, 0.0, 0.0, 0.0, 0.0, 0.0, 0.0, 0.0, 0.0, 0.0, 0.0, 0.0, 0.0, 0.0, 0.0, 0.0, 0.0, 0.0, 0.0, 0.0, 0.0, 0.0, 0.0, 0.0, 0.0, 0.0, 0.0, 0.0, 0.0, 0.0, 0.0, 0.0, 0.0, 0.0, 0.0, 9.421897107636198, 9.420364663756583, 8.840705445024359, 8.840705445024359, 9.92241089004872, 2.1018887821183547, 2.1018887821183547, 2.1018887821183547, 1.2708948299373866, 2.042894829937385, 37.03989482993738, 37.03989482993738, 37.03989482993738, 49.520342244906075, 48.08189482993738, 68.25189482993738, 68.25189482993738, 68.25189482993738, 84.12389482993738, 84.11917397113416, 75.89545577916553, 75.89545577916553, 75.89545577916553, 75.13673410530126, 75.13673410530126, 93.42773410530125, 93.42773410530125, 93.42773410530125, 88.04886826573502, 86.57786227956224, 81.22333550592832, 80.55073386515906, 79.24488139045903, 59.59296900563125, 59.0102164466971, 35.208331646342245, 34.90357627676168, 34.90357627676168, 34.90357627676168, 34.383740142390536, 0.0, 0.0, 0.17615833757422195, 0.17615833757422195, 0.0, 8.776378004836477, 8.6614652526934, 8.6614652526934, 46.74593050538681, 46.74593050538681, 94.8539305053868, 94.44479049705191, 94.44479049705191, 79.56679043394409, 78.98674434962157, 70.31521299314389, 70.31521299314389, 69.66078756640107, 50.243537154253964, 50.21660128369528, 27.83900198076533, 27.326140014833584, 
0.0, 0.0, 0.0, 0.0, 0.0, 0.0, 0.0, 0.0, 0.0, 0.0, 0.0, 0.0, 0.0, 0.0, 0.0, 0.0, 0.0, 0.0, 0.0, 0.0, 0.0, 0.0, 0.0, 0.0, 0.0, 0.0, 0.0, 0.0, 0.0, 0.0, 0.0, 0.0, 0.0, 0.0, 0.0, 0.0, 0.0, 8.184813145768288, 8.184813145768288, 7.414887819885667, 7.414887819885667, 7.414887819885667, 1.4847037004522967, 0.9737276381009146, 0.9737276381009146, 0.9737276381009146, 1.745727638100913, 36.74272763810092, 36.74272763810092, 36.74272763810092, 49.07459145715137, 47.559561358485595, 67.7295613584856, 67.7295613584856, 67.7295613584856, 83.6015613584856, 83.6015613584856, 77.55386050309083, 77.55386050309083, 77.55386050309083, 76.82694164769836, 76.82694164769836, 95.11794164769836, 95.11794164769836, 95.11794164769836, 88.1677870237109, 88.1677870237109, 79.99054917550181, 79.99054917550181, 79.47075602758859, 59.64113050422198, 58.96780233003406, 36.0495895707524, 34.862999295205164, 34.8091403693061, 34.49509966815857, 34.092438684586455, 0.0, 0.0, 0.0, 0.0, 0.0, 8.651533159427274, 8.651533159427274, 8.651533159427274, 46.55859756895845, 46.55859756895845, 94.66659756895845, 94.66659756895845, 94.66659756895845, 79.63424661470467, 79.52113892312939, 69.59024362842402, 68.06556891258072, 68.06556891258072, 52.407816801728806, 52.407816801728806, 29.43705372274394, 29.43705372274394, 
0.0, 0.0, 0.0, 0.0, 0.0, 0.0, 0.0, 0.0, 0.0, 0.0, 0.0, 0.0, 0.0, 0.0, 0.0, 0.0, 0.0, 0.0, 0.0, 0.0, 0.0, 0.0, 0.0, 0.0, 0.0, 0.0, 0.0, 0.0, 0.0, 0.0, 0.0, 0.0, 0.0, 0.0, 0.0, 0.0, 0.0, 8.694777137164756, 8.342416264872195, 8.342416264872195, 8.342416264872195, 8.925832529744394, 1.4440779454273276, 1.4440779454273276, 1.4440779454273276, 1.4440779454273276, 2.216077945427326, 37.21307794542733, 37.21307794542733, 37.21307794542733, 49.58804887057366, 48.12703258038245, 68.29703258038245, 68.29703258038245, 68.2611419365738, 84.1331419365738, 84.1331419365738, 76.50424888792352, 76.50424888792352, 76.50424888792352, 77.43724888792352, 77.43724888792352, 95.72824888792351, 95.72824888792351, 95.72824888792351, 88.52338310875781, 85.71167547426266, 81.45563507104848, 80.4167628949329, 79.5022293141909, 59.633770889994175, 58.960948582252364, 36.10364352477369, 35.431407052023935, 35.431407052023935, 35.431407052023935, 35.431407052023935, 0.0, 0.0, 0.27163787194707467, 0.0, 0.0, 8.937181571161258, 8.088409546918946, 8.088409546918946, 45.599819093837894, 45.599819093837894, 93.70781909383788, 93.68983775486288, 93.57660075501673, 79.14065029124329, 79.14065029124329, 71.28960312465512, 67.63242914192018, 67.55790117708277, 52.500640892796405, 52.500640892796405, 28.248055296504248, 28.248055296504248, 
0.0, 0.0, 0.0, 0.0, 0.0, 0.0, 0.0, 0.0, 0.0, 0.0, 0.0, 0.0, 0.0, 0.0, 0.0, 0.0, 0.0, 0.0, 0.0, 0.0, 0.0, 0.0, 0.0, 0.0, 0.0, 0.0, 0.0, 0.0, 0.0, 0.0, 0.0, 0.0, 0.0, 0.0, 0.0, 0.0, 0.0, 8.781357519145292, 8.781357519145292, 7.794856319522815, 7.794856319522815, 7.8307126390456325, 0.8971218793501343, 0.8971218793501343, 0.8971218793501343, 0.8971218793501343, 1.6691218793501328, 36.666121879350136, 36.666121879350136, 36.666121879350136, 48.959682819025204, 47.708121879350145, 67.87812187935015, 67.77127028462391, 66.87361463324795, 82.74561463324795, 82.74561463324795, 74.70061463324795, 74.70061463324795, 74.70061463324795, 75.63361463324796, 75.63361463324796, 93.92461463324796, 93.92461463324796, 93.92461463324796, 88.22401661719093, 87.78241330000536, 82.49522252912266, 80.47534042216512, 80.47534042216512, 59.291126189331635, 58.327931145025616, 35.54651584521072, 34.85158295767888, 34.85158295767888, 34.85158295767888, 34.85158295767888, 0.0, 0.0, 0.0, 0.0, 0.0, 8.832903691965669, 8.832903691965669, 8.832903691965669, 46.286276185957945, 46.286276185957945, 94.39427618595793, 94.39427618595793, 94.39427618595793, 80.28117532574834, 78.37250959683378, 69.21764573151023, 69.21764573151023, 69.14983651828118, 52.35241314790689, 52.35241314790689, 26.006639875086712, 26.006639875086712, 
0.0, 0.0, 0.0, 0.0, 0.0, 0.0, 0.0, 0.0, 0.0, 0.0, 0.0, 0.0, 0.0, 0.0, 0.0, 0.0, 0.0, 0.0, 0.0, 0.0, 0.0, 0.0, 0.0, 0.0, 0.0, 0.0, 0.0, 0.0, 0.0, 0.0, 0.0, 0.0, 0.0, 0.0, 0.0, 0.0, 0.0, 10.316342600363164, 9.297358707253071, 7.685967383223183, 7.685967383223183, 7.685967383223183, 3.074198593482361, 0.0, 0.0, 0.0, 0.7337496313138026, 35.63049926262761, 35.63049926262761, 35.63049926262761, 47.40624889394141, 46.67249926262761, 66.84249926262761, 66.84249926262761, 66.84249926262761, 82.71449926262761, 82.71449926262761, 76.05686778601105, 76.05686778601105, 76.05686778601105, 76.98986778601105, 76.98986778601105, 95.28086778601104, 95.28086778601104, 94.26801025221579, 87.21743830763738, 87.21743830763738, 80.47852272181751, 78.58041820503783, 78.58041820503783, 58.56245293159122, 58.56245293159122, 34.83794151868072, 34.45477978964168, 34.45477978964168, 34.45477978964168, 34.45477978964168, 0.0, 0.0, 0.1625157644562485, 0.0, 0.0, 8.461948647997733, 8.461948647997733, 8.461948647997733, 46.34689729599546, 46.34689729599546, 94.45489729599547, 94.45489729599547, 94.45489729599547, 80.32053932165485, 78.12085988923951, 69.93612670683001, 68.4243506646448, 68.4243506646448, 52.81453106494142, 52.12490584197484, 28.57697741244109, 28.320639673267074, 
0.0, 0.0, 0.0, 0.0, 0.0, 0.0, 0.0, 0.0, 0.0, 0.0, 0.0, 0.0, 0.0, 0.0, 0.0, 0.0, 0.0, 0.0, 0.0, 0.0, 0.0, 0.0, 0.0, 0.0, 0.0, 0.0, 0.0, 0.0, 0.0, 0.0, 0.0, 0.0, 0.0, 0.0, 0.0, 0.0, 0.0, 9.548778234226546, 8.09214080548723, 8.09214080548723, 8.09214080548723, 8.425281610974462, 2.9682880372115967, 2.9682880372115967, 2.1466166780012763, 1.058052770030347, 1.8300527700303455, 36.129876216634734, 36.129876216634734, 36.129876216634734, 48.1553143249521, 47.17187621663474, 67.34187621663474, 67.34187621663474, 67.34187621663474, 83.21387621663474, 82.92507118944293, 75.53733879807174, 75.53733879807174, 75.53733879807174, 76.47033879807174, 76.47033879807174, 94.76133879807173, 94.76133879807173, 94.76133879807173, 87.24571896905925, 86.33614152735007, 79.44392579789067, 79.44392579789067, 79.44392579789067, 58.53354393298157, 58.53354393298157, 35.83757843209614, 35.83757843209614, 34.13475698583514, 34.13475698583514, 34.13475698583514, 0.0, 0.0, 0.0, 0.0, 0.0, 8.862901551672117, 8.83048829800951, 8.638120870445679, 46.69924174089135, 46.69924174089135, 94.80724174089136, 94.80724174089136, 93.45386063331466, 82.01723117763738, 78.84516491607589, 69.34138985129603, 68.86070577678518, 68.23118511756516, 52.72129232575811, 51.76249969197601, 27.235151982277166, 26.137702707716464, 
0.0, 0.0, 0.0, 0.0, 0.0, 0.0, 0.0, 0.0, 0.0, 0.0, 0.0, 0.0, 0.0, 0.0, 0.0, 0.0, 0.0, 0.0, 0.0, 0.0, 0.0, 0.0, 0.0, 0.0, 0.0, 0.0, 0.0, 0.0, 0.0, 0.0, 0.0, 0.0, 0.0, 0.0, 0.0, 0.0, 0.0, 9.953532601893077, 8.72186622224616, 8.72186622224616, 8.72186622224616, 9.684732444492322, 2.8067643121513193, 2.2945594704243852, 2.172536718785995, 2.172536718785995, 2.9445367187859937, 35.94214395423819, 35.44932350742296, 35.44932350742296, 47.134485261134444, 46.49132350742296, 66.66132350742296, 66.66132350742296, 66.66132350742296, 82.53332350742296, 82.53332350742296, 76.61814209879199, 76.61814209879199, 76.61814209879199, 77.55114209879198, 77.55114209879198, 95.84214209879198, 95.84214209879198, 95.84214209879198, 88.0517011826107, 87.96608737093368, 80.60025991822343, 78.77942378002183, 78.77942378002183, 60.02173167337065, 58.66520143150757, 35.043123312181656, 35.043123312181656, 35.043123312181656, 35.043123312181656, 35.043123312181656, 0.0, 0.0, 0.0021233121816557343, 0.0021233121816557343, 0.0, 8.702326629874857, 8.702326629874857, 8.319378092551553, 46.06175618510311, 46.06175618510311, 94.1697561851031, 93.1248551526433, 93.1248551526433, 79.30591718004722, 79.24644872173555, 69.63601433998036, 67.75713252325552, 67.75713252325552, 53.604117953448856, 50.869754687658286, 27.64826615908016, 27.59604912607974, 
0.0, 0.0, 0.0, 0.0, 0.0, 0.0, 0.0, 0.0, 0.0, 0.0, 0.0, 0.0, 0.0, 0.0, 0.0, 0.0, 0.0, 0.0, 0.0, 0.0, 0.0, 0.0, 0.0, 0.0, 0.0, 0.0, 0.0, 0.0, 0.0, 0.0, 0.0, 0.0, 0.0, 0.0, 0.0, 0.0, 0.0, 8.524856990372413, 8.524856990372413, 8.230261441274017, 8.230261441274017, 8.701522882548037, 1.0109314956335247, 0.6849558830354958, 0.6849558830354958, 0.6849558830354958, 1.4569558830354943, 36.4539558830355, 36.4539558830355, 36.4539558830355, 48.641433824553246, 47.495955883035506, 67.66595588303551, 67.66595588303551, 67.66595588303551, 83.53795588303551, 83.53795588303551, 75.90821642400967, 75.90821642400967, 75.90821642400967, 76.84121642400967, 76.84121642400967, 95.13221642400967, 95.13221642400967, 95.13221642400967, 86.96127868159364, 85.70891657956618, 80.61150139138496, 79.64983730399247, 79.64983730399247, 58.55690040029951, 58.55690040029951, 35.076634505708896, 34.75821356121543, 34.75821356121543, 34.75821356121543, 34.62343339269064, 0.0, 0.0, 0.0, 0.0, 0.0, 8.465217991125641, 8.011038607670905, 8.011038607670905, 45.44507721534181, 45.44507721534181, 93.5530772153418, 93.5530772153418, 93.5530772153418, 78.17425225261537, 78.12035898403222, 69.84509602844578, 69.84509602844578, 69.84509602844578, 53.477751547955485, 53.125140605456835, 28.22024232813061, 28.187502272007087, 
0.0, 0.0, 0.0, 0.0, 0.0, 0.0, 0.0, 0.0, 0.0, 0.0, 0.0, 0.0, 0.0, 0.0, 0.0, 0.0, 0.0, 0.0, 0.0, 0.0, 0.0, 0.0, 0.0, 0.0, 0.0, 0.0, 0.0, 0.0, 0.0, 0.0, 0.0, 0.0, 0.0, 0.0, 0.0, 0.0, 0.0, 9.045138198663057, 9.045138198663057, 8.524985817658472, 7.835957969459862, 7.912915938919728, 3.3867225181709877, 2.8866203776125623, 2.2779512059366915, 0.5901372931492084, 1.3621372931492068, 36.3591372931492, 36.3591372931492, 36.3591372931492, 48.49920593972381, 47.401137293149205, 67.5711372931492, 67.5711372931492, 67.5711372931492, 83.4431372931492, 83.4431372931492, 79.62682220858395, 76.74929266785574, 76.74929266785574, 77.68229266785575, 77.68229266785575, 95.97329266785574, 95.97329266785574, 95.97329266785574, 88.75873125504883, 87.21641279215225, 81.89842543355263, 80.58211711945802, 80.06972891820024, 58.375131436933, 58.375131436933, 35.50570967505965, 34.80698310751161, 34.80698310751161, 34.80698310751161, 34.80698310751161, 0.0, 0.0, 0.0, 0.0, 0.0, 8.708983107511617, 8.548393956900703, 8.548393956900703, 46.51978791380141, 46.51978791380141, 94.23085636450995, 94.23085636450995, 93.98010387759994, 78.7667975529596, 77.9851761448543, 69.32254640640852, 69.32254640640852, 68.97054805720202, 51.71251865134524, 51.71251865134524, 28.85650603826428, 28.575636953427278, 
0.0, 0.0, 0.0, 0.0, 0.0, 0.0, 0.0, 0.0, 0.0, 0.0, 0.0, 0.0, 0.0, 0.0, 0.0, 0.0, 0.0, 0.0, 0.0, 0.0, 0.0, 0.0, 0.0, 0.0, 0.0, 0.0, 0.0, 0.0, 0.0, 0.0, 0.0, 0.0, 0.0, 0.0, 0.0, 0.0, 0.0, 9.120798632630336, 9.000438148831563, 7.81237154614622, 7.81237154614622, 7.865743092292444, 1.921696287479893, 1.921696287479893, 0.7200687984210639, 0.7200687984210639, 1.4920687984210623, 36.48906879842106, 36.48906879842106, 35.39199775972344, 47.04849663958515, 46.43399775972344, 66.60399775972344, 66.60399775972344, 66.60399775972344, 82.47599775972344, 82.47599775972344, 77.23853361339684, 76.26517219958427, 75.82674097687931, 76.19272052279399, 76.19272052279399, 94.48372052279397, 94.48372052279397, 94.48372052279397, 86.57336168353409, 86.57336168353409, 79.34978193996496, 79.28152664025686, 79.28152664025686, 59.74245038612378, 59.34941270892614, 35.79566117737697, 35.176632956795494, 35.06907573972498, 34.64057436311681, 34.511298858280696, 0.0, 0.0, 0.0, 0.0, 0.0, 8.413298858280694, 8.413298858280694, 8.413298858280694, 46.2495977165614, 46.2495977165614, 94.35759771656139, 94.35759771656139, 94.35759771656139, 77.6889655505299, 77.6889655505299, 68.20558637958845, 68.20558637958845, 67.91568836639786, 52.252344888548876, 52.252344888548876, 30.706875458153256, 27.40640755982158, 
0.0, 0.0, 0.0, 0.0, 0.0, 0.0, 0.0, 0.0, 0.0, 0.0, 0.0, 0.0, 0.0, 0.0, 0.0, 0.0, 0.0, 0.0, 0.0, 0.0, 0.0, 0.0, 0.0, 0.0, 0.0, 0.0, 0.0, 0.0, 0.0, 0.0, 0.0, 0.0, 0.0, 0.0, 0.0, 0.0, 0.0, 9.437846838238588, 8.613433231530902, 8.613433231530902, 8.613433231530902, 9.467866463061807, 2.019876018008116, 1.0335076163640018, 1.0335076163640018, 1.0335076163640018, 1.6310838099288851, 36.62808380992889, 36.62808380992889, 36.62808380992889, 48.90262571489333, 47.6700838099289, 67.8400838099289, 67.8400838099289, 67.8400838099289, 83.7120838099289, 83.7120838099289, 77.07482619929314, 74.3228358305287, 74.3228358305287, 75.2558358305287, 75.2558358305287, 93.54683583052869, 93.54683583052869, 93.54683583052869, 87.46638771763683, 87.46638771763683, 82.41247730950786, 80.76981734119389, 80.22750306212777, 60.05116350725274, 58.877987764552785, 34.73775575197116, 34.73775575197116, 34.73775575197116, 34.73775575197116, 34.73775575197116, 0.0, 0.0, 0.20969895938887717, 0.011380875048207173, 0.0, 8.510211313063856, 8.510211313063856, 8.510211313063856, 46.44342262612771, 46.44342262612771, 94.5514226261277, 94.5514226261277, 94.5514226261277, 80.82449856384066, 80.42900836496541, 68.4271219913129, 68.4271219913129, 68.4271219913129, 51.920846444414636, 51.920846444414636, 27.19396694104792, 27.19396694104792, 
0.0, 0.0, 0.0, 0.0, 0.0, 0.0, 0.0, 0.0, 0.0, 0.0, 0.0, 0.0, 0.0, 0.0, 0.0, 0.0, 0.0, 0.0, 0.0, 0.0, 0.0, 0.0, 0.0, 0.0, 0.0, 0.0, 0.0, 0.0, 0.0, 0.0, 0.0, 0.0, 0.0, 0.0, 0.0, 0.0, 0.0, 8.367643332655682, 8.367643332655682, 8.367643332655682, 8.367643332655682, 8.976286665311367, 3.197581022465304, 2.6939016539084086, 2.6939016539084086, 2.6126901482503406, 3.384690148250339, 38.38169014825034, 36.92678069796743, 36.92678069796743, 49.35067104695115, 47.96878069796743, 68.13878069796743, 67.01812420335443, 66.82104714344192, 82.69304714344192, 82.69304714344192, 77.86045380560614, 77.86045380560614, 77.23239213384845, 76.70591873846648, 76.70591873846648, 94.99691873846648, 94.99691873846648, 94.99691873846648, 89.93999241483796, 87.04238134569643, 79.49181420762127, 79.49181420762127, 79.49181420762127, 58.2674802168909, 58.2674802168909, 35.39013975194959, 34.98964276805697, 34.51727162936267, 34.51727162936267, 34.51727162936267, 0.0, 0.0, 0.24728441818377433, 0.0, 0.0, 7.513927581054698, 7.513927581054698, 7.513927581054698, 44.450855162109406, 44.450855162109406, 92.5588551621094, 92.5588551621094, 92.5588551621094, 78.14609386045849, 78.14609386045849, 69.25151187611327, 69.25151187611327, 69.25151187611327, 53.3885836830255, 53.3885836830255, 28.784426475055092, 27.192766829704382, 
0.0, 0.0, 0.0, 0.0, 0.0, 0.0, 0.0, 0.0, 0.0, 0.0, 0.0, 0.0, 0.0, 0.0, 0.0, 0.0, 0.0, 0.0, 0.0, 0.0, 0.0, 0.0, 0.0, 0.0, 0.0, 0.0, 0.0, 0.0, 0.0, 0.0, 0.0, 0.0, 0.0, 0.0, 0.0, 0.0, 0.0, 9.304995330086399, 9.090476620774858, 9.090476620774858, 8.703418736122494, 9.64783747224499, 1.195045381173525, 1.195045381173525, 1.0390743538578313, 1.0390743538578313, 1.8110743538578298, 36.80807435385783, 36.80807435385783, 36.80807435385783, 49.17261153078675, 47.850074353857835, 68.02007435385784, 68.02007435385784, 67.40080342816873, 83.27280342816873, 83.27280342816873, 79.7180878869809, 77.92089249706673, 76.26870995990151, 77.2017099599015, 77.2017099599015, 94.44417244688906, 94.44417244688906, 94.44417244688906, 87.50075734309836, 87.50075734309836, 81.12409209287378, 81.12409209287378, 79.10587296155211, 59.39800911277386, 58.98196566937318, 35.504941482010764, 35.504941482010764, 35.205819500233645, 34.460754157695476, 34.435987193321765, 0.0, 0.0, 0.18275172321288125, 0.0, 0.0, 8.940723070416052, 8.61686867780709, 8.347598751276443, 46.05052120145916, 45.97475747271788, 94.08275747271787, 94.08275747271787, 94.08275747271787, 78.69207186430575, 78.69207186430575, 68.13973552501602, 68.13973552501602, 68.13973552501602, 52.45953076469576, 52.45953076469576, 28.74954024659518, 28.547525242618313, 
0.0, 0.0, 0.0, 0.0, 0.0, 0.0, 0.0, 0.0, 0.0, 0.0, 0.0, 0.0, 0.0, 0.0, 0.0, 0.0, 0.0, 0.0, 0.0, 0.0, 0.0, 0.0, 0.0, 0.0, 0.0, 0.0, 0.0, 0.0, 0.0, 0.0, 0.0, 0.0, 0.0, 0.0, 0.0, 0.0, 0.0, 9.388290239021625, 8.981251165457707, 8.65009998848932, 8.65009998848932, 9.541199976978643, 3.0467650547842133, 3.0467650547842133, 0.5635237559665889, 0.5635237559665889, 0.856640066133199, 35.853640066133195, 35.853640066133195, 35.853640066133195, 47.740960099199796, 46.8956400661332, 67.0656400661332, 67.0656400661332, 67.0656400661332, 82.9376400661332, 82.9376400661332, 77.41910368014413, 77.41910368014413, 76.01100453116338, 76.94400453116339, 76.94400453116339, 95.23500453116337, 94.34035713960701, 94.34035713960701, 87.25453287409466, 86.12559840836393, 79.9737314795394, 79.9737314795394, 79.9737314795394, 58.90110438179969, 58.638855392878824, 35.362756119972964, 35.362756119972964, 34.604343684020606, 34.604343684020606, 34.604343684020606, 0.0, 0.0, 0.0, 0.0, 0.0, 8.782953710687107, 8.782953710687107, 8.782953710687107, 46.98890742137422, 46.98890742137422, 95.09690742137421, 95.09690742137421, 95.09690742137421, 78.92724108284317, 78.92724108284317, 70.29767587950016, 69.39697294931952, 68.60184235880554, 51.98364213419408, 51.98364213419408, 27.78274445120497, 27.726449656897493, 
0.0, 0.0, 0.0, 0.0, 0.0, 0.0, 0.0, 0.0, 0.0, 0.0, 0.0, 0.0, 0.0, 0.0, 0.0, 0.0, 0.0, 0.0, 0.0, 0.0, 0.0, 0.0, 0.0, 0.0, 0.0, 0.0, 0.0, 0.0, 0.0, 0.0, 0.0, 0.0, 0.0, 0.0, 0.0, 0.0, 0.0, 8.288643395141268, 7.9112695117850365, 7.9112695117850365, 7.9112695117850365, 8.063539023570076, 2.193495770997142, 2.147350437133671, 2.147350437133671, 2.147350437133671, 2.9193504371336694, 37.91635043713367, 37.91635043713367, 37.91635043713367, 50.835025655700505, 47.94437130195061, 68.11437130195061, 67.2389756935999, 67.2389756935999, 83.1109756935999, 83.1109756935999, 77.7127833281027, 76.70388586931278, 75.79907077401654, 76.73207077401653, 76.73207077401653, 95.02307077401653, 95.02307077401653, 95.02307077401653, 89.65985214847485, 87.50019979740209, 80.3198340157616, 80.3198340157616, 80.3198340157616, 59.92563180754914, 59.005236604895586, 34.896396207258874, 34.85534114249489, 34.85534114249489, 34.85534114249489, 34.85534114249489, 0.0, 0.0, 0.07463237389993793, 0.0, 0.0, 8.669294213067033, 8.669294213067033, 8.669294213067033, 46.76158842613407, 46.26140152277213, 94.36940152277214, 93.7122093598473, 93.7122093598473, 77.70397769818277, 77.70397769818277, 68.61982722787954, 68.61982722787954, 68.61982722787954, 52.267215540274215, 52.267215540274215, 28.792706522768263, 28.19846740230019, 
0.0, 0.0, 0.0, 0.0, 0.0, 0.0, 0.0, 0.0, 0.0, 0.0, 0.0, 0.0, 0.0, 0.0, 0.0, 0.0, 0.0, 0.0, 0.0, 0.0, 0.0, 0.0, 0.0, 0.0, 0.0, 0.0, 0.0, 0.0, 0.0, 0.0, 0.0, 0.0, 0.0, 0.0, 0.0, 0.0, 0.0, 9.719093825932966, 9.354634082547104, 9.354634082547104, 9.354634082547104, 9.000242497903368, 3.256266822231556, 1.3643076013508058, 1.3643076013508058, 1.3643076013508058, 2.136307601350804, 37.13330760135081, 36.57204124702617, 36.57204124702617, 48.818561870539256, 47.61404124702618, 67.78404124702618, 67.78404124702618, 67.78404124702618, 83.65604124702618, 83.65604124702618, 79.18127602242554, 75.71092030227987, 75.71092030227987, 76.64392030227987, 76.64392030227987, 94.93492030227986, 94.93492030227986, 94.93492030227986, 87.01318813201486, 86.93354134325982, 78.35473455549635, 78.35473455549635, 78.35473455549635, 58.513837799739065, 58.513837799739065, 34.91030668093637, 34.501515977639436, 34.501515977639436, 34.39492226055961, 34.39492226055961, 0.0, 0.0, 0.0, 0.0, 0.0, 8.631314895396699, 8.631314895396699, 8.631314895396699, 45.807905771465386, 45.807905771465386, 93.91590577146539, 93.91590577146539, 93.91590577146539, 78.0255295999859, 78.0255295999859, 68.73270376913679, 68.40770121379649, 68.40770121379649, 52.499047699764866, 52.499047699764866, 28.448508861804633, 28.143879810943574, 
0.0, 0.0, 0.0, 0.0, 0.0, 0.0, 0.0, 0.0, 0.0, 0.0, 0.0, 0.0, 0.0, 0.0, 0.0, 0.0, 0.0, 0.0, 0.0, 0.0, 0.0, 0.0, 0.0, 0.0, 0.0, 0.0, 0.0, 0.0, 0.0, 0.0, 0.0, 0.0, 0.0, 0.0, 0.0, 0.0, 0.0, 8.775841673604017, 8.775841673604017, 8.775841673604017, 8.775841673604017, 9.792683347208037, 2.0551060204317046, 2.0551060204317046, 2.0551060204317046, 2.0551060204317046, 2.414401307421432, 37.41140130742143, 37.41140130742143, 37.41140130742143, 50.077601961132146, 48.45340130742143, 68.62340130742143, 68.62340130742143, 68.62340130742143, 84.49540130742143, 84.49540130742143, 75.32834676614192, 75.32834676614192, 75.32834676614192, 76.26134676614191, 76.26134676614191, 94.55234676614191, 94.55234676614191, 94.55234676614191, 88.15211896196378, 88.15211896196378, 79.67139453975237, 79.67139453975237, 79.1046081224212, 59.21983199114863, 59.1062966673612, 35.54751302776241, 35.54751302776241, 35.44118126664139, 34.52526741638493, 34.52526741638493, 0.0, 0.0, 0.0, 0.0, 0.0, 8.824379543553196, 8.347633251667968, 8.347633251667968, 46.118266503335946, 46.118266503335946, 94.22626650333594, 94.22626650333594, 94.22626650333594, 80.01602979980949, 78.93563571157007, 70.74290924525825, 70.39654475860596, 70.39654475860596, 53.85265493708233, 53.71996047503729, 29.26320717875887, 27.505617222547933, 
0.0, 0.0, 0.0, 0.0, 0.0, 0.0, 0.0, 0.0, 0.0, 0.0, 0.0, 0.0, 0.0, 0.0, 0.0, 0.0, 0.0, 0.0, 0.0, 0.0, 0.0, 0.0, 0.0, 0.0, 0.0, 0.0, 0.0, 0.0, 0.0, 0.0, 0.0, 0.0, 0.0, 0.0, 0.0, 0.0, 0.0, 9.829372211016864, 9.186361685898675, 9.186361685898675, 8.825287575096077, 8.987531907299168, 0.0, 0.0, 0.0, 0.0, 0.7706178366437868, 35.70423567328758, 35.70423567328758, 35.70423567328758, 47.516853509931366, 46.746235673287586, 66.91623567328759, 66.91623567328759, 66.91623567328759, 82.78823567328759, 82.78823567328759, 75.92776873627705, 75.92776873627705, 75.92776873627705, 76.86076873627704, 76.46054142102423, 94.75154142102423, 94.75154142102423, 94.75154142102423, 86.68711989385757, 86.68711989385757, 80.29680121932998, 80.29680121932998, 80.29680121932998, 59.325393797113676, 59.325393797113676, 34.53329048086996, 34.53329048086996, 34.53329048086996, 34.53329048086996, 34.53329048086996, 0.0, 0.0, 0.0, 0.0, 0.0, 8.489565698362831, 8.258749207109581, 8.258749207109581, 45.940498414219164, 45.940498414219164, 94.04849841421915, 94.04849841421915, 94.04849841421915, 78.43303325571867, 78.43303325571867, 69.64047069629072, 69.64047069629072, 69.64047069629072, 49.47948369602704, 49.47948369602704, 27.544531696574765, 27.544531696574765, 
0.0, 0.0, 0.0, 0.0, 0.0, 0.0, 0.0, 0.0, 0.0, 0.0, 0.0, 0.0, 0.0, 0.0, 0.0, 0.0, 0.0, 0.0, 0.0, 0.0, 0.0, 0.0, 0.0, 0.0, 0.0, 0.0, 0.0, 0.0, 0.0, 0.0, 0.0, 0.0, 0.0, 0.0, 0.0, 0.0, 0.0, 9.262644549091974, 8.40141205365115, 8.40141205365115, 8.40141205365115, 9.043824107302303, 0.48847365647315044, 0.0, 0.0, 0.0, 0.7205323221241215, 35.60406464424825, 35.60406464424825, 35.60406464424825, 47.36659696637237, 46.646064644248256, 66.81606464424826, 66.81606464424826, 66.81606464424826, 82.68806464424826, 82.68806464424826, 77.12455558426034, 76.07511311308755, 76.07511311308755, 77.00811311308756, 76.77317102656411, 95.06417102656411, 95.06417102656411, 95.06417102656411, 86.65786928490216, 86.65786928490216, 81.2232386495615, 79.64140548999471, 79.64140548999471, 59.50733493757937, 59.50733493757937, 34.298341812885425, 33.680439262548376, 33.680439262548376, 33.680439262548376, 33.680439262548376, 0.0, 0.0, 0.2355421388275296, 0.0, 0.0, 8.688727461985788, 8.688727461985788, 8.688727461985788, 44.47280945220709, 44.47280945220709, 92.58080945220708, 92.58080945220708, 92.58080945220708, 79.48715841449676, 79.24382026540805, 69.3009646442689, 69.3009646442689, 69.3009646442689, 54.067373712325654, 52.95491669093594, 27.993304764989837, 27.993304764989837, 
0.0, 0.0, 0.0, 0.0, 0.0, 0.0, 0.0, 0.0, 0.0, 0.0, 0.0, 0.0, 0.0, 0.0, 0.0, 0.0, 0.0, 0.0, 0.0, 0.0, 0.0, 0.0, 0.0, 0.0, 0.0, 0.0, 0.0, 0.0, 0.0, 0.0, 0.0, 0.0, 0.0, 0.0, 0.0, 0.0, 0.0, 9.154999733309594, 8.744835811454347, 8.744835811454347, 8.744835811454347, 9.391540888036918, 0.4878666888348455, 0.4878666888348455, 0.4878666888348455, 0.4878666888348455, 1.259866688834844, 36.25686668883485, 36.25686668883485, 36.25686668883485, 48.345800033252274, 46.539201848401845, 66.70920184840185, 66.70920184840185, 66.70920184840185, 82.58120184840185, 82.58120184840185, 79.23771712283076, 77.40588364893107, 75.54000717082812, 76.47300717082811, 76.47300717082811, 94.76400717082811, 94.76400717082811, 94.76400717082811, 88.04600639872305, 87.86900437499479, 80.20172940870964, 80.20172940870964, 79.49892839545531, 59.71928808846528, 59.694792073459254, 35.131490345267046, 35.08688408632652, 35.08688408632652, 34.88611999068898, 34.88611999068898, 0.0, 0.0, 0.3048619531555339, 0.0, 0.0, 8.9101503510377, 8.9101503510377, 8.9101503510377, 47.2433007020754, 47.2433007020754, 94.86674187407098, 94.86674187407098, 94.86674187407098, 78.98641136362406, 78.98641136362406, 69.21143240433126, 69.14045727932398, 68.7389081175688, 52.6729642241717, 51.667052662622964, 26.77644196867722, 26.77644196867722, 
