318.5245668852431, 318.5245668852431, 318.5245668852431, 457.018852604975, 598.4062278153019, 656.5778713742437, 620.8485484306027, 551.8402000553851, 551.8402000553851, 551.8402000553851, 471.48437496197516, 469.6927573986193, 469.6927573986193, 469.6927573986193, 468.07707667290117, 354.87986805758123, 354.87986805758123, 293.59245930380155, 293.59245930380155, 293.59245930380155, 293.59245930380155, 293.59245930380155, 293.59245930380155, 276.0467835340321, 396.3224671242303, 474.50117853139227, 384.6647095076917, 384.6647095076917, 384.6647095076917, 384.6647095076917, 645.2487747965465, 542.3067300796558, 603.6431116953902, 603.6431116953902, 677.4179205418775, 677.4179205418775, 677.4179205418775, 677.4179205418775, 677.4179205418775, 677.4179205418775, 677.4179205418775, 677.4179205418775, 677.4179205418775, 662.5367248574915, 662.5367248574915, 662.5367248574915, 662.5367248574915, 662.5367248574915, 662.5367248574915, 662.5367248574915, 662.5367248574915, 662.5367248574915, 662.5367248574915, 662.5367248574915, 662.5367248574915, 662.5367248574915, 662.5367248574915, 662.5367248574915, 615.9298992612966, 615.9298992612966, 615.9298992612966, 615.9298992612966, 615.9298992612966, 615.9298992612966, 615.9298992612966, 615.9298992612966, 615.9298992612966, 615.9298992612966, 615.9298992612966, 615.9298992612966, 673.1789841364584, 577.4468179141447, 583.057131081838, 690.4680869968274, 630.2430507534318, 630.2430507534318, 630.2430507534318, 727.9255059842768, 727.9255059842768, 745.7987528034264, 745.7987528034264, 745.7987528034264, 745.7987528034264, 745.7987528034264, 745.7987528034264, 745.7987528034264, 745.7987528034264, 745.7987528034264, 745.7987528034264, 745.7987528034264, 646.637930924287, 585.1106953102478, 683.2055890184992, 683.2055890184992, 666.6914686024384, 646.2372388448825, 646.2372388448825, 612.5435299863867, 612.5435299863867, 
259.5309815176373, 259.5309815176373, 259.5309815176373, 496.45045132785344, 548.620094079337, 653.3157305643306, 653.3157305643306, 648.253466954087, 648.253466954087, 645.4639689516603, 432.28631732146096, 432.28631732146096, 432.28631732146096, 432.28631732146096, 432.28631732146096, 361.9216923973566, 312.8514097478521, 312.8514097478521, 312.8514097478521, 312.8514097478521, 312.8514097478521, 312.8514097478521, 285.99743708475575, 285.99743708475575, 366.61920052419043, 405.9883017399713, 405.9883017399713, 405.9883017399713, 405.9883017399713, 405.9883017399713, 563.6185949950636, 563.6185949950636, 679.2630263874842, 725.8394318904918, 725.8394318904918, 725.8394318904918, 725.8394318904918, 725.8394318904918, 725.8394318904918, 725.8394318904918, 725.8394318904918, 725.8394318904918, 725.8394318904918, 725.8394318904918, 725.8394318904918, 725.8394318904918, 725.8394318904918, 725.8394318904918, 725.8394318904918, 725.8394318904918, 725.8394318904918, 725.8394318904918, 683.9740959876858, 683.9740959876858, 683.9740959876858, 683.9740959876858, 683.9740959876858, 683.9740959876858, 683.9740959876858, 683.9740959876858, 683.9740959876858, 683.9740959876858, 683.9740959876858, 683.9740959876858, 683.9740959876858, 683.9740959876858, 683.9740959876858, 683.9740959876858, 683.9740959876858, 683.9740959876858, 741.5895542862215, 741.5895542862215, 741.5895542862215, 741.5895542862215, 576.9519572829695, 736.3857367353065, 736.3857367353065, 736.3857367353065, 736.3857367353065, 736.3857367353065, 736.3857367353065, 693.8715930554129, 673.5609122047756, 673.5609122047756, 673.5609122047756, 673.5609122047756, 673.5609122047756, 673.5609122047756, 673.5609122047756, 673.5609122047756, 673.5609122047756, 673.5609122047756, 648.6392353389822, 648.6392353389822, 574.6815260273934, 574.1199910390674, 574.1199910390674, 643.0466050590624, 643.0466050590624, 
270.3951294800421, 270.3951294800421, 270.3951294800421, 572.7872441828774, 528.71369680737, 628.0999509655428, 623.4293618246975, 571.4660329284847, 571.4660329284847, 571.4660329284847, 570.6549736254731, 476.3390641596368, 476.3390641596368, 424.15926051139604, 424.15926051139604, 349.532156494122, 332.12844154419713, 310.339749184512, 310.339749184512, 310.339749184512, 310.339749184512, 310.339749184512, 304.59828853561044, 304.59828853561044, 365.4507472668719, 480.96609925170935, 439.2460830590438, 420.52103978619954, 420.52103978619954, 420.52103978619954, 551.7382977427885, 551.7382977427885, 571.6340063634066, 578.5749655426328, 569.5277022094483, 569.5277022094483, 622.9756664674628, 622.9756664674628, 622.9756664674628, 649.5527689286989, 649.5527689286989, 649.5527689286989, 656.7599847756404, 656.7599847756404, 656.7599847756404, 656.7599847756404, 656.7599847756404, 656.7599847756404, 656.7599847756404, 656.7599847756404, 656.7599847756404, 656.7599847756404, 656.7599847756404, 656.7599847756404, 636.9221934515426, 636.9221934515426, 636.9221934515426, 636.9221934515426, 636.9221934515426, 636.9221934515426, 636.9221934515426, 636.9221934515426, 636.9221934515426, 636.9221934515426, 636.9221934515426, 636.9221934515426, 636.9221934515426, 636.9221934515426, 636.9221934515426, 636.9221934515426, 498.82083527730083, 561.783867013854, 556.6525954360682, 556.6525954360682, 620.5571871208131, 620.5571871208131, 620.5571871208131, 620.5571871208131, 620.5571871208131, 620.5571871208131, 620.5571871208131, 620.5571871208131, 620.5571871208131, 620.5571871208131, 623.3801289472719, 623.3801289472719, 621.7283086229144, 621.7283086229144, 621.7283086229144, 660.5035620602947, 681.4322420842047, 681.4322420842047, 681.4322420842047, 681.4322420842047, 681.4322420842047, 605.2878653569583, 702.2294996263136, 682.9613141984546, 651.4208106553276, 
305.5405787600923, 294.72748700660253, 294.72748700660253, 379.56369215879243, 514.8479455616332, 583.6108192259967, 657.3766737777206, 574.3273793712212, 574.3273793712212, 574.3273793712212, 480.7596446743232, 480.7596446743232, 480.7596446743232, 480.7596446743232, 480.7596446743232, 345.9934777404842, 321.23844022153145, 301.5670009501708, 301.5670009501708, 301.5670009501708, 301.5670009501708, 301.5670009501708, 255.3444607968342, 255.3444607968342, 425.9346926108341, 453.24660275721146, 453.24660275721146, 425.0356140389566, 425.0356140389566, 425.0356140389566, 462.89235164428146, 462.89235164428146, 648.6137293081315, 621.4199575492758, 660.7304007086736, 660.7304007086736, 660.7304007086736, 660.7304007086736, 660.7304007086736, 660.7304007086736, 660.7304007086736, 660.7304007086736, 660.7304007086736, 660.7304007086736, 660.7304007086736, 660.7304007086736, 660.7304007086736, 660.7304007086736, 660.7304007086736, 660.7304007086736, 660.7304007086736, 660.7304007086736, 660.7304007086736, 660.7304007086736, 660.7304007086736, 660.7304007086736, 660.7304007086736, 660.7304007086736, 660.7304007086736, 660.7304007086736, 660.7304007086736, 660.7304007086736, 660.7304007086736, 660.7304007086736, 660.7304007086736, 660.7304007086736, 660.7304007086736, 660.7304007086736, 687.210811372251, 687.210811372251, 633.7723305833474, 641.6572222251946, 641.6572222251946, 641.6572222251946, 641.6572222251946, 641.6572222251946, 660.093721770483, 660.093721770483, 660.093721770483, 660.093721770483, 660.093721770483, 660.093721770483, 660.093721770483, 660.093721770483, 660.093721770483, 660.093721770483, 660.093721770483, 660.093721770483, 660.093721770483, 660.093721770483, 660.093721770483, 660.093721770483, 660.093721770483, 660.093721770483, 660.093721770483, 584.9144518836957, 634.9961507148853, 633.7384378260483, 633.7384378260483, 
258.61702724353734, 258.61702724353734, 258.61702724353734, 480.69181018801544, 483.6404570564506, 695.6985932354482, 540.6121432444895, 540.6121432444895, 540.6121432444895, 540.6121432444895, 427.5728757176072, 427.5728757176072, 427.5728757176072, 427.5728757176072, 427.5728757176072, 297.0986287303131, 297.0986287303131, 295.55883781322314, 295.55883781322314, 295.55883781322314, 295.55883781322314, 295.55883781322314, 295.55883781322314, 295.55883781322314, 398.0999009256727, 547.0190166558571, 418.5493548355203, 418.5493548355203, 418.5493548355203, 418.5493548355203, 415.9114501088919, 415.9114501088919, 720.01858293129, 618.4035314248881, 618.4035314248881, 651.4504925353051, 651.4504925353051, 651.4504925353051, 651.4504925353051, 651.4504925353051, 651.4504925353051, 644.9032522183599, 712.348683267892, 697.0684402934389, 697.0684402934389, 697.0684402934389, 658.6877013580464, 658.6877013580464, 658.6877013580464, 658.6877013580464, 658.6877013580464, 670.4949055937107, 670.4949055937107, 670.4949055937107, 670.4949055937107, 670.4949055937107, 670.4949055937107, 670.4949055937107, 670.4949055937107, 670.4949055937107, 670.4949055937107, 670.4949055937107, 670.4949055937107, 670.4949055937107, 670.4949055937107, 670.4949055937107, 670.4949055937107, 670.4949055937107, 670.4949055937107, 670.4949055937107, 655.9988304594699, 655.9988304594699, 613.9811725554989, 613.9811725554989, 629.4203128028178, 629.4203128028178, 629.4203128028178, 629.4203128028178, 629.4203128028178, 640.5784085443277, 640.5784085443277, 696.6280200324926, 696.6280200324926, 696.6280200324926, 696.6280200324926, 696.6280200324926, 696.6280200324926, 696.6280200324926, 696.6280200324926, 696.6280200324926, 696.6280200324926, 696.6280200324926, 696.6280200324926, 696.6280200324926, 696.6280200324926, 696.6280200324926, 696.6280200324926, 538.1408410716517, 653.1411104579984, 
246.64189970282658, 246.64189970282658, 246.64189970282658, 534.559539298673, 663.4546710799292, 663.8596819372378, 663.8596819372378, 663.8596819372378, 663.8596819372378, 663.8596819372378, 555.4094191736572, 555.4094191736572, 555.4094191736572, 401.4417020575868, 401.4417020575868, 331.33193799210585, 309.35500675383435, 297.8157489194631, 297.8157489194631, 297.8157489194631, 297.8157489194631, 297.8157489194631, 297.8157489194631, 297.8157489194631, 405.4119783780193, 434.2405576779735, 434.2405576779735, 434.2405576779735, 434.2405576779735, 434.2405576779735, 547.5178270417703, 443.95258625607823, 643.5892686212546, 651.0747357028847, 651.0747357028847, 651.0747357028847, 651.0747357028847, 651.0747357028847, 651.0747357028847, 651.0747357028847, 651.0747357028847, 651.0747357028847, 651.0747357028847, 651.0747357028847, 651.0747357028847, 719.9685751395607, 719.9685751395607, 719.9685751395607, 719.9685751395607, 719.9685751395607, 719.9685751395607, 719.9685751395607, 719.9685751395607, 719.9685751395607, 719.9685751395607, 719.9685751395607, 719.9685751395607, 719.9685751395607, 719.9685751395607, 719.9685751395607, 719.9685751395607, 719.9685751395607, 719.9685751395607, 719.9685751395607, 719.9685751395607, 719.9685751395607, 719.9685751395607, 719.9685751395607, 719.9685751395607, 719.9685751395607, 579.3773166039057, 579.3773166039057, 579.3773166039057, 579.3773166039057, 681.0594728765802, 641.0314407105822, 641.0314407105822, 641.0314407105822, 641.0314407105822, 641.0314407105822, 641.0314407105822, 641.0314407105822, 641.0314407105822, 708.9666720267169, 571.1420956375678, 571.1420956375678, 571.1420956375678, 571.1420956375678, 571.1420956375678, 571.1420956375678, 670.7638488387237, 513.3091725474821, 653.6490563195377, 718.254927467226, 718.254927467226, 686.1803476119044, 642.0075185385535, 752.7857417427335, 641.9444414078171, 
293.5995811563712, 293.5995811563712, 293.5995811563712, 324.3443959237247, 535.254701866371, 631.0916789896446, 631.0916789896446, 631.0916789896446, 603.5399492356631, 603.5399492356631, 430.59178020579844, 400.9959097117377, 400.9959097117377, 400.9959097117377, 400.9959097117377, 318.7046644298498, 318.7046644298498, 318.7046644298498, 315.01663714443924, 315.01663714443924, 268.2587606166464, 268.2587606166464, 268.2587606166464, 268.2587606166464, 401.27262140580683, 459.3652512027771, 432.8284573716526, 432.3180572012914, 432.3180572012914, 396.7348288094262, 601.6794315130882, 442.4737861505626, 647.9778836922353, 647.9778836922353, 646.1140089134037, 646.1140089134037, 646.1140089134037, 646.1140089134037, 646.1140089134037, 646.1140089134037, 646.1140089134037, 646.1140089134037, 646.1140089134037, 646.1140089134037, 646.1140089134037, 646.1140089134037, 646.1140089134037, 646.1140089134037, 646.1140089134037, 646.1140089134037, 646.1140089134037, 646.1140089134037, 646.1140089134037, 646.1140089134037, 646.1140089134037, 646.1140089134037, 646.1140089134037, 646.1140089134037, 646.1140089134037, 646.1140089134037, 646.1140089134037, 646.1140089134037, 646.1140089134037, 646.1140089134037, 646.1140089134037, 646.1140089134037, 646.1140089134037, 646.1140089134037, 646.1140089134037, 646.1140089134037, 584.8832608502869, 637.0833493355503, 652.5062847848282, 660.2361689459449, 629.0667241681319, 629.0667241681319, 629.0667241681319, 629.0667241681319, 629.0667241681319, 629.0667241681319, 629.0667241681319, 629.0667241681319, 781.8253301706121, 781.8253301706121, 781.8253301706121, 781.8253301706121, 781.8253301706121, 781.8253301706121, 781.8253301706121, 781.8253301706121, 781.8253301706121, 781.8253301706121, 739.9768777842645, 683.9266956165387, 751.3771598304797, 624.4219472867067, 669.8109277240435, 584.8667277652565, 584.8667277652565, 
270.3680831099107, 270.3680831099107, 270.3680831099107, 439.21370619441393, 498.2641805968586, 530.5369016281985, 530.5369016281985, 530.5369016281985, 530.5369016281985, 530.5369016281985, 502.4415589833097, 502.4415589833097, 403.5840249909398, 403.5840249909398, 403.5840249909398, 317.5309375024797, 317.5309375024797, 311.3821774914414, 311.3821774914414, 311.3821774914414, 299.809760674293, 299.809760674293, 299.809760674293, 299.809760674293, 374.3538501482016, 475.30222598349565, 475.30222598349565, 389.8862823863224, 389.8862823863224, 389.8862823863224, 479.6689113993307, 446.5152698070625, 677.6251269408801, 677.6251269408801, 677.6251269408801, 677.6251269408801, 677.6251269408801, 677.6251269408801, 677.6251269408801, 677.6251269408801, 677.6251269408801, 677.6251269408801, 677.6251269408801, 677.6251269408801, 677.6251269408801, 677.6251269408801, 689.43750459422, 689.43750459422, 689.43750459422, 689.43750459422, 689.43750459422, 689.43750459422, 689.43750459422, 689.43750459422, 689.43750459422, 689.43750459422, 689.43750459422, 689.43750459422, 689.43750459422, 689.43750459422, 689.43750459422, 689.43750459422, 689.43750459422, 689.43750459422, 689.43750459422, 511.36405807914275, 617.4766264219143, 617.4766264219143, 600.4582404795464, 600.4582404795464, 574.3892151961808, 687.577928300585, 710.4826901934982, 710.4826901934982, 710.4826901934982, 643.8188303108923, 643.8188303108923, 703.9347507797595, 703.9347507797595, 703.9347507797595, 703.9347507797595, 703.9347507797595, 703.9347507797595, 703.9347507797595, 703.9347507797595, 703.9347507797595, 703.9347507797595, 703.9347507797595, 703.9347507797595, 703.9347507797595, 703.9347507797595, 703.9347507797595, 703.9347507797595, 703.9347507797595, 703.9347507797595, 684.3925789964387, 684.3925789964387, 590.4797976651253, 706.9602187638618, 
273.89446017882483, 273.89446017882483, 271.50783246547195, 365.968248430333, 483.5646495387203, 648.8397695209858, 648.8397695209858, 632.0331673039276, 632.0331673039276, 632.0331673039276, 423.8334514858377, 423.8334514858377, 423.8334514858377, 423.8334514858377, 423.8334514858377, 315.9266795409905, 315.9266795409905, 303.23250039851473, 303.23250039851473, 303.23250039851473, 303.23250039851473, 303.23250039851473, 287.7574496828458, 287.7574496828458, 394.19822193894385, 394.19822193894385, 394.19822193894385, 394.19822193894385, 394.19822193894385, 394.19822193894385, 486.66343964745863, 486.66343964745863, 733.1661860844453, 733.1661860844453, 733.1661860844453, 733.1661860844453, 733.1661860844453, 733.1661860844453, 733.1661860844453, 733.1661860844453, 660.0987472103922, 660.0987472103922, 660.0987472103922, 660.0987472103922, 660.0987472103922, 660.0987472103922, 660.0987472103922, 660.0987472103922, 660.0987472103922, 660.0987472103922, 660.0987472103922, 660.0987472103922, 698.9578585146423, 698.9578585146423, 698.9578585146423, 698.9578585146423, 698.9578585146423, 698.9578585146423, 698.9578585146423, 698.9578585146423, 698.9578585146423, 698.9578585146423, 698.9578585146423, 698.9578585146423, 698.9578585146423, 697.8556304664155, 697.8556304664155, 697.8556304664155, 553.5909297715591, 553.5909297715591, 700.1490118813149, 700.1490118813149, 615.145931012309, 594.0031320635302, 724.8339702390103, 724.8339702390103, 724.8339702390103, 724.8339702390103, 724.8339702390103, 724.8339702390103, 661.2994240822973, 661.2994240822973, 661.2994240822973, 661.2994240822973, 661.2994240822973, 661.2994240822973, 661.2994240822973, 661.2994240822973, 661.2994240822973, 661.2994240822973, 661.2994240822973, 661.2994240822973, 661.2994240822973, 661.2994240822973, 661.2994240822973, 661.2994240822973, 661.2994240822973, 642.9251864106237, 642.9251864106237, 
288.76579454442026, 288.76579454442026, 288.76579454442026, 449.511684885117, 474.8937954471603, 575.1204235617939, 575.1204235617939, 591.45792527765, 591.45792527765, 557.102495380295, 449.5451023704055, 449.5451023704055, 449.5451023704055, 436.499036895111, 435.16208673101977, 304.82920886863116, 304.82920886863116, 304.82920886863116, 302.9152054917321, 302.9152054917321, 302.9152054917321, 302.9152054917321, 302.9152054917321, 295.5163681498749, 457.4416429430356, 457.4416429430356, 457.4416429430356, 457.4416429430356, 434.62498221661446, 434.62498221661446, 473.22804376691045, 433.61717365195204, 572.4079149263065, 594.9808118867265, 594.9808118867265, 594.9808118867265, 594.9808118867265, 594.9808118867265, 594.9808118867265, 594.9808118867265, 594.9808118867265, 594.9808118867265, 594.9808118867265, 594.9808118867265, 594.9808118867265, 594.9808118867265, 594.9808118867265, 594.9808118867265, 699.253082471671, 699.253082471671, 699.253082471671, 699.253082471671, 699.253082471671, 699.253082471671, 699.253082471671, 699.253082471671, 699.253082471671, 699.253082471671, 699.253082471671, 699.253082471671, 699.253082471671, 699.253082471671, 699.253082471671, 699.253082471671, 699.253082471671, 699.253082471671, 699.253082471671, 699.253082471671, 699.253082471671, 699.253082471671, 596.3395279194409, 596.3395279194409, 642.2684277319488, 642.2684277319488, 642.2684277319488, 641.9741937382813, 700.1842114137489, 757.779498318034, 757.779498318034, 757.779498318034, 757.779498318034, 757.779498318034, 757.779498318034, 757.779498318034, 757.779498318034, 757.779498318034, 757.779498318034, 757.779498318034, 757.779498318034, 757.779498318034, 757.779498318034, 757.779498318034, 757.779498318034, 757.779498318034, 757.779498318034, 757.779498318034, 757.779498318034, 738.7114678879848, 738.7114678879848, 
222.10482624560436, 222.10482624560436, 222.10482624560436, 414.3951759551836, 592.6430254911807, 596.9964162904524, 610.7141705974145, 610.7141705974145, 567.8578277965976, 567.8578277965976, 515.7282033021163, 441.12652331599406, 441.12652331599406, 441.12652331599406, 441.12652331599406, 314.4629650497397, 314.4629650497397, 314.4629650497397, 314.4629650497397, 278.65022253851157, 278.65022253851157, 278.65022253851157, 278.65022253851157, 278.65022253851157, 343.4239597755389, 443.09409592216514, 443.09409592216514, 403.6394414040042, 403.6394414040042, 403.6394414040042, 587.6790791044764, 490.10836544802646, 636.5181854621719, 600.1526335597721, 600.1526335597721, 600.1526335597721, 700.365270264741, 732.647742554964, 732.647742554964, 732.647742554964, 732.647742554964, 732.647742554964, 732.647742554964, 732.647742554964, 732.647742554964, 732.647742554964, 732.647742554964, 732.647742554964, 732.647742554964, 732.647742554964, 732.647742554964, 732.647742554964, 732.647742554964, 640.4855858492268, 640.4855858492268, 640.4855858492268, 640.4855858492268, 640.4855858492268, 640.4855858492268, 640.4855858492268, 640.4855858492268, 640.4855858492268, 640.4855858492268, 640.4855858492268, 640.4855858492268, 640.4855858492268, 640.4855858492268, 640.4855858492268, 640.4855858492268, 640.4855858492268, 622.5929259683332, 622.5929259683332, 595.1308036752348, 595.1308036752348, 595.1308036752348, 595.1308036752348, 595.1308036752348, 672.1517489085409, 672.1517489085409, 672.1517489085409, 672.1517489085409, 672.1517489085409, 672.1517489085409, 672.1517489085409, 672.1517489085409, 672.1517489085409, 672.1517489085409, 672.1517489085409, 672.1517489085409, 672.1517489085409, 672.1517489085409, 672.1517489085409, 672.1517489085409, 672.1517489085409, 672.1517489085409, 672.1517489085409, 672.1517489085409, 646.1484295015291, 675.9752157756773, 
313.531196556313, 313.531196556313, 313.531196556313, 388.31755603942923, 560.4763338264704, 681.9638370271676, 681.9638370271676, 681.9638370271676, 681.9638370271676, 681.9638370271676, 529.5410334242488, 424.49436601656157, 424.49436601656157, 424.49436601656157, 420.7644922537912, 325.63048222345776, 325.63048222345776, 319.0940790410013, 279.1114636608729, 279.1114636608729, 279.1114636608729, 241.95591421186634, 241.95591421186634, 241.95591421186634, 387.43970774023626, 387.43970774023626, 387.43970774023626, 387.43970774023626, 387.43970774023626, 387.43970774023626, 504.4111388803836, 504.4111388803836, 548.2899480936213, 548.2899480936213, 705.4897182749105, 705.4897182749105, 705.4897182749105, 705.4897182749105, 705.4897182749105, 705.4897182749105, 705.4897182749105, 705.4897182749105, 705.4897182749105, 705.4897182749105, 629.8292246744343, 629.8292246744343, 629.8292246744343, 759.5877395570069, 759.5877395570069, 759.5877395570069, 759.5877395570069, 759.5877395570069, 759.5877395570069, 759.5877395570069, 759.5877395570069, 759.5877395570069, 759.5877395570069, 759.5877395570069, 759.5877395570069, 759.5877395570069, 759.5877395570069, 759.5877395570069, 759.5877395570069, 759.5877395570069, 759.5877395570069, 754.3530968720238, 754.3530968720238, 754.3530968720238, 754.3530968720238, 754.3530968720238, 754.3530968720238, 754.3530968720238, 754.3530968720238, 754.3530968720238, 754.3530968720238, 754.3530968720238, 754.3530968720238, 662.7404658310919, 662.7404658310919, 662.7404658310919, 662.7404658310919, 662.7404658310919, 662.7404658310919, 662.7404658310919, 662.7404658310919, 662.7404658310919, 662.7404658310919, 662.7404658310919, 662.7404658310919, 662.7404658310919, 662.7404658310919, 662.7404658310919, 662.7404658310919, 662.7404658310919, 662.7404658310919, 662.7404658310919, 662.7404658310919, 663.3865163370035, 663.3865163370035, 
280.8527401723633, 280.8527401723633, 280.8527401723633, 294.03759593762135, 507.88405937233705, 549.5720718242312, 670.4821600134802, 670.4821600134802, 535.0968146040696, 535.0968146040696, 505.4323716153925, 505.4323716153925, 505.4323716153925, 505.4323716153925, 458.97398650045875, 333.74186325507935, 322.9233189374799, 322.9233189374799, 322.9233189374799, 322.9233189374799, 306.356751956789, 306.356751956789, 306.356751956789, 306.356751956789, 385.14271071792314, 607.1550928126077, 430.41204086677857, 407.7894321682438, 407.7894321682438, 407.7894321682438, 599.3417863502316, 571.1698544243391, 666.2790979791865, 674.9325021448255, 674.9325021448255, 674.9325021448255, 674.9325021448255, 674.9325021448255, 674.9325021448255, 674.9325021448255, 648.1726218413207, 648.1726218413207, 643.5007909583071, 727.4980789318968, 703.8600041295722, 703.8600041295722, 703.8600041295722, 703.8600041295722, 703.8600041295722, 703.8600041295722, 703.8600041295722, 703.8600041295722, 703.8600041295722, 703.8600041295722, 703.8600041295722, 703.8600041295722, 703.8600041295722, 703.8600041295722, 703.8600041295722, 703.8600041295722, 703.8600041295722, 692.2415792688801, 692.2415792688801, 692.2415792688801, 692.2415792688801, 692.2415792688801, 692.2415792688801, 692.2415792688801, 692.2415792688801, 692.2415792688801, 599.2644063490396, 599.2644063490396, 603.1315159638345, 603.1315159638345, 630.3724783300796, 630.3724783300796, 630.3724783300796, 630.3724783300796, 630.3724783300796, 630.3724783300796, 626.6140957123838, 626.6140957123838, 626.6140957123838, 626.6140957123838, 626.6140957123838, 626.6140957123838, 626.6140957123838, 626.6140957123838, 626.6140957123838, 626.6140957123838, 608.8850041749403, 620.379296408542, 703.3662641424235, 703.3662641424235, 703.3662641424235, 703.3662641424235, 703.3662641424235, 593.7713754489957, 593.7713754489957, 
285.20173227773716, 266.078877485561, 266.078877485561, 537.3719434204157, 489.3015154037445, 656.8307183925531, 656.8307183925531, 656.8307183925531, 608.8143559219711, 608.8143559219711, 519.1291077302967, 465.2211737032235, 465.2211737032235, 465.2211737032235, 465.2211737032235, 312.5063530570595, 312.5063530570595, 309.9575280984942, 309.9575280984942, 308.83152922021833, 308.83152922021833, 293.79346872963436, 293.79346872963436, 293.79346872963436, 394.70270563849385, 515.7006028445758, 422.691640761882, 411.42936769998755, 411.42936769998755, 410.4052532452418, 506.97407958354523, 506.97407958354523, 677.4298836831188, 658.0004879337937, 658.0004879337937, 658.0004879337937, 658.0004879337937, 658.0004879337937, 658.0004879337937, 658.0004879337937, 658.0004879337937, 658.0004879337937, 658.0004879337937, 658.0004879337937, 658.0004879337937, 658.0004879337937, 658.0004879337937, 658.0004879337937, 658.0004879337937, 658.0004879337937, 658.0004879337937, 658.0004879337937, 658.0004879337937, 658.0004879337937, 658.0004879337937, 658.0004879337937, 658.0004879337937, 658.0004879337937, 658.0004879337937, 658.0004879337937, 658.0004879337937, 658.0004879337937, 658.0004879337937, 658.0004879337937, 658.0004879337937, 658.0004879337937, 658.0004879337937, 658.0004879337937, 658.0004879337937, 658.0004879337937, 658.0004879337937, 658.0004879337937, 658.0004879337937, 658.0004879337937, 658.0004879337937, 658.0004879337937, 658.0004879337937, 658.0004879337937, 658.0004879337937, 658.0004879337937, 658.0004879337937, 658.0004879337937, 658.0004879337937, 658.0004879337937, 658.0004879337937, 658.0004879337937, 658.0004879337937, 658.0004879337937, 658.0004879337937, 658.0004879337937, 508.6882467915329, 652.5137777543284, 689.1144560339751, 585.2158986041411, 585.2158986041411, 585.2158986041411, 585.2158986041411, 616.8540756703707, 648.8988047624691, 
293.70569383095204, 293.70569383095204, 293.70569383095204, 515.5510662453512, 496.7130266802272, 643.0336606650892, 578.6108068003213, 578.6108068003213, 578.6108068003213, 578.6108068003213, 425.2603371559945, 425.2603371559945, 422.73076571392045, 422.73076571392045, 422.73076571392045, 326.0595935384137, 306.3229916779179, 293.21668801521, 293.21668801521, 293.21668801521, 293.21668801521, 293.21668801521, 293.21668801521, 293.21668801521, 313.9231432315711, 500.6323645059512, 446.53297587490806, 446.53297587490806, 399.25487909062707, 399.25487909062707, 484.39256568851556, 422.13995870691883, 627.043883713817, 627.043883713817, 603.9402226274221, 603.9402226274221, 603.9402226274221, 603.9402226274221, 603.9402226274221, 603.9402226274221, 603.9402226274221, 603.9402226274221, 701.3045169057825, 701.3045169057825, 701.3045169057825, 701.3045169057825, 701.3045169057825, 701.3045169057825, 701.3045169057825, 701.3045169057825, 701.3045169057825, 651.5140665838005, 651.5140665838005, 613.3536550830597, 613.3536550830597, 613.3536550830597, 613.3536550830597, 613.3536550830597, 613.3536550830597, 613.3536550830597, 613.3536550830597, 613.3536550830597, 613.3536550830597, 613.3536550830597, 613.3536550830597, 613.3536550830597, 613.3536550830597, 613.3536550830597, 610.8836277897428, 610.8836277897428, 668.3934845329817, 668.3934845329817, 614.2770455576368, 614.2770455576368, 614.2770455576368, 614.2770455576368, 630.6801288177601, 630.6801288177601, 630.6801288177601, 630.6801288177601, 630.6801288177601, 668.4747178311684, 668.4747178311684, 668.4747178311684, 668.4747178311684, 668.4747178311684, 668.4747178311684, 668.4747178311684, 668.4747178311684, 668.4747178311684, 668.4747178311684, 719.4529879993713, 595.4964461029592, 612.3840074615512, 612.3840074615512, 656.4963074628843, 591.3702060274179, 691.6543088159092, 671.6470701209234, 
272.58434570715224, 272.58434570715224, 272.58434570715224, 510.61907439369816, 575.8162261786061, 607.0332851457866, 681.1870869036288, 601.6102625530975, 601.6102625530975, 601.6102625530975, 573.3595088983783, 475.0311491980701, 475.0311491980701, 434.9270181805568, 434.9270181805568, 328.8739421475352, 328.8739421475352, 318.16186688605103, 294.1630620946475, 293.83417733009554, 293.83417733009554, 293.83417733009554, 293.83417733009554, 293.83417733009554, 450.4130921248719, 395.1656239590469, 395.1656239590469, 395.1656239590469, 354.4542960790744, 354.4542960790744, 619.8746972474876, 605.7123362398892, 621.8864897433765, 600.8298779265149, 670.2209901187922, 670.2209901187922, 670.2209901187922, 670.2209901187922, 670.2209901187922, 670.2209901187922, 670.2209901187922, 670.2209901187922, 698.1053074546927, 670.4799030751449, 670.4799030751449, 670.4799030751449, 670.4799030751449, 613.3138174850028, 613.3138174850028, 613.3138174850028, 613.3138174850028, 613.3138174850028, 613.3138174850028, 613.3138174850028, 613.3138174850028, 613.3138174850028, 613.3138174850028, 613.3138174850028, 613.3138174850028, 613.3138174850028, 613.3138174850028, 613.3138174850028, 613.3138174850028, 613.3138174850028, 613.3138174850028, 613.3138174850028, 613.3138174850028, 613.3138174850028, 613.3138174850028, 613.3138174850028, 660.4201555373149, 591.1282947921638, 591.1282947921638, 591.1282947921638, 591.1282947921638, 591.1282947921638, 769.6882029880662, 769.6882029880662, 769.6882029880662, 769.6882029880662, 769.6882029880662, 769.6882029880662, 769.6882029880662, 769.6882029880662, 769.6882029880662, 769.6882029880662, 769.6882029880662, 769.6882029880662, 769.6882029880662, 769.6882029880662, 710.0513495736474, 710.0513495736474, 710.0513495736474, 710.0513495736474, 710.0513495736474, 614.7647896532269, 683.0693232586752, 526.6147353499805, 607.4093962472507, 
299.9592338463388, 299.9592338463388, 299.9592338463388, 452.43310447094643, 497.31927947725245, 643.194565093591, 636.0417039066019, 541.3363204424279, 541.3363204424279, 541.3363204424279, 410.11454441630315, 410.11454441630315, 410.11454441630315, 410.11454441630315, 410.11454441630315, 346.3155784560615, 346.3155784560615, 246.57199277677793, 246.57199277677793, 246.57199277677793, 246.57199277677793, 246.57199277677793, 246.57199277677793, 246.57199277677793, 594.0615033140732, 413.96342819293955, 413.96342819293955, 413.96342819293955, 413.96342819293955, 413.96342819293955, 604.9571417002269, 453.00884367083154, 609.5086875096341, 609.5086875096341, 584.4989578976374, 584.4989578976374, 584.4989578976374, 584.4989578976374, 584.4989578976374, 584.4989578976374, 584.4989578976374, 584.4989578976374, 584.4989578976374, 584.4989578976374, 584.4989578976374, 584.4989578976374, 584.4989578976374, 584.4989578976374, 584.4989578976374, 675.9576388249243, 675.9576388249243, 675.9576388249243, 675.9576388249243, 675.9576388249243, 675.9576388249243, 675.9576388249243, 675.9576388249243, 675.9576388249243, 675.9576388249243, 675.9576388249243, 675.9576388249243, 675.9576388249243, 675.9576388249243, 675.9576388249243, 675.9576388249243, 655.234482513147, 655.234482513147, 609.4204608953685, 609.4204608953685, 609.4204608953685, 556.2611008765543, 556.2611008765543, 637.836794634819, 636.9161737357468, 636.9161737357468, 662.9394382056242, 648.8451743574125, 648.8451743574125, 648.8451743574125, 648.8451743574125, 648.8451743574125, 648.8451743574125, 648.8451743574125, 648.8451743574125, 648.8451743574125, 648.8451743574125, 648.8451743574125, 648.8451743574125, 648.8451743574125, 648.8451743574125, 743.1227876884075, 743.1227876884075, 567.309643723085, 674.6765426379282, 674.6765426379282, 669.3692274536154, 620.0853718677577, 541.0147910875463, 612.6308813802319, 
286.4184440070564, 286.4184440070564, 286.4184440070564, 562.0090723270578, 626.6918570192101, 604.6586689661547, 604.6586689661547, 604.6586689661547, 604.6586689661547, 604.6586689661547, 504.5313409097622, 437.32023274489114, 437.32023274489114, 437.32023274489114, 407.6692370631456, 303.848430883334, 258.9903401671421, 258.9903401671421, 258.9903401671421, 258.9903401671421, 258.9903401671421, 258.9903401671421, 258.9903401671421, 258.9903401671421, 378.3891224233478, 408.5925111517674, 388.32053181857765, 374.7403054776093, 374.7403054776093, 374.7403054776093, 572.8840481949267, 572.8840481949267, 698.977179807084, 698.977179807084, 675.5207815662707, 675.5207815662707, 675.5207815662707, 675.5207815662707, 675.5207815662707, 675.5207815662707, 633.9976896427522, 633.9976896427522, 633.9976896427522, 633.9976896427522, 633.9976896427522, 633.9976896427522, 633.9976896427522, 633.9976896427522, 633.9976896427522, 633.9976896427522, 633.9976896427522, 633.9976896427522, 633.9976896427522, 633.9976896427522, 633.9976896427522, 633.9976896427522, 633.9976896427522, 633.9976896427522, 633.9976896427522, 633.9976896427522, 633.9976896427522, 633.9976896427522, 633.9976896427522, 633.9976896427522, 633.9976896427522, 633.9976896427522, 633.9976896427522, 633.9976896427522, 633.9976896427522, 633.9976896427522, 617.9132248935316, 657.105035110854, 657.105035110854, 601.4813823511981, 601.4813823511981, 630.7307229994557, 630.7307229994557, 630.7307229994557, 630.7307229994557, 588.1044303604992, 584.535064655247, 584.535064655247, 687.4884348645083, 687.4884348645083, 687.4884348645083, 687.4884348645083, 687.4884348645083, 687.4884348645083, 687.4884348645083, 687.4884348645083, 619.6955208439972, 664.433480301476, 664.433480301476, 664.433480301476, 664.433480301476, 664.433480301476, 766.0916840878372, 643.8191981631223, 623.0716914640338, 
314.2124960701152, 314.2124960701152, 311.07585526897475, 363.15228055542644, 620.8977852232836, 622.3258525898605, 636.3755005762118, 636.3755005762118, 653.2410428569273, 653.2410428569273, 500.83317112482143, 500.83317112482143, 434.69669785962435, 434.69669785962435, 434.69669785962435, 327.27942182382264, 298.9296710939077, 298.9296710939077, 298.9296710939077, 298.9296710939077, 286.7098109653308, 286.7098109653308, 286.7098109653308, 286.7098109653308, 396.3499102482739, 419.4508075054337, 419.4508075054337, 419.4508075054337, 419.4508075054337, 419.4508075054337, 564.4879244191723, 469.46206223795923, 682.1012843794404, 607.1647368287039, 575.0759679326766, 575.0759679326766, 575.0759679326766, 575.0759679326766, 575.0759679326766, 575.0759679326766, 575.0759679326766, 575.0759679326766, 575.0759679326766, 575.0759679326766, 575.0759679326766, 575.0759679326766, 575.0759679326766, 575.0759679326766, 575.0759679326766, 575.0759679326766, 656.6904834844595, 656.6904834844595, 656.6904834844595, 656.6904834844595, 656.6904834844595, 656.6904834844595, 646.0943557025673, 646.0943557025673, 646.0943557025673, 646.0505163905309, 646.0505163905309, 646.0505163905309, 646.0505163905309, 646.0505163905309, 646.0505163905309, 646.0505163905309, 646.0505163905309, 646.0505163905309, 704.0937596605818, 704.0937596605818, 695.9994753581686, 707.4922365471454, 518.2628734548125, 698.7492564619924, 670.2126258673142, 670.2126258673142, 670.2126258673142, 670.2126258673142, 670.2126258673142, 670.2126258673142, 670.2126258673142, 670.2126258673142, 670.2126258673142, 670.2126258673142, 670.2126258673142, 670.2126258673142, 670.2126258673142, 670.2126258673142, 670.2126258673142, 670.2126258673142, 661.9242490508685, 661.9242490508685, 661.9242490508685, 661.9242490508685, 661.9242490508685, 632.0350343431899, 632.0350343431899, 605.1832751906475, 631.3115719871453, 
288.77919908577456, 288.77919908577456, 288.77919908577456, 523.854012501959, 553.3880928751482, 654.4952436802278, 654.4952436802278, 654.4952436802278, 654.4952436802278, 654.4952436802278, 493.6737430681362, 493.6737430681362, 493.6737430681362, 486.34740138364884, 486.34740138364884, 319.97889693916295, 309.79754538072706, 309.79754538072706, 309.79754538072706, 298.71676741293373, 298.71676741293373, 285.32348767838005, 285.32348767838005, 285.32348767838005, 384.9376260558797, 429.5239009781511, 422.16547926191015, 422.16547926191015, 422.16547926191015, 422.16547926191015, 498.97374726755993, 482.9555396397404, 562.3651800474236, 562.3651800474236, 699.8302136612913, 699.8302136612913, 699.8302136612913, 699.8302136612913, 699.8302136612913, 699.8302136612913, 699.8302136612913, 699.8302136612913, 699.8302136612913, 699.8302136612913, 699.8302136612913, 699.8302136612913, 699.8302136612913, 699.8302136612913, 699.8302136612913, 721.7764846520467, 721.7764846520467, 721.7764846520467, 721.7764846520467, 721.7764846520467, 721.7764846520467, 721.7764846520467, 721.7764846520467, 721.7764846520467, 721.7764846520467, 721.7764846520467, 721.7764846520467, 721.7764846520467, 721.7764846520467, 721.7764846520467, 721.7764846520467, 721.7764846520467, 721.7764846520467, 721.7764846520467, 721.7764846520467, 721.7764846520467, 588.2958285652915, 715.9566630623847, 582.6339686599481, 582.6339686599481, 582.6339686599481, 642.2219761458196, 647.7114510059455, 647.7114510059455, 647.7114510059455, 647.7114510059455, 647.7114510059455, 647.7114510059455, 714.2494336327126, 714.2494336327126, 714.2494336327126, 714.2494336327126, 714.2494336327126, 714.2494336327126, 714.2494336327126, 714.2494336327126, 714.2494336327126, 714.2494336327126, 714.2494336327126, 636.0051758412473, 636.0051758412473, 646.8030900308696, 653.8585715077886, 647.7144701608343, 614.0161177694472, 
313.937818742295, 313.937818742295, 296.43153958081746, 584.819476807378, 583.3360660365342, 605.9506868357303, 668.3668440709026, 668.3668440709026, 608.0840579670141, 519.6810841454037, 435.4709056249799, 435.4709056249799, 435.4709056249799, 435.4709056249799, 435.4709056249799, 316.6586623862301, 316.6586623862301, 309.623256757731, 276.17237781064273, 276.17237781064273, 276.17237781064273, 276.17237781064273, 276.17237781064273, 276.17237781064273, 396.1558039201522, 502.742712133497, 396.73885251008915, 396.73885251008915, 396.73885251008915, 396.73885251008915, 462.0569846349932, 446.67490174169063, 708.3832652063164, 708.3832652063164, 708.3832652063164, 708.3832652063164, 708.3832652063164, 708.3832652063164, 708.3832652063164, 708.3832652063164, 708.3832652063164, 708.3832652063164, 708.3832652063164, 708.3832652063164, 708.3832652063164, 708.3832652063164, 708.3832652063164, 708.3832652063164, 658.9190071455353, 658.9190071455353, 658.9190071455353, 658.9190071455353, 658.9190071455353, 658.9190071455353, 658.9190071455353, 658.9190071455353, 658.9190071455353, 658.9190071455353, 658.9190071455353, 658.9190071455353, 658.9190071455353, 658.9190071455353, 658.9190071455353, 658.9190071455353, 658.9190071455353, 658.9190071455353, 658.9190071455353, 658.9190071455353, 658.9190071455353, 658.9190071455353, 658.9190071455353, 658.9190071455353, 662.5085037613584, 662.5085037613584, 648.8183168213623, 648.8183168213623, 648.8183168213623, 660.0674422105669, 646.1138229332587, 722.186057406022, 722.186057406022, 722.186057406022, 615.5734566458603, 615.5734566458603, 615.5734566458603, 615.5734566458603, 615.5734566458603, 615.5734566458603, 615.5734566458603, 615.5734566458603, 615.5734566458603, 615.5734566458603, 633.7471636665206, 677.6502860586297, 644.2569605669446, 588.3037200974546, 631.3572689988639, 643.2718223533055, 645.5515911521338, 
294.2321892534112, 294.2321892534112, 294.2321892534112, 415.6189509321463, 693.3616733681788, 593.3937955763752, 593.3937955763752, 593.3937955763752, 593.3937955763752, 593.3937955763752, 537.7398803364531, 443.8075799502573, 443.8075799502573, 443.8075799502573, 443.8075799502573, 333.57301172628996, 315.948954233935, 315.948954233935, 315.948954233935, 296.23854388672197, 295.6275429622457, 295.6275429622457, 295.6275429622457, 295.6275429622457, 404.19826874622527, 404.19826874622527, 404.19826874622527, 404.19826874622527, 404.19826874622527, 404.19826874622527, 592.9838553873403, 459.32740089012105, 581.4472041666236, 741.9332036018475, 741.9332036018475, 741.9332036018475, 741.9332036018475, 741.9332036018475, 741.9332036018475, 741.9332036018475, 741.9332036018475, 741.9332036018475, 741.9332036018475, 741.9332036018475, 741.9332036018475, 741.9332036018475, 741.9332036018475, 741.9332036018475, 741.9332036018475, 741.9332036018475, 741.9332036018475, 611.1289120352619, 611.1289120352619, 611.1289120352619, 611.1289120352619, 611.1289120352619, 611.1289120352619, 611.1289120352619, 611.1289120352619, 611.1289120352619, 611.1289120352619, 611.1289120352619, 611.1289120352619, 611.1289120352619, 611.1289120352619, 611.1289120352619, 611.1289120352619, 611.1289120352619, 611.1289120352619, 611.1289120352619, 680.391011623863, 611.9424528135644, 514.9455343985479, 605.0240587728989, 637.789025018453, 654.9633358875237, 654.9633358875237, 665.0513443417321, 665.0513443417321, 665.0513443417321, 665.0513443417321, 665.0513443417321, 665.0513443417321, 665.0513443417321, 676.3813895430906, 676.3813895430906, 713.9635664443266, 713.9635664443266, 713.9635664443266, 713.9635664443266, 662.4092453883678, 662.4092453883678, 615.9663772310412, 615.9663772310412, 615.9663772310412, 615.9663772310412, 615.9663772310412, 717.8505811544303, 717.8505811544303, 
285.4208394417029, 285.4208394417029, 285.4208394417029, 471.39831908822765, 612.3844467984111, 619.2801907252518, 598.2629611013683, 598.2629611013683, 598.2629611013683, 598.2629611013683, 477.87902099286754, 477.87902099286754, 477.87902099286754, 477.87902099286754, 443.5123686535745, 340.0680886207734, 272.73944415138976, 272.73944415138976, 272.73944415138976, 272.73944415138976, 272.73944415138976, 272.73944415138976, 272.73944415138976, 272.73944415138976, 399.21016202705067, 459.5597633021216, 459.5597633021216, 459.5597633021216, 411.223036946924, 411.223036946924, 403.16902274257086, 403.16902274257086, 448.8595136243876, 617.5127187822277, 668.5098937083378, 668.5098937083378, 668.5098937083378, 668.5098937083378, 668.5098937083378, 668.5098937083378, 668.5098937083378, 668.5098937083378, 668.5098937083378, 668.5098937083378, 668.5098937083378, 668.5098937083378, 668.5098937083378, 668.5098937083378, 668.5098937083378, 668.5098937083378, 668.5098937083378, 668.5098937083378, 668.5098937083378, 668.5098937083378, 668.5098937083378, 668.5098937083378, 668.5098937083378, 668.5098937083378, 668.5098937083378, 668.5098937083378, 668.5098937083378, 668.5098937083378, 668.5098937083378, 668.5098937083378, 668.5098937083378, 597.2074970599997, 597.2074970599997, 597.2074970599997, 692.8065210061209, 692.8065210061209, 692.8065210061209, 692.8065210061209, 692.8065210061209, 692.8065210061209, 692.8065210061209, 692.8065210061209, 692.8065210061209, 692.8065210061209, 692.8065210061209, 692.8065210061209, 692.8065210061209, 692.8065210061209, 692.8065210061209, 692.8065210061209, 692.8065210061209, 692.8065210061209, 692.8065210061209, 692.8065210061209, 692.8065210061209, 692.8065210061209, 570.5648818543154, 570.5648818543154, 570.5648818543154, 570.5648818543154, 604.7463829110586, 723.1248204825608, 723.1248204825608, 567.5453328570851, 567.5453328570851, 
283.43911038652635, 283.43911038652635, 283.43911038652635, 388.834338795064, 639.3359218288656, 613.3328579952863, 613.3328579952863, 613.3328579952863, 613.3328579952863, 613.3328579952863, 428.01222157576075, 428.01222157576075, 428.01222157576075, 428.01222157576075, 428.01222157576075, 330.20386216423105, 290.2286315558392, 290.2286315558392, 285.838883998603, 285.838883998603, 285.838883998603, 285.838883998603, 285.838883998603, 285.838883998603, 362.32769278504804, 362.32769278504804, 362.32769278504804, 362.32769278504804, 362.32769278504804, 362.32769278504804, 511.08738794143005, 511.08738794143005, 571.8523832532026, 717.7868551652703, 717.7868551652703, 717.7868551652703, 717.7868551652703, 717.7868551652703, 717.7868551652703, 717.7868551652703, 717.7868551652703, 717.7868551652703, 667.2830696547041, 667.2830696547041, 667.8154280388295, 667.8154280388295, 667.8154280388295, 667.8154280388295, 667.8154280388295, 667.8154280388295, 667.8154280388295, 667.8154280388295, 667.8154280388295, 667.8154280388295, 667.8154280388295, 667.8154280388295, 667.8154280388295, 667.8154280388295, 667.8154280388295, 667.8154280388295, 667.8154280388295, 667.8154280388295, 667.8154280388295, 667.8154280388295, 667.8154280388295, 667.8154280388295, 667.8154280388295, 667.8154280388295, 667.8154280388295, 667.8154280388295, 667.2847026489155, 736.108694067133, 736.108694067133, 736.108694067133, 736.108694067133, 736.108694067133, 736.108694067133, 736.108694067133, 736.108694067133, 736.108694067133, 736.108694067133, 736.108694067133, 736.108694067133, 736.108694067133, 736.108694067133, 736.108694067133, 736.108694067133, 736.108694067133, 736.108694067133, 736.108694067133, 593.0455468316718, 728.6844398920538, 728.6844398920538, 728.6844398920538, 728.6844398920538, 728.6844398920538, 728.6844398920538, 580.9981082255732, 580.9981082255732, 
301.55774076819074, 301.55774076819074, 301.55774076819074, 426.81136171945104, 530.877453781025, 600.087332400457, 570.1039831559274, 570.1039831559274, 570.1039831559274, 570.1039831559274, 464.33043801865256, 404.35004321603833, 404.35004321603833, 404.35004321603833, 404.35004321603833, 320.8925159451761, 320.8925159451761, 301.3235740352058, 301.3235740352058, 301.3235740352058, 301.3235740352058, 301.3235740352058, 301.2630780817907, 301.2630780817907, 348.8249332451322, 397.5666477760054, 397.5666477760054, 397.5666477760054, 397.5666477760054, 397.5666477760054, 448.28208280308934, 448.28208280308934, 691.7218332057852, 656.2314634067627, 574.6622894516113, 574.6622894516113, 574.6622894516113, 574.6622894516113, 574.6622894516113, 574.6622894516113, 590.3530855515568, 590.3530855515568, 590.3530855515568, 590.3530855515568, 620.6695596147155, 620.6695596147155, 620.6695596147155, 620.6695596147155, 620.6695596147155, 620.6695596147155, 620.6695596147155, 620.6695596147155, 620.6695596147155, 620.6695596147155, 620.6695596147155, 620.6695596147155, 620.6695596147155, 620.6695596147155, 620.6695596147155, 620.6695596147155, 620.6695596147155, 620.6695596147155, 620.6695596147155, 620.6695596147155, 620.6695596147155, 620.6695596147155, 620.6695596147155, 635.2264895793528, 635.2264895793528, 635.2264895793528, 639.6351766913546, 591.3050737969095, 603.8947125247648, 634.0514616122393, 634.0514616122393, 634.0514616122393, 632.0137796931249, 632.0137796931249, 632.0137796931249, 729.1212696628588, 729.1212696628588, 729.1212696628588, 729.1212696628588, 729.1212696628588, 729.1212696628588, 729.1212696628588, 729.1212696628588, 729.1212696628588, 729.1212696628588, 729.1212696628588, 625.7265305652113, 625.7265305652113, 631.3536446662312, 643.8259202988567, 643.8259202988567, 643.8259202988567, 650.3484161509557, 616.9247606641912, 577.3351272665768, 
326.07882776198034, 320.60079747281515, 310.51376850297146, 384.039775670466, 381.30428186554394, 605.7655934776394, 605.7655934776394, 605.7655934776394, 605.7655934776394, 581.8672868103351, 434.40246950779505, 426.19277172979685, 382.01839966815015, 382.01839966815015, 382.01839966815015, 341.4855054417598, 341.4855054417598, 331.7564069453982, 331.7564069453982, 305.3350598723743, 284.9547070540175, 284.9547070540175, 284.9547070540175, 284.9547070540175, 356.1380564585651, 436.4162731008353, 381.1248206775703, 381.1248206775703, 381.1248206775703, 381.1248206775703, 436.5091210581872, 436.5091210581872, 710.3092071362955, 710.3092071362955, 710.3092071362955, 732.1041931109735, 732.1041931109735, 732.1041931109735, 732.1041931109735, 635.5990947048701, 635.5990947048701, 633.7838006091065, 687.7925959520308, 694.2513897444846, 694.2513897444846, 694.2513897444846, 690.3360912615415, 690.3360912615415, 690.3360912615415, 690.3360912615415, 690.3360912615415, 690.3360912615415, 690.3360912615415, 690.3360912615415, 690.3360912615415, 690.3360912615415, 690.3360912615415, 690.3360912615415, 690.3360912615415, 690.3360912615415, 690.3360912615415, 690.3360912615415, 690.3360912615415, 690.3360912615415, 690.3360912615415, 690.3360912615415, 690.3360912615415, 690.3360912615415, 690.3360912615415, 690.3360912615415, 662.5131103815681, 662.5131103815681, 591.481925985567, 649.3151566649062, 649.3151566649062, 649.3151566649062, 649.3151566649062, 649.3151566649062, 679.2547086009642, 683.781281765641, 683.781281765641, 683.781281765641, 683.781281765641, 683.781281765641, 726.653163540293, 726.653163540293, 726.653163540293, 726.653163540293, 726.653163540293, 709.6944355903224, 709.6944355903224, 709.6944355903224, 566.7875599600814, 634.556560995693, 686.8185278057615, 683.1631031199939, 683.1631031199939, 599.4638745904156, 643.5517793595759, 
315.7563640997212, 298.4414471709928, 298.4414471709928, 384.23582117475513, 552.935066197845, 586.0709588000661, 629.6411463745857, 623.5746718888918, 595.1880637623378, 562.7329289692791, 525.8720318080173, 473.01051853753484, 473.01051853753484, 437.2645805086916, 437.2645805086916, 327.75828264733843, 286.7950963838935, 286.7950963838935, 286.7950963838935, 286.7950963838935, 286.7950963838935, 286.7950963838935, 286.7950963838935, 286.7950963838935, 407.36577761191063, 428.46439499421774, 428.46439499421774, 428.46439499421774, 428.46439499421774, 394.1199936708048, 439.21738273998403, 439.21738273998403, 683.5175332991895, 661.7958200042514, 661.7958200042514, 661.7958200042514, 661.7958200042514, 661.7958200042514, 661.7958200042514, 661.7958200042514, 661.7958200042514, 661.7958200042514, 677.8036550165658, 677.8036550165658, 677.8036550165658, 677.8036550165658, 677.8036550165658, 677.8036550165658, 677.8036550165658, 677.8036550165658, 677.8036550165658, 677.8036550165658, 677.8036550165658, 677.8036550165658, 677.8036550165658, 677.8036550165658, 677.8036550165658, 677.8036550165658, 677.8036550165658, 677.8036550165658, 677.8036550165658, 677.8036550165658, 677.8036550165658, 677.8036550165658, 677.8036550165658, 677.8036550165658, 677.8036550165658, 677.8036550165658, 677.8036550165658, 677.8036550165658, 664.2936980330962, 689.1794591787458, 665.6552373156104, 665.6552373156104, 582.6037056838234, 582.6037056838234, 582.6037056838234, 700.7532100395955, 700.7532100395955, 700.7532100395955, 700.7532100395955, 700.7532100395955, 733.7922367153303, 733.7922367153303, 623.5115420051825, 623.5115420051825, 623.5115420051825, 623.5115420051825, 623.5115420051825, 636.7376766341146, 596.9919564435938, 614.2079836245713, 575.2939011068679, 604.9384494257918, 673.0993767030313, 629.4301920883488, 597.6463825704066, 617.9532724144133, 617.9532724144133, 
216.98476639014774, 216.98476639014774, 216.98476639014774, 471.4250700649534, 605.4455870162305, 627.3519941497, 627.3519941497, 627.3519941497, 557.2345861249638, 557.2345861249638, 436.883251273347, 436.883251273347, 436.883251273347, 436.883251273347, 436.883251273347, 331.54733897891686, 274.98192602989167, 274.98192602989167, 274.98192602989167, 274.98192602989167, 274.98192602989167, 274.98192602989167, 274.98192602989167, 274.98192602989167, 352.892426793591, 352.892426793591, 352.892426793591, 352.892426793591, 352.892426793591, 352.892426793591, 601.8254572777289, 523.8612729327461, 677.3786423364352, 652.9142094290564, 604.9315937622086, 604.9315937622086, 604.9315937622086, 604.9315937622086, 604.9315937622086, 604.9315937622086, 604.9315937622086, 604.9315937622086, 604.9315937622086, 604.9315937622086, 604.9315937622086, 604.9315937622086, 604.9315937622086, 604.9315937622086, 604.9315937622086, 604.9315937622086, 604.9315937622086, 604.9315937622086, 604.9315937622086, 604.9315937622086, 604.9315937622086, 604.9315937622086, 604.9315937622086, 604.9315937622086, 604.9315937622086, 604.9315937622086, 604.9315937622086, 604.9315937622086, 604.9315937622086, 604.9315937622086, 604.9315937622086, 604.9315937622086, 604.9315937622086, 604.7547152884922, 604.7547152884922, 604.7547152884922, 667.4214875249852, 634.0918557113104, 674.6366271942852, 674.6366271942852, 674.6366271942852, 674.6366271942852, 674.6366271942852, 674.6366271942852, 674.6366271942852, 674.6366271942852, 674.6366271942852, 674.6366271942852, 674.6366271942852, 674.6366271942852, 674.6366271942852, 674.6366271942852, 674.6366271942852, 674.6366271942852, 674.6366271942852, 674.6366271942852, 612.414709536329, 612.414709536329, 610.1169676621811, 610.1169676621811, 610.1169676621811, 627.748352963438, 627.748352963438, 656.9412918902411, 656.9412918902411, 
283.6599772776085, 283.6599772776085, 283.6599772776085, 532.3363188154156, 473.66679062285107, 622.1193745486839, 622.1193745486839, 622.1193745486839, 622.1193745486839, 620.8563157896363, 431.27423448743167, 431.27423448743167, 431.27423448743167, 431.27423448743167, 431.27423448743167, 330.00247653935406, 330.00247653935406, 316.07044654184057, 316.07044654184057, 311.7349291395594, 273.71930134207184, 273.71930134207184, 273.71930134207184, 273.71930134207184, 373.1870405438365, 373.1870405438365, 373.1870405438365, 373.1870405438365, 373.1870405438365, 373.1870405438365, 575.8811511631206, 432.5966756562699, 600.6001139937368, 662.0996650233169, 662.0996650233169, 662.0996650233169, 676.9535621826278, 676.9535621826278, 676.9535621826278, 676.9535621826278, 676.9535621826278, 676.9535621826278, 604.9292032736975, 699.5552971485572, 624.9999595249737, 660.1263416526278, 660.1263416526278, 660.1263416526278, 660.1263416526278, 660.1263416526278, 660.1263416526278, 660.1263416526278, 660.1263416526278, 660.1263416526278, 714.1121926448777, 714.1121926448777, 714.1121926448777, 714.1121926448777, 714.1121926448777, 714.1121926448777, 714.1121926448777, 714.1121926448777, 714.1121926448777, 714.1121926448777, 714.1121926448777, 594.3827247958977, 594.3827247958977, 594.3827247958977, 594.3827247958977, 612.8345888015406, 679.7273885671049, 679.7273885671049, 636.9490318904141, 636.9490318904141, 636.9490318904141, 573.6365817697974, 695.3682033454966, 695.3682033454966, 720.493945264338, 720.493945264338, 720.493945264338, 720.493945264338, 720.493945264338, 720.493945264338, 720.493945264338, 720.493945264338, 720.493945264338, 720.493945264338, 720.493945264338, 720.493945264338, 565.5015036574129, 565.5015036574129, 683.8019760871804, 484.3196031112672, 533.150735066405, 697.7072736588511, 658.6224460015529, 579.5117791657822, 685.0115508454315, 
277.7082649160059, 277.7082649160059, 277.7082649160059, 428.5187781347945, 552.0784243791957, 644.0600430570123, 644.0600430570123, 618.2755255460564, 618.2755255460564, 618.2755255460564, 408.1143236684725, 408.1143236684725, 408.1143236684725, 408.1143236684725, 408.1143236684725, 326.7618330688389, 300.49133927706146, 300.49133927706146, 300.49133927706146, 300.49133927706146, 300.49133927706146, 300.49133927706146, 300.49133927706146, 288.20616218785847, 403.89356378944245, 522.5320009921987, 433.04664555430395, 433.04664555430395, 433.04664555430395, 433.04664555430395, 491.11758423870583, 491.11758423870583, 721.8676324985687, 721.8676324985687, 721.8676324985687, 721.8676324985687, 721.8676324985687, 721.8676324985687, 721.8676324985687, 721.8676324985687, 778.6206004757421, 778.6206004757421, 778.6206004757421, 778.6206004757421, 778.6206004757421, 714.8331950838091, 714.8331950838091, 714.8331950838091, 714.8331950838091, 714.8331950838091, 714.8331950838091, 714.8331950838091, 714.8331950838091, 714.8331950838091, 714.8331950838091, 714.8331950838091, 714.8331950838091, 714.8331950838091, 714.8331950838091, 714.8331950838091, 714.8331950838091, 714.8331950838091, 714.8331950838091, 714.8331950838091, 714.8331950838091, 714.8331950838091, 714.8331950838091, 714.8331950838091, 714.8331950838091, 714.8331950838091, 714.8331950838091, 714.8331950838091, 691.8354961318156, 691.8354961318156, 691.8354961318156, 691.8354961318156, 691.8354961318156, 691.8354961318156, 691.8354961318156, 742.1520823893613, 742.1520823893613, 742.1520823893613, 742.1520823893613, 742.1520823893613, 742.1520823893613, 742.1520823893613, 742.1520823893613, 742.1520823893613, 742.1520823893613, 742.1520823893613, 742.1520823893613, 742.1520823893613, 742.1520823893613, 742.1520823893613, 742.1520823893613, 742.1520823893613, 742.1520823893613, 660.6858679247487, 660.6858679247487, 
